month,town,flat_type,block,street_name,storey_range,floor_area_sqm,flat_model,lease_commence_date,remaining_lease,resale_price,year_only
2025-04,JURONG EAST,3 ROOM,210,JURONG EAST ST 21,07 TO 09,82.0,New Generation,1983,57 years 03 months,490000.0,2025
2025-08,KALLANG/WHAMPOA,3 ROOM,82,WHAMPOA DR,07 TO 09,66.0,Improved,1974,47 years 11 months,405000.0,2025
2025-11,WOODLANDS,4 ROOM,694C,WOODLANDS DR 62,01 TO 03,92.0,Model A,2018,91 years 11 months,635000.0,2025
2025-05,PUNGGOL,5 ROOM,126D,EDGEDALE PLAINS,10 TO 12,110.0,Improved,2003,76 years 11 months,675000.0,2025
2026-02,TAMPINES,5 ROOM,522B,TAMPINES CTRL 7,10 TO 12,113.0,Improved,2015,88 years 07 months,999000.0,2026
2025-03,PASIR RIS,5 ROOM,739,PASIR RIS DR 10,04 TO 06,124.0,Improved,1996,70 years 06 months,708000.0,2025
2025-05,BUKIT BATOK,4 ROOM,190,BT BATOK WEST AVE 6,04 TO 06,100.0,Model A,1997,71 years 02 months,640000.0,2025
2025-07,JURONG WEST,4 ROOM,673A,JURONG WEST ST 65,07 TO 09,86.0,Model A2,2002,76 years 03 months,505000.0,2025
2026-04,YISHUN,3 ROOM,729,YISHUN ST 71,04 TO 06,64.0,Simplified,1987,60 years 02 months,402000.0,2026
2025-07,YISHUN,4 ROOM,765,YISHUN ST 72,04 TO 06,84.0,Simplified,1985,59 years 04 months,490000.0,2025
2025-06,BUKIT MERAH,4 ROOM,114,BT PURMEI RD,01 TO 03,106.0,Model A,1985,58 years 10 months,635000.0,2025
2025-04,PUNGGOL,3 ROOM,670C,EDGEFIELD PLAINS,04 TO 06,68.0,Premium Apartment,2016,90 years 03 months,515000.0,2025
2025-01,SEMBAWANG,3 ROOM,132C,CANBERRA VIEW,10 TO 12,68.0,Model A,2020,94 years 10 months,586000.0,2025
2025-02,HOUGANG,5 ROOM,985B,BUANGKOK CRES,01 TO 03,110.0,Improved,2004,78 years 02 months,590000.0,2025
2025-09,BUKIT BATOK,4 ROOM,464B,BT BATOK WEST AVE 8,16 TO 18,93.0,Model A,2021,94 years 10 months,720000.0,2025
2025-01,PASIR RIS,4 ROOM,526A,PASIR RIS ST 51,04 TO 06,93.0,Model A,2015,89 years 08 months,705000.0,2025
2025-07,BEDOK,4 ROOM,133,BEDOK NTH AVE 3,04 TO 06,92.0,New Generation,1978,51 years 09 months,525000.0,2025
2025-10,BUKIT BATOK,4 ROOM,108,BT BATOK WEST AVE 6,01 TO 03,104.0,Model A,1985,58 years 08 months,555000.0,2025
2026-04,BUKIT PANJANG,4 ROOM,458,SEGAR RD,07 TO 09,93.0,Premium Apartment,2012,85 years 08 months,620000.0,2026
2025-02,SENGKANG,5 ROOM,472A,FERNVALE ST,22 TO 24,113.0,Improved,2016,90 years 09 months,840000.0,2025
2025-07,CLEMENTI,4 ROOM,445A,CLEMENTI AVE 3,16 TO 18,93.0,Model A,2021,94 years 11 months,1200088.0,2025
2025-10,BEDOK,4 ROOM,807C,CHAI CHEE RD,10 TO 12,93.0,Model A,2016,90 years 01 month,818000.0,2025
2025-06,BUKIT BATOK,4 ROOM,439B,BT BATOK WEST AVE 8,10 TO 12,93.0,Model A,2020,93 years 09 months,701888.0,2025
2025-06,TAMPINES,4 ROOM,885,TAMPINES ST 83,07 TO 09,103.0,Model A,1987,61 years 05 months,660000.0,2025
2025-01,PUNGGOL,4 ROOM,619A,PUNGGOL DR,16 TO 18,93.0,Premium Apartment,2013,87 years 10 months,688000.0,2025
2025-12,BUKIT PANJANG,4 ROOM,174,LOMPANG RD,13 TO 15,101.0,Model A,1997,70 years 08 months,730000.0,2025
2025-11,SENGKANG,5 ROOM,415C,FERNVALE LINK,19 TO 21,112.0,Improved,2016,89 years 02 months,900000.0,2025
2025-07,JURONG WEST,4 ROOM,744,JURONG WEST ST 73,01 TO 03,112.0,Model A,1993,67 years 06 months,520000.0,2025
2026-06,TAMPINES,5 ROOM,450C,TAMPINES ST 42,10 TO 12,123.0,Improved,1996,69 years 04 months,840000.0,2026
2025-09,SENGKANG,4 ROOM,267B,COMPASSVALE LINK,10 TO 12,90.0,Premium Apartment,2006,79 years 06 months,660000.0,2025
2025-08,PUNGGOL,3 ROOM,232C,SUMANG LANE,01 TO 03,68.0,Model A,2018,92 years 03 months,510000.0,2025
2026-04,HOUGANG,5 ROOM,984B,BUANGKOK LINK,10 TO 12,110.0,Improved,2004,76 years 11 months,695000.0,2026
2026-05,PUNGGOL,4 ROOM,217B,SUMANG WALK,01 TO 03,92.0,Model A,2017,90 years 03 months,608888.0,2026
2025-06,CHOA CHU KANG,5 ROOM,686B,CHOA CHU KANG CRES,16 TO 18,110.0,Improved,2002,76 years 05 months,595000.0,2025
2025-09,PUNGGOL,3 ROOM,211A,PUNGGOL WALK,04 TO 06,67.0,Model A,2014,87 years 08 months,540000.0,2025
2026-02,YISHUN,4 ROOM,638,YISHUN ST 61,10 TO 12,104.0,Model A,1987,60 years 01 month,530000.0,2026
2025-07,SENGKANG,5 ROOM,291D,COMPASSVALE ST,01 TO 03,113.0,Improved,2001,75 years 03 months,630000.0,2025
2026-05,BUKIT BATOK,4 ROOM,436A,BT BATOK WEST AVE 5,07 TO 09,93.0,Model A,2020,92 years 10 months,668000.0,2026
2026-06,BUKIT TIMAH,5 ROOM,9,TOH YI DR,10 TO 12,127.0,Improved,1989,61 years 11 months,1280000.0,2026
2025-01,PASIR RIS,4 ROOM,451,PASIR RIS DR 6,10 TO 12,114.0,Model A,1989,63 years 09 months,680000.0,2025
2026-03,HOUGANG,4 ROOM,630,HOUGANG AVE 8,10 TO 12,84.0,Simplified,1986,59 years 10 months,510000.0,2026
2026-04,YISHUN,4 ROOM,246,YISHUN AVE 9,04 TO 06,84.0,Simplified,1985,58 years 01 month,465888.0,2026
2026-02,TAMPINES,4 ROOM,520A,TAMPINES CTRL 8,10 TO 12,84.0,DBSS,2014,87 years 05 months,862888.0,2026
2025-05,PASIR RIS,4 ROOM,467,PASIR RIS DR 6,07 TO 09,105.0,Model A,1989,63 years 01 month,629000.0,2025
2025-03,GEYLANG,3 ROOM,58,CIRCUIT RD,07 TO 09,56.0,Standard,1969,42 years 11 months,325000.0,2025
2025-03,BEDOK,3 ROOM,522,BEDOK NTH AVE 1,01 TO 03,67.0,New Generation,1979,53 years 07 months,420000.0,2025
2025-08,SENGKANG,5 ROOM,164A,RIVERVALE CRES,13 TO 15,113.0,Improved,2017,90 years 09 months,750000.0,2025
2026-05,HOUGANG,4 ROOM,658,HOUGANG AVE 8,01 TO 03,103.0,Model A,1987,60 years,570000.0,2026
2026-05,HOUGANG,3 ROOM,986B,BUANGKOK CRES,13 TO 15,67.0,Model A,2012,85 years,520000.0,2026
2026-03,WOODLANDS,4 ROOM,745,WOODLANDS CIRCLE,07 TO 09,102.0,Model A,1998,70 years 11 months,538888.0,2026
2025-05,WOODLANDS,3 ROOM,570A,WOODLANDS AVE 1,07 TO 09,67.0,Model A,2013,87 years 07 months,480000.0,2025
2025-05,YISHUN,4 ROOM,408,YISHUN AVE 6,01 TO 03,104.0,Model A,1988,62 years 02 months,555000.0,2025
2025-06,PUNGGOL,4 ROOM,269A,PUNGGOL FIELD,07 TO 09,95.0,Premium Apartment,2013,86 years 07 months,815000.0,2025
2025-02,KALLANG/WHAMPOA,4 ROOM,101,JLN RAJAH,01 TO 03,94.0,New Generation,1980,55 years,500000.0,2025
2025-12,PUNGGOL,5 ROOM,662D,EDGEDALE PLAINS,07 TO 09,112.0,Premium Apartment,2017,90 years 06 months,800000.0,2025
2025-07,KALLANG/WHAMPOA,4 ROOM,113B,MCNAIR RD,34 TO 36,93.0,Premium Apartment,2017,91 years 06 months,1200888.0,2025
2025-01,SENGKANG,5 ROOM,314B,ANCHORVALE LINK,10 TO 12,110.0,Premium Apartment,2003,77 years 10 months,665000.0,2025
2025-06,BUKIT BATOK,4 ROOM,463B,BT BATOK ST 41,04 TO 06,93.0,Model A,2021,95 years 01 month,661000.0,2025
2025-12,JURONG WEST,3 ROOM,511,JURONG WEST ST 52,07 TO 09,74.0,Model A,1984,57 years 04 months,450000.0,2025
2026-05,BUKIT BATOK,4 ROOM,292A,BT BATOK EAST AVE 6,01 TO 03,93.0,Model A,2019,91 years 09 months,617000.0,2026
2025-08,YISHUN,3 ROOM,137,YISHUN RING RD,01 TO 03,68.0,New Generation,1985,58 years 05 months,415500.0,2025
2025-05,CHOA CHU KANG,5 ROOM,686B,CHOA CHU KANG CRES,10 TO 12,110.0,Improved,2002,76 years 06 months,570000.0,2025
2026-06,CHOA CHU KANG,4 ROOM,152,JLN TECK WHYE,10 TO 12,103.0,Model A,1998,70 years 07 months,578000.0,2026
2025-12,JURONG WEST,3 ROOM,939,JURONG WEST ST 91,01 TO 03,73.0,Model A,1989,62 years 03 months,400000.0,2025
2025-04,JURONG WEST,3 ROOM,456,JURONG WEST ST 41,01 TO 03,67.0,New Generation,1985,59 years,390000.0,2025
2025-01,JURONG EAST,3 ROOM,306,JURONG EAST ST 32,07 TO 09,70.0,New Generation,1983,57 years 09 months,350000.0,2025
2026-06,WOODLANDS,4 ROOM,371,WOODLANDS AVE 1,04 TO 06,105.0,Model A,1996,69 years 06 months,606666.0,2026
2026-05,BUKIT PANJANG,5 ROOM,604,SENJA RD,19 TO 21,121.0,Improved,1999,72 years 01 month,950000.0,2026
2025-07,BUKIT BATOK,4 ROOM,331,BT BATOK ST 33,04 TO 06,84.0,Simplified,1986,60 years 05 months,495000.0,2025
2026-06,QUEENSTOWN,4 ROOM,94,DAWSON RD,10 TO 12,83.0,Premium Apartment,2021,94 years 06 months,1050000.0,2026
2025-08,HOUGANG,4 ROOM,158,HOUGANG ST 11,04 TO 06,101.0,Model A,1997,71 years 04 months,739000.0,2025
2026-04,CLEMENTI,3 ROOM,334,CLEMENTI AVE 2,10 TO 12,67.0,New Generation,1978,51 years 04 months,370000.0,2026
2025-09,WOODLANDS,3 ROOM,18,MARSILING LANE,04 TO 06,60.0,Improved,1987,60 years 08 months,345000.0,2025
2025-09,BUKIT PANJANG,5 ROOM,178,LOMPANG RD,22 TO 24,110.0,Improved,2001,75 years 04 months,870000.0,2025
2025-05,CHOA CHU KANG,4 ROOM,816A,KEAT HONG LINK,10 TO 12,92.0,Model A,2017,91 years 05 months,633000.0,2025
2025-07,BEDOK,3 ROOM,431A,BEDOK NTH RD,10 TO 12,69.0,Model A,2021,94 years 11 months,710888.0,2025
2026-03,BUKIT BATOK,3 ROOM,233,BT BATOK EAST AVE 5,01 TO 03,67.0,New Generation,1985,58 years 03 months,400000.0,2026
2026-03,YISHUN,3 ROOM,215,YISHUN ST 21,01 TO 03,67.0,New Generation,1985,57 years 11 months,445000.0,2026
2026-02,JURONG WEST,5 ROOM,272B,JURONG WEST ST 24,13 TO 15,112.0,Premium Apartment,2003,76 years 08 months,565000.0,2026
2025-06,SEMBAWANG,5 ROOM,120A,CANBERRA CRES,13 TO 15,113.0,Improved,2018,91 years 09 months,828999.0,2025
2025-05,CHOA CHU KANG,4 ROOM,114,TECK WHYE LANE,04 TO 06,103.0,Model A,1989,63 years 05 months,515000.0,2025
2026-05,YISHUN,3 ROOM,172,YISHUN AVE 7,04 TO 06,64.0,Simplified,1988,61 years 02 months,402000.0,2026
2025-04,PASIR RIS,5 ROOM,105,PASIR RIS ST 12,07 TO 09,128.0,Improved,1989,62 years 11 months,790000.0,2025
2025-06,BISHAN,5 ROOM,140,BISHAN ST 12,01 TO 03,128.0,Improved,1988,62 years 02 months,935000.0,2025
2025-05,BUKIT BATOK,4 ROOM,291E,BT BATOK ST 24,04 TO 06,100.0,Model A,1998,71 years 10 months,585000.0,2025
2025-03,SERANGOON,4 ROOM,239,SERANGOON AVE 2,07 TO 09,84.0,Simplified,1985,59 years 04 months,625000.0,2025
2025-01,TAMPINES,4 ROOM,601C,TAMPINES AVE 9,04 TO 06,92.0,Model A,2020,94 years 02 months,724888.0,2025
2025-01,SENGKANG,4 ROOM,273D,COMPASSVALE LINK,10 TO 12,90.0,Premium Apartment,2009,83 years 08 months,726000.0,2025
2025-12,BEDOK,4 ROOM,611,BEDOK RESERVOIR RD,07 TO 09,97.0,New Generation,1993,66 years 06 months,608000.0,2025
2026-01,PUNGGOL,4 ROOM,323B,SUMANG WALK,04 TO 06,93.0,Premium Apartment,2020,93 years 01 month,680000.0,2026
2025-01,BUKIT TIMAH,4 ROOM,16,TOH YI DR,07 TO 09,104.0,Model A,1988,62 years 11 months,920000.0,2025
2026-05,WOODLANDS,4 ROOM,715,WOODLANDS DR 70,07 TO 09,100.0,Model A,1997,69 years 11 months,595000.0,2026
2025-09,PUNGGOL,5 ROOM,325A,SUMANG WALK,10 TO 12,116.0,Premium Apartment,2020,93 years 04 months,940000.0,2025
2026-05,HOUGANG,4 ROOM,701,HOUGANG AVE 2,04 TO 06,93.0,New Generation,1985,58 years 05 months,606888.0,2026
2026-03,JURONG EAST,4 ROOM,282,TOH GUAN RD,10 TO 12,90.0,Model A2,1998,71 years 09 months,580000.0,2026
2025-06,JURONG EAST,3 ROOM,313,JURONG EAST ST 32,07 TO 09,74.0,Model A,1984,57 years 11 months,428000.0,2025
2025-01,BUKIT PANJANG,4 ROOM,249,BANGKIT RD,01 TO 03,103.0,Model A,1989,63 years 01 month,500000.0,2025
2025-11,BEDOK,3 ROOM,504,BEDOK NTH ST 3,04 TO 06,59.0,Improved,1978,51 years 05 months,350000.0,2025
2026-01,JURONG WEST,3 ROOM,150A,CORPORATION DR,10 TO 12,68.0,Model A,2019,92 years 05 months,510000.0,2026
2026-06,CLEMENTI,3 ROOM,326,CLEMENTI AVE 5,13 TO 15,82.0,New Generation,1978,51 years 03 months,495000.0,2026
2026-01,JURONG WEST,5 ROOM,938,JURONG WEST ST 91,10 TO 12,121.0,Improved,1989,62 years 05 months,590000.0,2026
2025-01,PUNGGOL,4 ROOM,120B,EDGEDALE PLAINS,13 TO 15,93.0,Model A,2017,91 years 05 months,653888.0,2025
2026-03,CENTRAL AREA,3 ROOM,5,TG PAGAR PLAZA,16 TO 18,59.0,Improved,1977,49 years 11 months,580000.0,2026
2025-02,CLEMENTI,3 ROOM,706,CLEMENTI WEST ST 2,04 TO 06,68.0,New Generation,1980,54 years 06 months,380000.0,2025
2025-09,SENGKANG,4 ROOM,211D,COMPASSVALE LANE,16 TO 18,95.0,Model A,2013,86 years 06 months,680888.0,2025
2026-03,BUKIT BATOK,3 ROOM,530,BT BATOK ST 51,01 TO 03,64.0,Simplified,1987,60 years 04 months,390000.0,2026
2026-05,HOUGANG,3 ROOM,986B,BUANGKOK CRES,10 TO 12,67.0,Model A,2012,85 years 01 month,518000.0,2026
2025-02,JURONG WEST,5 ROOM,949,JURONG WEST ST 91,04 TO 06,123.0,Improved,1988,62 years 09 months,610000.0,2025
2025-10,JURONG EAST,4 ROOM,316,JURONG EAST ST 32,04 TO 06,104.0,Model A,1984,57 years 11 months,530000.0,2025
2026-04,ANG MO KIO,4 ROOM,646,ANG MO KIO AVE 6,07 TO 09,103.0,New Generation,1980,53 years 07 months,654000.0,2026
2025-04,KALLANG/WHAMPOA,3 ROOM,32,JLN BAHAGIA,01 TO 03,56.0,Standard,1971,44 years 10 months,300000.0,2025
2025-12,BUKIT BATOK,4 ROOM,217,BT BATOK ST 21,10 TO 12,93.0,New Generation,1984,58 years 01 month,490000.0,2025
2026-01,SENGKANG,4 ROOM,178A,RIVERVALE CRES,07 TO 09,93.0,Model A,2015,88 years 03 months,625000.0,2026
2025-06,YISHUN,4 ROOM,453,YISHUN ST 41,10 TO 12,93.0,Model A,2013,87 years 02 months,621000.0,2025
2026-03,PUNGGOL,4 ROOM,161B,PUNGGOL CTRL,07 TO 09,95.0,Premium Apartment,2004,77 years 03 months,615000.0,2026
2025-06,CHOA CHU KANG,3 ROOM,809B,CHOA CHU KANG AVE 1,13 TO 15,67.0,Model A,2017,90 years 11 months,515000.0,2025
2025-07,JURONG WEST,4 ROOM,412,JURONG WEST ST 42,10 TO 12,105.0,Model A,1985,59 years,510000.0,2025
2025-02,GEYLANG,4 ROOM,82A,CIRCUIT RD,13 TO 15,93.0,Model A,2020,94 years 04 months,1080000.0,2025
2026-06,SENGKANG,5 ROOM,471A,FERNVALE ST,10 TO 12,113.0,Improved,2016,89 years 04 months,780000.0,2026
2025-04,TAMPINES,5 ROOM,612A,TAMPINES NTH DR 1,07 TO 09,113.0,Improved,2020,94 years 07 months,900000.0,2025
2025-12,BEDOK,3 ROOM,521,BEDOK NTH AVE 1,01 TO 03,67.0,New Generation,1979,52 years 08 months,375000.0,2025
2026-01,ANG MO KIO,4 ROOM,591A,ANG MO KIO ST 51,19 TO 21,93.0,Model A,2019,92 years 02 months,1088000.0,2026
2025-02,PUNGGOL,5 ROOM,265A,PUNGGOL WAY,04 TO 06,112.0,Improved,2015,89 years 05 months,808000.0,2025
2025-09,ANG MO KIO,3 ROOM,308A,ANG MO KIO AVE 1,13 TO 15,70.0,Model A,2012,86 years,625000.0,2025
2025-05,CLEMENTI,3 ROOM,354,CLEMENTI AVE 2,01 TO 03,67.0,New Generation,1979,53 years 05 months,420000.0,2025
2025-09,BEDOK,4 ROOM,747C,BEDOK RESERVOIR CRES,07 TO 09,87.0,DBSS,2014,88 years,915888.0,2025
2026-05,TAMPINES,3 ROOM,519C,TAMPINES CTRL 8,01 TO 03,62.0,DBSS,2014,87 years 02 months,650000.0,2026
2026-04,YISHUN,4 ROOM,766,YISHUN AVE 3,04 TO 06,104.0,Model A,1985,58 years 05 months,565000.0,2026
2025-06,HOUGANG,3 ROOM,23,HOUGANG AVE 3,01 TO 03,73.0,New Generation,1978,52 years,410000.0,2025
2025-07,WOODLANDS,5 ROOM,718,WOODLANDS AVE 6,13 TO 15,120.0,Improved,1997,71 years,730000.0,2025
2026-05,HOUGANG,3 ROOM,674,HOUGANG AVE 8,04 TO 06,64.0,Simplified,1987,59 years 08 months,455000.0,2026
2025-05,CLEMENTI,4 ROOM,708,CLEMENTI WEST ST 2,01 TO 03,92.0,New Generation,1980,54 years 03 months,513000.0,2025
2025-08,YISHUN,3 ROOM,363,YISHUN RING RD,07 TO 09,74.0,Model A,1988,62 years 05 months,450000.0,2025
2025-09,WOODLANDS,3 ROOM,161,WOODLANDS ST 13,10 TO 12,73.0,Model A,1990,63 years 08 months,463000.0,2025
2026-01,SENGKANG,4 ROOM,129,RIVERVALE ST,10 TO 12,100.0,Model A,1999,72 years 06 months,585000.0,2026
2025-09,BISHAN,4 ROOM,182,BISHAN ST 13,04 TO 06,83.0,Simplified,1987,60 years 11 months,710000.0,2025
2026-06,CHOA CHU KANG,5 ROOM,812B,CHOA CHU KANG AVE 7,07 TO 09,113.0,Improved,2017,90 years 06 months,678000.0,2026
2025-11,CHOA CHU KANG,4 ROOM,484D,CHOA CHU KANG AVE 5,13 TO 15,100.0,Model A,1999,72 years 06 months,558000.0,2025
2025-06,BEDOK,3 ROOM,117,BEDOK NTH RD,04 TO 06,88.0,New Generation,1978,51 years 11 months,480000.0,2025
2025-10,GEYLANG,4 ROOM,33,BALAM RD,10 TO 12,105.0,Model A,1996,69 years 09 months,880000.0,2025
2026-01,YISHUN,3 ROOM,672C,YISHUN AVE 4,10 TO 12,68.0,Model A,2018,91 years 01 month,530000.0,2026
2026-04,CLEMENTI,4 ROOM,705,CLEMENTI WEST ST 2,10 TO 12,92.0,New Generation,1980,53 years 05 months,532000.0,2026
2025-12,BEDOK,3 ROOM,124,BEDOK NTH RD,04 TO 06,67.0,New Generation,1978,51 years 05 months,408000.0,2025
2026-01,KALLANG/WHAMPOA,3 ROOM,50,DORSET RD,07 TO 09,68.0,New Generation,1979,52 years 06 months,500000.0,2026
2025-09,BUKIT MERAH,4 ROOM,118C,JLN MEMBINA,16 TO 18,85.0,Model A,2003,76 years 05 months,910000.0,2025
2026-06,BUKIT BATOK,4 ROOM,468A,BT BATOK WEST AVE 9,07 TO 09,93.0,Model A,2021,94 years 02 months,650000.0,2026
2025-09,BUKIT BATOK,4 ROOM,438A,BT BATOK WEST AVE 8,07 TO 09,93.0,Model A,2020,93 years 05 months,690000.0,2025
2026-03,TAMPINES,5 ROOM,229,TAMPINES ST 23,10 TO 12,121.0,Improved,1985,58 years 03 months,767000.0,2026
2025-06,KALLANG/WHAMPOA,4 ROOM,9,GLOUCESTER RD,04 TO 06,92.0,New Generation,1976,50 years 06 months,645000.0,2025
2026-06,WOODLANDS,3 ROOM,182A,WOODLANDS ST 13,19 TO 21,68.0,Model A,2019,92 years 05 months,560000.0,2026
2025-07,ANG MO KIO,5 ROOM,260B,ANG MO KIO ST 21,07 TO 09,113.0,Improved,2018,91 years 11 months,1190000.0,2025
2025-02,CHOA CHU KANG,4 ROOM,692B,CHOA CHU KANG CRES,22 TO 24,90.0,Model A,2003,77 years 01 month,540000.0,2025
2026-03,BUKIT BATOK,4 ROOM,296C,BT BATOK ST 22,10 TO 12,92.0,Premium Apartment,2018,91 years 01 month,790000.0,2026
2025-09,TAMPINES,3 ROOM,438,TAMPINES ST 43,10 TO 12,74.0,Model A,1985,59 years 04 months,500000.0,2025
2025-08,SENGKANG,4 ROOM,112,RIVERVALE WALK,10 TO 12,100.0,Model A,1998,72 years 03 months,602888.0,2025
2025-01,SENGKANG,4 ROOM,458B,SENGKANG WEST RD,04 TO 06,93.0,Model A,2020,94 years 09 months,673000.0,2025
2026-05,BISHAN,4 ROOM,249,BISHAN ST 22,04 TO 06,105.0,Model A,1992,65 years 03 months,790000.0,2026
2025-12,CLEMENTI,3 ROOM,330,CLEMENTI AVE 2,07 TO 09,67.0,New Generation,1978,51 years 08 months,480000.0,2025
2026-01,BEDOK,4 ROOM,147,BEDOK RESERVOIR RD,07 TO 09,84.0,Simplified,1987,60 years 02 months,538000.0,2026
2025-10,SEMBAWANG,4 ROOM,486,ADMIRALTY LINK,07 TO 09,90.0,Model A,2004,77 years 06 months,510888.0,2025
2026-05,BUKIT PANJANG,4 ROOM,115,PENDING RD,10 TO 12,103.0,Model A,1988,60 years 10 months,600000.0,2026
2025-04,TAMPINES,4 ROOM,614A,TAMPINES NTH DR 1,10 TO 12,93.0,Model A,2021,94 years 10 months,750000.0,2025
2026-05,PUNGGOL,5 ROOM,308C,PUNGGOL WALK,07 TO 09,112.0,Premium Apartment,2016,88 years 11 months,825000.0,2026
2025-12,SENGKANG,5 ROOM,193,RIVERVALE DR,04 TO 06,111.0,Improved,2001,74 years 05 months,665000.0,2025
2025-12,GEYLANG,3 ROOM,48,CIRCUIT RD,01 TO 03,59.0,Standard,1969,42 years 02 months,328000.0,2025
2025-07,SENGKANG,5 ROOM,434B,FERNVALE RD,19 TO 21,113.0,Premium Apartment,2013,86 years 11 months,820000.0,2025
2025-07,PASIR RIS,5 ROOM,636,PASIR RIS DR 1,10 TO 12,122.0,Improved,1995,68 years 10 months,765000.0,2025
2025-02,SEMBAWANG,5 ROOM,509A,WELLINGTON CIRCLE,01 TO 03,110.0,Improved,2004,78 years 08 months,580000.0,2025
2026-05,TAMPINES,4 ROOM,519A,TAMPINES CTRL 8,10 TO 12,83.0,DBSS,2014,87 years 01 month,875000.0,2026
2026-01,CHOA CHU KANG,4 ROOM,118,TECK WHYE LANE,07 TO 09,106.0,Model A,1989,62 years 02 months,515000.0,2026
2025-11,BUKIT MERAH,3 ROOM,8,JLN BT HO SWEE,07 TO 09,56.0,Standard,1971,44 years 09 months,280000.0,2025
2026-03,KALLANG/WHAMPOA,3 ROOM,34,WHAMPOA WEST,10 TO 12,68.0,Improved,1972,44 years 11 months,460000.0,2026
2026-03,JURONG EAST,3 ROOM,210,JURONG EAST ST 21,01 TO 03,82.0,New Generation,1983,56 years 04 months,465000.0,2026
2025-06,WOODLANDS,4 ROOM,822,WOODLANDS ST 82,04 TO 06,111.0,Model A,1996,69 years 09 months,590000.0,2025
2025-03,YISHUN,4 ROOM,302,YISHUN CTRL,04 TO 06,104.0,Model A,1988,62 years,630000.0,2025
2025-01,TAMPINES,5 ROOM,608C,TAMPINES NTH DR 1,07 TO 09,113.0,Improved,2020,94 years 11 months,922000.0,2025
2025-10,GEYLANG,5 ROOM,5,PINE CL,01 TO 03,114.0,Improved,2000,73 years 09 months,870000.0,2025
2025-09,TOA PAYOH,4 ROOM,79D,TOA PAYOH CTRL,37 TO 39,90.0,Model A,2009,82 years 08 months,1060000.0,2025
2026-02,CHOA CHU KANG,5 ROOM,503,CHOA CHU KANG ST 51,10 TO 12,123.0,Improved,1995,68 years 01 month,603000.0,2026
2025-08,PASIR RIS,4 ROOM,104,PASIR RIS ST 12,01 TO 03,104.0,Model A,1989,62 years 08 months,620000.0,2025
2025-09,JURONG WEST,3 ROOM,518,JURONG WEST ST 52,07 TO 09,79.0,Model A,1984,58 years 02 months,500000.0,2025
2025-07,TAMPINES,3 ROOM,206,TAMPINES ST 21,04 TO 06,75.0,Model A,1982,56 years 02 months,485888.0,2025
2026-02,ANG MO KIO,4 ROOM,475,ANG MO KIO AVE 10,04 TO 06,91.0,New Generation,1979,52 years 06 months,520000.0,2026
2025-02,JURONG WEST,5 ROOM,677A,JURONG WEST ST 64,16 TO 18,110.0,Premium Apartment,2008,82 years 06 months,608000.0,2025
2026-01,PUNGGOL,4 ROOM,662A,EDGEDALE PLAINS,13 TO 15,92.0,Premium Apartment,2017,90 years 05 months,685000.0,2026
2025-07,CHOA CHU KANG,5 ROOM,417,CHOA CHU KANG AVE 4,04 TO 06,124.0,Improved,1993,66 years 11 months,638888.0,2025
2026-02,SENGKANG,4 ROOM,128,RIVERVALE ST,07 TO 09,100.0,Model A,1999,72 years 05 months,560000.0,2026
2025-08,WOODLANDS,5 ROOM,690C,WOODLANDS DR 75,10 TO 12,110.0,Premium Apartment,2004,77 years 06 months,610000.0,2025
2025-04,CLEMENTI,4 ROOM,428,CLEMENTI AVE 3,07 TO 09,91.0,New Generation,1978,52 years 02 months,642000.0,2025
2026-04,WOODLANDS,4 ROOM,617,WOODLANDS AVE 4,04 TO 06,91.0,Model A2,1998,71 years,550000.0,2026
2026-05,HOUGANG,5 ROOM,377A,HOUGANG ST 32,13 TO 15,114.0,Improved,2021,94 years 03 months,1055000.0,2026
2025-05,JURONG WEST,4 ROOM,486,JURONG WEST AVE 1,10 TO 12,91.0,New Generation,1985,58 years 10 months,508000.0,2025
2026-03,TOA PAYOH,4 ROOM,102B,BIDADARI PK DR,04 TO 06,93.0,Model A,2021,94 years 03 months,1051888.0,2026
2025-02,KALLANG/WHAMPOA,3 ROOM,117A,JLN TENTERAM,19 TO 21,67.0,Model A,2017,91 years 11 months,615000.0,2025
2025-04,YISHUN,4 ROOM,317A,YISHUN AVE 9,07 TO 09,92.0,Model A,2015,89 years 06 months,628000.0,2025
2025-07,JURONG WEST,4 ROOM,980,JURONG WEST ST 93,01 TO 03,105.0,Model A,1989,63 years 01 month,511000.0,2025
2025-09,BUKIT BATOK,3 ROOM,533,BT BATOK ST 51,07 TO 09,69.0,Improved,1988,61 years 05 months,420000.0,2025
2026-02,BEDOK,3 ROOM,532,BEDOK NTH ST 3,16 TO 18,68.0,New Generation,1980,53 years,400000.0,2026
2025-12,SENGKANG,4 ROOM,178A,RIVERVALE CRES,13 TO 15,93.0,Model A,2015,88 years 03 months,595000.0,2025
2025-04,SENGKANG,3 ROOM,447A,JLN KAYU,07 TO 09,67.0,Model A,2013,87 years 08 months,547888.0,2025
2025-02,YISHUN,4 ROOM,291,YISHUN ST 22,01 TO 03,96.0,New Generation,1992,66 years 05 months,545000.0,2025
2025-08,BUKIT MERAH,4 ROOM,95A,HENDERSON RD,16 TO 18,93.0,Model A,2019,92 years 09 months,1038000.0,2025
2025-01,JURONG WEST,4 ROOM,689,JURONG WEST CTRL 1,07 TO 09,99.0,Premium Apartment,1998,72 years 06 months,660000.0,2025
2025-04,TAMPINES,4 ROOM,606C,TAMPINES ST 61,04 TO 06,92.0,Model A,2020,93 years 10 months,800000.0,2025
2025-01,WOODLANDS,3 ROOM,158,WOODLANDS ST 13,10 TO 12,73.0,Model A,1990,64 years 05 months,410000.0,2025
2026-05,MARINE PARADE,3 ROOM,6,MARINE TER,10 TO 12,65.0,Improved,1975,47 years 10 months,480000.0,2026
2025-01,SENGKANG,4 ROOM,353B,ANCHORVALE LANE,04 TO 06,93.0,Model A,2021,95 years 03 months,658888.0,2025
2026-04,GEYLANG,3 ROOM,108,ALJUNIED CRES,07 TO 09,68.0,New Generation,1981,54 years,445000.0,2026
2025-10,TAMPINES,4 ROOM,878B,TAMPINES AVE 8,07 TO 09,93.0,Model A,2017,90 years 09 months,745000.0,2025
2026-03,PUNGGOL,3 ROOM,670A,EDGEFIELD PLAINS,07 TO 09,68.0,Premium Apartment,2016,89 years 04 months,528000.0,2026
2025-07,PUNGGOL,5 ROOM,170A,PUNGGOL FIELD,10 TO 12,112.0,Improved,2014,87 years 09 months,765000.0,2025
2025-04,JURONG WEST,4 ROOM,166A,YUNG KUANG RD,10 TO 12,93.0,Model A,2018,92 years 07 months,630888.0,2025
2025-07,TAMPINES,4 ROOM,604B,TAMPINES AVE 9,13 TO 15,92.0,Model A,2020,93 years 08 months,795888.0,2025
2026-01,HOUGANG,4 ROOM,476B,UPP SERANGOON VIEW,07 TO 09,92.0,Premium Apartment,2016,89 years 03 months,758000.0,2026
2025-05,JURONG EAST,3 ROOM,308,JURONG EAST ST 32,04 TO 06,74.0,Model A,1984,57 years 11 months,390000.0,2025
2025-10,TOA PAYOH,5 ROOM,49,LOR 5 TOA PAYOH,04 TO 06,136.0,Model A,1993,66 years 06 months,1063888.0,2025
2025-05,SEMBAWANG,4 ROOM,590C,MONTREAL LINK,04 TO 06,93.0,Model A,2015,88 years 11 months,575888.0,2025
2025-06,SENGKANG,5 ROOM,268A,COMPASSVALE LINK,10 TO 12,111.0,Premium Apartment,2006,79 years 09 months,800000.0,2025
2026-04,BEDOK,3 ROOM,55,CHAI CHEE DR,07 TO 09,76.0,Model A,1984,57 years,425000.0,2026
2026-03,SENGKANG,4 ROOM,281A,SENGKANG EAST AVE,13 TO 15,92.0,Premium Apartment,2015,88 years 05 months,858888.0,2026
2025-09,BEDOK,4 ROOM,709,BEDOK RESERVOIR RD,07 TO 09,93.0,New Generation,1981,54 years 11 months,575000.0,2025
2025-10,ANG MO KIO,3 ROOM,182,ANG MO KIO AVE 5,01 TO 03,68.0,New Generation,1981,54 years 07 months,400000.0,2025
2025-06,PUNGGOL,3 ROOM,322D,SUMANG WALK,19 TO 21,68.0,Premium Apartment,2019,92 years 10 months,580000.0,2025
2025-07,CHOA CHU KANG,4 ROOM,812B,CHOA CHU KANG AVE 7,01 TO 03,93.0,Model A,2017,91 years 05 months,575000.0,2025
2025-07,JURONG EAST,4 ROOM,316,JURONG EAST ST 32,10 TO 12,105.0,Model A,1984,58 years 02 months,608000.0,2025
2025-02,TAMPINES,4 ROOM,523A,TAMPINES CTRL 7,04 TO 06,93.0,Model A,2015,89 years 07 months,713888.0,2025
2025-05,PUNGGOL,4 ROOM,271C,PUNGGOL WALK,07 TO 09,93.0,Premium Apartment,2014,88 years,799000.0,2025
2025-12,YISHUN,4 ROOM,289,YISHUN AVE 6,10 TO 12,84.0,Simplified,1987,60 years 08 months,490000.0,2025
2025-09,SENGKANG,5 ROOM,322C,ANCHORVALE DR,01 TO 03,110.0,Improved,2002,75 years 10 months,672800.0,2025
2025-05,PUNGGOL,5 ROOM,325B,SUMANG WALK,01 TO 03,116.0,Premium Apartment,2020,93 years 09 months,840000.0,2025
2025-03,BUKIT BATOK,3 ROOM,235,BT BATOK EAST AVE 5,04 TO 06,69.0,New Generation,1985,59 years 05 months,390000.0,2025
2026-01,QUEENSTOWN,3 ROOM,52,C'WEALTH DR,01 TO 03,63.0,Model A,2015,88 years 01 month,670000.0,2026
2025-01,WOODLANDS,4 ROOM,545,WOODLANDS DR 16,07 TO 09,101.0,Model A,2000,74 years 10 months,548000.0,2025
2026-01,WOODLANDS,5 ROOM,689B,WOODLANDS DR 75,13 TO 15,110.0,Premium Apartment,2004,77 years 01 month,590000.0,2026
2025-08,JURONG WEST,5 ROOM,989A,JURONG WEST ST 93,16 TO 18,114.0,Premium Apartment,2008,82 years,665000.0,2025
2025-11,JURONG WEST,4 ROOM,165B,YUNG KUANG RD,07 TO 09,93.0,Model A,2018,91 years 11 months,640000.0,2025
2025-09,CLEMENTI,4 ROOM,511,WEST COAST DR,10 TO 12,91.0,New Generation,1978,51 years 05 months,515000.0,2025
2026-02,JURONG EAST,3 ROOM,371,JURONG EAST ST 32,07 TO 09,64.0,Model A,2014,87 years 01 month,498000.0,2026
2025-02,TAMPINES,5 ROOM,610C,TAMPINES NTH DR 1,07 TO 09,113.0,Improved,2020,94 years 09 months,881888.0,2025
2025-02,ANG MO KIO,4 ROOM,226,ANG MO KIO AVE 1,07 TO 09,91.0,New Generation,1978,52 years,560000.0,2025
2025-09,SEMBAWANG,5 ROOM,357B,ADMIRALTY DR,01 TO 03,111.0,Premium Apartment,2001,74 years 10 months,620000.0,2025
2025-11,JURONG WEST,5 ROOM,203,BOON LAY DR,04 TO 06,122.0,Standard,1976,49 years 07 months,530000.0,2025
2025-01,JURONG WEST,5 ROOM,987D,JURONG WEST ST 93,10 TO 12,112.0,Premium Apartment,2006,80 years 05 months,610000.0,2025
2026-05,BEDOK,3 ROOM,55,CHAI CHEE DR,07 TO 09,80.0,Model A,1984,57 years,425000.0,2026
2026-05,JURONG WEST,4 ROOM,183A,BOON LAY AVE,01 TO 03,92.0,Model A,2015,87 years 09 months,570000.0,2026
2026-06,BEDOK,4 ROOM,543,BEDOK NTH ST 3,07 TO 09,95.0,New Generation,1980,53 years 01 month,535000.0,2026
2026-05,WOODLANDS,3 ROOM,158,WOODLANDS ST 13,07 TO 09,73.0,Model A,1990,63 years 01 month,442888.0,2026
2025-02,PUNGGOL,4 ROOM,617A,PUNGGOL DR,07 TO 09,93.0,Premium Apartment,2013,87 years 08 months,700000.0,2025
2025-08,KALLANG/WHAMPOA,3 ROOM,32,JLN BAHAGIA,07 TO 09,56.0,Standard,1971,44 years 05 months,325000.0,2025
2025-03,JURONG WEST,3 ROOM,210,BOON LAY PL,19 TO 21,65.0,Improved,1977,51 years 06 months,360000.0,2025
2026-04,BUKIT MERAH,3 ROOM,92B,TELOK BLANGAH ST 31,28 TO 30,68.0,Model A,2018,91 years 09 months,728000.0,2026
2025-11,SENGKANG,4 ROOM,150,RIVERVALE CRES,10 TO 12,90.0,Model A,2005,79 years 02 months,567000.0,2025
2025-07,PUNGGOL,4 ROOM,405B,NORTHSHORE DR,16 TO 18,94.0,Model A,2021,94 years 10 months,770000.0,2025
2025-05,TOA PAYOH,4 ROOM,226,LOR 8 TOA PAYOH,04 TO 06,82.0,Improved,1976,50 years 01 month,478000.0,2025
2025-10,GEYLANG,4 ROOM,28,CASSIA CRES,04 TO 06,101.0,Model A,1998,71 years 08 months,835000.0,2025
2025-11,BUKIT MERAH,4 ROOM,118C,JLN MEMBINA,07 TO 09,85.0,Model A,2003,76 years 03 months,906000.0,2025
2025-09,SEMBAWANG,4 ROOM,405,ADMIRALTY LINK,07 TO 09,86.0,Model A2,2001,74 years 04 months,530000.0,2025
2025-03,HOUGANG,3 ROOM,998A,BUANGKOK CRES,04 TO 06,68.0,Model A,2019,93 years 10 months,510000.0,2025
2025-09,TOA PAYOH,4 ROOM,139B,LOR 1A TOA PAYOH,40 TO 42,91.0,DBSS,2012,85 years 09 months,1110000.0,2025
2025-05,PASIR RIS,4 ROOM,440,PASIR RIS DR 4,01 TO 03,103.0,Model A,1989,63 years 01 month,585888.0,2025
2025-02,QUEENSTOWN,3 ROOM,83,C'WEALTH CL,01 TO 03,60.0,Standard,1967,41 years,350000.0,2025
2026-05,BEDOK,4 ROOM,763,BEDOK RESERVOIR VIEW,10 TO 12,105.0,Premium Apartment,2000,73 years 07 months,783888.0,2026
2025-07,WOODLANDS,4 ROOM,733,WOODLANDS CIRCLE,10 TO 12,101.0,Model A,1997,71 years 02 months,558000.0,2025
2026-03,BUKIT BATOK,4 ROOM,467B,BT BATOK WEST AVE 9,16 TO 18,93.0,Model A,2021,94 years 05 months,685888.0,2026
2026-05,BEDOK,4 ROOM,153B,BEDOK STH RD,13 TO 15,93.0,Model A,2022,95 years,1088000.0,2026
2025-09,SEMBAWANG,4 ROOM,129A,CANBERRA ST,04 TO 06,93.0,Model A,2018,92 years 01 month,645000.0,2025
2025-05,BUKIT BATOK,5 ROOM,293C,BT BATOK ST 21,22 TO 24,113.0,Improved,2019,92 years 09 months,938000.0,2025
2025-03,KALLANG/WHAMPOA,3 ROOM,27,JLN BAHAGIA,07 TO 09,56.0,Standard,1970,44 years 04 months,290000.0,2025
2026-03,JURONG WEST,5 ROOM,631,JURONG WEST ST 65,10 TO 12,110.0,Improved,2001,74 years 08 months,660000.0,2026
2025-11,WOODLANDS,4 ROOM,825,WOODLANDS ST 81,04 TO 06,84.0,Simplified,1990,63 years 08 months,518000.0,2025
2026-02,CHOA CHU KANG,4 ROOM,118,TECK WHYE LANE,07 TO 09,103.0,Model A,1989,62 years 01 month,572000.0,2026
2025-03,SENGKANG,5 ROOM,262D,COMPASSVALE ST,13 TO 15,110.0,Improved,2001,74 years 11 months,750000.0,2025
2026-05,SENGKANG,5 ROOM,204A,COMPASSVALE DR,10 TO 12,110.0,Improved,2000,73 years 08 months,680000.0,2026
2025-12,BEDOK,3 ROOM,188D,BEDOK NTH ST 4,16 TO 18,68.0,Model A,2020,93 years 01 month,690000.0,2025
2025-06,QUEENSTOWN,4 ROOM,56,STRATHMORE AVE,01 TO 03,85.0,Model A,2002,75 years 11 months,680000.0,2025
2026-01,PUNGGOL,4 ROOM,677B,PUNGGOL DR,16 TO 18,93.0,Premium Apartment,2016,89 years 08 months,758888.0,2026
2026-01,BUKIT MERAH,4 ROOM,57,HAVELOCK RD,31 TO 33,89.0,Model A,2013,86 years 05 months,1150000.0,2026
2026-02,BUKIT BATOK,4 ROOM,451B,BT BATOK WEST AVE 6,10 TO 12,93.0,Model A,2019,92 years 02 months,675000.0,2026
2025-11,WOODLANDS,4 ROOM,182B,WOODLANDS ST 13,13 TO 15,93.0,Model A,2019,93 years,708000.0,2025
2025-04,ANG MO KIO,3 ROOM,230,ANG MO KIO AVE 3,10 TO 12,67.0,New Generation,1978,51 years 10 months,448000.0,2025
2025-05,YISHUN,4 ROOM,832,YISHUN ST 81,07 TO 09,104.0,Model A,1988,61 years 11 months,635000.0,2025
2025-07,BUKIT BATOK,4 ROOM,408,BT BATOK WEST AVE 4,10 TO 12,94.0,New Generation,1988,61 years 10 months,540000.0,2025
2025-12,GEYLANG,4 ROOM,17B,CIRCUIT RD,04 TO 06,93.0,Model A,2016,90 years,960000.0,2025
2026-02,JURONG WEST,3 ROOM,428,JURONG WEST AVE 1,01 TO 03,75.0,Model A,1985,58 years 01 month,412000.0,2026
2025-08,SENGKANG,4 ROOM,277A,COMPASSVALE LINK,13 TO 15,92.0,Premium Apartment,2009,82 years 10 months,877000.0,2025
2026-03,SENGKANG,4 ROOM,271B,SENGKANG CTRL,13 TO 15,93.0,Premium Apartment,2010,83 years 03 months,800000.0,2026
2025-08,ANG MO KIO,3 ROOM,320,ANG MO KIO AVE 1,04 TO 06,88.0,New Generation,1977,50 years 10 months,500000.0,2025
2025-06,CLEMENTI,5 ROOM,312A,CLEMENTI AVE 4,31 TO 33,113.0,Improved,2017,91 years 03 months,1340000.0,2025
2025-08,BUKIT BATOK,5 ROOM,532,BT BATOK ST 51,13 TO 15,122.0,Improved,1986,60 years 05 months,750000.0,2025
2025-10,TAMPINES,4 ROOM,489B,TAMPINES ST 45,10 TO 12,107.0,Model A,1993,66 years 11 months,655000.0,2025
2025-02,TAMPINES,5 ROOM,450F,TAMPINES ST 42,04 TO 06,122.0,Improved,1996,70 years 08 months,775000.0,2025
2025-10,TOA PAYOH,3 ROOM,117,LOR 1 TOA PAYOH,01 TO 03,64.0,Improved,1968,41 years 10 months,310000.0,2025
2026-01,BUKIT MERAH,4 ROOM,17A,TELOK BLANGAH CRES,07 TO 09,100.0,Model A,2002,75 years 01 month,770000.0,2026
2025-09,TAMPINES,4 ROOM,724,TAMPINES ST 71,10 TO 12,103.0,Model A,1997,70 years 11 months,680000.0,2025
2025-06,PUNGGOL,5 ROOM,172B,EDGEDALE PLAINS,07 TO 09,110.0,Improved,2004,77 years 11 months,665000.0,2025
2025-07,HOUGANG,4 ROOM,525,HOUGANG AVE 6,01 TO 03,108.0,Model A,1987,61 years 06 months,620000.0,2025
2026-01,YISHUN,4 ROOM,131,YISHUN ST 11,10 TO 12,104.0,Model A,1985,58 years 01 month,530000.0,2026
2025-02,QUEENSTOWN,4 ROOM,28D,DOVER CRES,31 TO 33,95.0,Model A,2012,86 years 03 months,1000000.0,2025
2026-05,SERANGOON,5 ROOM,500,SERANGOON NTH AVE 4,07 TO 09,124.0,Improved,1992,65 years 06 months,775000.0,2026
2026-05,HOUGANG,5 ROOM,918,HOUGANG AVE 9,04 TO 06,120.0,Improved,1998,70 years 11 months,738888.0,2026
2026-03,BUKIT MERAH,5 ROOM,103,SPOTTISWOODE PK RD,16 TO 18,122.0,Standard,1979,52 years 08 months,965000.0,2026
2025-07,CHOA CHU KANG,4 ROOM,692A,CHOA CHU KANG CRES,04 TO 06,90.0,Model A,2003,76 years 08 months,500000.0,2025
2025-06,SENGKANG,4 ROOM,150,RIVERVALE CRES,13 TO 15,90.0,Model A,2005,79 years 07 months,578000.0,2025
2025-09,BUKIT MERAH,4 ROOM,127C,KIM TIAN RD,31 TO 33,93.0,Model A,2013,86 years 05 months,1038888.0,2025
2026-03,GEYLANG,4 ROOM,28,BALAM RD,13 TO 15,106.0,Model A,1997,70 years 05 months,850000.0,2026
2025-12,CHOA CHU KANG,4 ROOM,489D,CHOA CHU KANG AVE 5,01 TO 03,93.0,Model A,2016,89 years 07 months,541500.0,2025
2025-01,HOUGANG,3 ROOM,661,HOUGANG AVE 4,10 TO 12,74.0,Model A,1987,61 years 04 months,478888.0,2025
2026-01,BUKIT BATOK,3 ROOM,448C,BT BATOK WEST AVE 9,13 TO 15,68.0,Model A,2019,92 years 03 months,540000.0,2026
2025-12,BUKIT PANJANG,4 ROOM,508,JELAPANG RD,04 TO 06,90.0,Model A2,1998,71 years 06 months,530000.0,2025
2025-04,BUKIT BATOK,4 ROOM,216,BT BATOK ST 21,10 TO 12,98.0,New Generation,1985,59 years 02 months,578000.0,2025
2026-03,WOODLANDS,4 ROOM,413,WOODLANDS ST 41,01 TO 03,106.0,Model A,1996,68 years 11 months,520000.0,2026
2025-12,CHOA CHU KANG,4 ROOM,227,CHOA CHU KANG CTRL,01 TO 03,105.0,Model A,1993,66 years 07 months,533000.0,2025
2025-08,SENGKANG,3 ROOM,453D,FERNVALE RD,16 TO 18,67.0,Model A,2015,88 years 11 months,575000.0,2025
2026-06,QUEENSTOWN,4 ROOM,5,HOLLAND CL,25 TO 27,105.0,Model A,1998,71 years 06 months,1200000.0,2026
2025-05,BUKIT BATOK,4 ROOM,463B,BT BATOK ST 41,07 TO 09,93.0,Model A,2021,95 years 02 months,650000.0,2025
2025-11,YISHUN,4 ROOM,868,YISHUN ST 81,10 TO 12,84.0,Simplified,1987,61 years 01 month,465000.0,2025
2025-12,TOA PAYOH,3 ROOM,115A,ALKAFF CRES,13 TO 15,68.0,Model A,2020,94 years,828000.0,2025
2025-01,BISHAN,4 ROOM,153,BISHAN ST 13,01 TO 03,84.0,Simplified,1987,61 years 10 months,628000.0,2025
2025-06,JURONG WEST,5 ROOM,559,JURONG WEST ST 42,04 TO 06,139.0,Model A-Maisonette,1985,59 years,685000.0,2025
2025-05,CENTRAL AREA,4 ROOM,1C,CANTONMENT RD,43 TO 45,93.0,Type S1,2011,84 years 09 months,1415688.0,2025
2026-03,SENGKANG,5 ROOM,278A,COMPASSVALE BOW,13 TO 15,113.0,Improved,2017,90 years 08 months,1045000.0,2026
2025-05,JURONG WEST,4 ROOM,430,JURONG WEST AVE 1,07 TO 09,103.0,Model A,1985,58 years 09 months,510000.0,2025
2025-06,SEMBAWANG,3 ROOM,131C,CANBERRA CRES,01 TO 03,68.0,Model A,2020,94 years 04 months,563000.0,2025
2025-05,BEDOK,4 ROOM,5,BEDOK STH AVE 2,07 TO 09,82.0,Improved,1976,49 years 09 months,468888.0,2025
2025-09,JURONG WEST,5 ROOM,677A,JURONG WEST ST 64,10 TO 12,110.0,Premium Apartment,2008,81 years 09 months,633888.0,2025
2025-03,ANG MO KIO,4 ROOM,310B,ANG MO KIO AVE 1,16 TO 18,94.0,Model A,2012,86 years 07 months,900000.0,2025
2026-04,SENGKANG,3 ROOM,418A,FERNVALE LINK,04 TO 06,68.0,Model A,2018,91 years 04 months,505000.0,2026
2025-04,PUNGGOL,5 ROOM,289C,PUNGGOL PL,10 TO 12,111.0,Premium Apartment,2013,87 years,900000.0,2025
2025-07,JURONG WEST,4 ROOM,623,JURONG WEST ST 61,10 TO 12,91.0,Model A,2001,74 years 08 months,575000.0,2025
2025-12,JURONG WEST,4 ROOM,441,JURONG WEST AVE 1,07 TO 09,103.0,Model A,1984,57 years 09 months,530000.0,2025
2025-08,BUKIT BATOK,4 ROOM,318,BT BATOK ST 32,07 TO 09,98.0,New Generation,1986,59 years 09 months,535000.0,2025
2025-08,SERANGOON,4 ROOM,327,SERANGOON AVE 3,04 TO 06,104.0,Model A,1986,59 years 09 months,790000.0,2025
2026-06,KALLANG/WHAMPOA,5 ROOM,4B,ST. GEORGE'S LANE,13 TO 15,123.0,Improved,1996,69 years 07 months,1160000.0,2026
2026-01,PASIR RIS,4 ROOM,118,PASIR RIS ST 11,07 TO 09,103.0,Model A,1989,62 years 07 months,605000.0,2026
2026-01,SENGKANG,3 ROOM,279A,SENGKANG EAST AVE,04 TO 06,67.0,Premium Apartment,2015,88 years 08 months,635000.0,2026
2026-01,HOUGANG,4 ROOM,17,HOUGANG AVE 3,10 TO 12,98.0,New Generation,1978,51 years 05 months,520000.0,2026
2026-02,BEDOK,3 ROOM,525,BEDOK NTH ST 3,04 TO 06,67.0,New Generation,1979,52 years 06 months,385000.0,2026
2025-09,SENGKANG,4 ROOM,211C,COMPASSVALE LANE,13 TO 15,97.0,Model A,2013,86 years 05 months,700000.0,2025
2025-11,CHOA CHU KANG,4 ROOM,489B,CHOA CHU KANG AVE 5,10 TO 12,93.0,Model A,2016,89 years 08 months,610000.0,2025
2025-06,PASIR RIS,4 ROOM,749,PASIR RIS ST 71,07 TO 09,104.0,Model A,1996,70 years 05 months,630000.0,2025
2026-03,HOUGANG,4 ROOM,677,HOUGANG AVE 8,10 TO 12,89.0,Simplified,1988,61 years 08 months,565000.0,2026
2025-11,GEYLANG,3 ROOM,21,EUNOS CRES,10 TO 12,66.0,Improved,1982,55 years 03 months,386000.0,2025
2025-06,SENGKANG,4 ROOM,301B,ANCHORVALE DR,01 TO 03,90.0,Model A,2001,75 years 02 months,565000.0,2025
2026-02,JURONG WEST,4 ROOM,854,JURONG WEST ST 81,04 TO 06,107.0,Model A,1996,69 years 07 months,497000.0,2026
2025-07,ANG MO KIO,4 ROOM,635,ANG MO KIO AVE 6,10 TO 12,92.0,New Generation,1980,54 years 02 months,545000.0,2025
2025-01,QUEENSTOWN,3 ROOM,102,C'WEALTH CRES,04 TO 06,55.0,Standard,1970,44 years 06 months,366000.0,2025
2026-06,TAMPINES,4 ROOM,232,SIMEI ST 4,07 TO 09,104.0,Model A,1989,62 years 02 months,715000.0,2026
2025-06,JURONG EAST,4 ROOM,25,TEBAN GDNS RD,01 TO 03,107.0,Model A,1993,67 years 01 month,530000.0,2025
2026-03,BUKIT BATOK,5 ROOM,296C,BT BATOK ST 22,37 TO 39,115.0,Premium Apartment,2018,91 years 01 month,1058888.0,2026
2025-01,SENGKANG,5 ROOM,415C,FERNVALE LINK,04 TO 06,113.0,Improved,2016,90 years 01 month,740000.0,2025
2025-06,BEDOK,3 ROOM,702,BEDOK RESERVOIR RD,01 TO 03,68.0,New Generation,1980,54 years 06 months,330000.0,2025
2026-02,JURONG WEST,5 ROOM,674B,JURONG WEST ST 65,07 TO 09,110.0,Improved,2002,75 years 11 months,608000.0,2026
2025-05,BISHAN,4 ROOM,243,BISHAN ST 22,04 TO 06,103.0,Model A,1992,66 years 03 months,810000.0,2025
2025-12,SENGKANG,5 ROOM,204A,COMPASSVALE DR,10 TO 12,110.0,Improved,2000,74 years 01 month,720000.0,2025
2025-03,BUKIT MERAH,4 ROOM,50,TELOK BLANGAH DR,01 TO 03,98.0,New Generation,1978,52 years 05 months,620000.0,2025
2025-11,SEMBAWANG,4 ROOM,104A,CANBERRA ST,04 TO 06,93.0,Model A,2018,91 years 09 months,615000.0,2025
2026-03,PASIR RIS,5 ROOM,185,PASIR RIS ST 11,10 TO 12,126.0,Improved,1993,66 years 04 months,732000.0,2026
2025-01,BUKIT MERAH,3 ROOM,65,TELOK BLANGAH DR,01 TO 03,67.0,New Generation,1978,52 years 07 months,426000.0,2025
2025-05,TAMPINES,5 ROOM,411,TAMPINES ST 41,01 TO 03,138.0,Model A,1985,59 years 04 months,750000.0,2025
2025-06,QUEENSTOWN,3 ROOM,27,GHIM MOH LINK,07 TO 09,67.0,Model A,2013,86 years 11 months,750000.0,2025
2025-07,HOUGANG,4 ROOM,980C,BUANGKOK CRES,01 TO 03,85.0,Model A2,2003,76 years 10 months,530000.0,2025
2025-03,JURONG WEST,5 ROOM,821,JURONG WEST ST 81,04 TO 06,121.0,Improved,1990,64 years 01 month,555000.0,2025
2025-03,SENGKANG,5 ROOM,122,SENGKANG EAST WAY,07 TO 09,110.0,Improved,2000,74 years 06 months,678000.0,2025
2025-08,PUNGGOL,3 ROOM,406C,NORTHSHORE DR,19 TO 21,67.0,Model A,2021,94 years 09 months,630000.0,2025
2025-02,SEMBAWANG,4 ROOM,484,ADMIRALTY LINK,10 TO 12,90.0,Model A,2003,77 years 06 months,510000.0,2025
2026-03,CLEMENTI,3 ROOM,304,CLEMENTI AVE 4,10 TO 12,67.0,New Generation,1979,52 years 01 month,408000.0,2026
2026-04,CHOA CHU KANG,4 ROOM,17,TECK WHYE LANE,01 TO 03,92.0,New Generation,1981,54 years 06 months,445000.0,2026
2025-09,WOODLANDS,4 ROOM,513,WOODLANDS DR 14,10 TO 12,107.0,Premium Apartment,1999,72 years 06 months,628000.0,2025
2025-09,ANG MO KIO,4 ROOM,638,ANG MO KIO AVE 6,04 TO 06,92.0,New Generation,1980,53 years 11 months,588000.0,2025
2025-01,TAMPINES,4 ROOM,608B,TAMPINES NTH DR 1,13 TO 15,93.0,Model A,2020,94 years 10 months,790000.0,2025
2026-04,WOODLANDS,5 ROOM,782D,WOODLANDS CRES,07 TO 09,112.0,Improved,2015,88 years 02 months,655000.0,2026
2025-06,BUKIT MERAH,3 ROOM,6,TELOK BLANGAH CRES,13 TO 15,65.0,Improved,1975,48 years 08 months,350000.0,2025
2025-08,HOUGANG,3 ROOM,309,HOUGANG AVE 5,07 TO 09,67.0,New Generation,1982,56 years 03 months,450000.0,2025
2025-04,ANG MO KIO,4 ROOM,417,ANG MO KIO AVE 10,07 TO 09,99.0,New Generation,1979,53 years 05 months,630000.0,2025
2025-06,JURONG EAST,4 ROOM,338,JURONG EAST AVE 1,01 TO 03,104.0,Model A,1984,58 years 02 months,495000.0,2025
2025-06,QUEENSTOWN,5 ROOM,28A,DOVER CRES,04 TO 06,124.0,Improved,2012,85 years 09 months,1200000.0,2025
2025-09,BUKIT PANJANG,4 ROOM,460,SEGAR RD,10 TO 12,93.0,Premium Apartment,2015,88 years 11 months,625000.0,2025
2025-10,YISHUN,3 ROOM,282,YISHUN AVE 6,01 TO 03,70.0,Simplified,1988,61 years 04 months,420000.0,2025
2025-08,SENGKANG,3 ROOM,418A,FERNVALE LINK,10 TO 12,68.0,Model A,2018,91 years 11 months,558888.0,2025
2025-12,SERANGOON,4 ROOM,328,SERANGOON AVE 3,04 TO 06,104.0,Model A,1986,59 years 06 months,770000.0,2025
2025-08,PUNGGOL,4 ROOM,231A,SUMANG LANE,04 TO 06,93.0,Model A,2018,92 years 04 months,618000.0,2025
2025-01,PUNGGOL,4 ROOM,109B,EDGEDALE PLAINS,10 TO 12,90.0,Model A,2003,77 years 05 months,560000.0,2025
2025-02,CHOA CHU KANG,5 ROOM,690C,CHOA CHU KANG CRES,10 TO 12,110.0,Improved,2003,77 years 05 months,600000.0,2025
2026-01,WOODLANDS,4 ROOM,512,WOODLANDS DR 14,01 TO 03,107.0,Premium Apartment,1999,72 years 03 months,608000.0,2026
2025-12,SENGKANG,4 ROOM,436B,FERNVALE RD,19 TO 21,96.0,Model A,2010,83 years 04 months,655000.0,2025
2025-04,BUKIT MERAH,3 ROOM,138,JLN BT MERAH,07 TO 09,59.0,Improved,1983,57 years 04 months,398000.0,2025
2026-04,YISHUN,3 ROOM,172,YISHUN AVE 7,01 TO 03,64.0,Simplified,1988,61 years 04 months,412000.0,2026
2025-02,HOUGANG,3 ROOM,986B,BUANGKOK CRES,01 TO 03,67.0,Model A,2012,86 years 04 months,481888.0,2025
2025-08,JURONG EAST,3 ROOM,247,JURONG EAST ST 24,01 TO 03,68.0,New Generation,1983,56 years 11 months,380000.0,2025
2025-11,BEDOK,5 ROOM,111,LENGKONG TIGA,10 TO 12,130.0,Improved,1989,62 years 04 months,1050000.0,2025
2025-05,BUKIT BATOK,4 ROOM,442A,BT BATOK WEST AVE 8,07 TO 09,92.0,Model A,2019,92 years 11 months,650000.0,2025
2025-03,BUKIT MERAH,4 ROOM,121,KIM TIAN PL,01 TO 03,90.0,Model A,2001,75 years,815000.0,2025
2026-01,TAMPINES,4 ROOM,518A,TAMPINES CTRL 7,16 TO 18,92.0,DBSS,2008,82 years,840000.0,2026
2026-02,WOODLANDS,3 ROOM,203,MARSILING DR,04 TO 06,68.0,New Generation,1981,54 years 08 months,368000.0,2026
2025-05,BUKIT BATOK,4 ROOM,219,BT BATOK ST 21,07 TO 09,99.0,New Generation,1985,58 years 11 months,600000.0,2025
2026-03,HOUGANG,5 ROOM,540,HOUGANG AVE 8,07 TO 09,121.0,Improved,1989,62 years 08 months,710000.0,2026
2026-03,YISHUN,3 ROOM,783,YISHUN RING RD,07 TO 09,74.0,Model A,1987,60 years 02 months,455000.0,2026
2025-12,TAMPINES,5 ROOM,612B,TAMPINES NTH DR 1,07 TO 09,113.0,Improved,2020,93 years 11 months,928888.0,2025
2026-05,WOODLANDS,4 ROOM,604,WOODLANDS DR 42,01 TO 03,91.0,Model A2,1997,70 years,507000.0,2026
2025-05,PUNGGOL,5 ROOM,308B,PUNGGOL WALK,16 TO 18,112.0,Premium Apartment,2016,89 years 10 months,895888.0,2025
2026-05,BEDOK,4 ROOM,148,BEDOK RESERVOIR RD,13 TO 15,84.0,Simplified,1987,59 years 11 months,585000.0,2026
2026-06,YISHUN,4 ROOM,716,YISHUN ST 71,10 TO 12,83.0,Simplified,1987,60 years 05 months,475000.0,2026
2026-02,PASIR RIS,4 ROOM,610,ELIAS RD,07 TO 09,111.0,Model A,1995,68 years 06 months,655888.0,2026
2025-05,BUKIT PANJANG,3 ROOM,117,PENDING RD,01 TO 03,64.0,Simplified,1988,62 years 07 months,398000.0,2025
2025-06,JURONG WEST,3 ROOM,175,BOON LAY DR,07 TO 09,59.0,Improved,1978,52 years 02 months,335000.0,2025
2025-08,PASIR RIS,4 ROOM,275,PASIR RIS ST 21,01 TO 03,107.0,Model A,1994,68 years 01 month,575000.0,2025
2026-06,BEDOK,3 ROOM,57,NEW UPP CHANGI RD,10 TO 12,60.0,Improved,1985,58 years 05 months,409000.0,2026
2026-04,KALLANG/WHAMPOA,3 ROOM,123,MCNAIR RD,04 TO 06,64.0,Simplified,1987,60 years,488000.0,2026
2025-03,BUKIT PANJANG,4 ROOM,635B,SENJA RD,10 TO 12,93.0,Model A,2015,89 years 08 months,642000.0,2025
2026-05,SENGKANG,5 ROOM,207B,COMPASSVALE LANE,10 TO 12,110.0,Improved,2005,77 years 09 months,680000.0,2026
2025-12,KALLANG/WHAMPOA,3 ROOM,47,BENDEMEER RD,04 TO 06,65.0,Improved,1974,47 years 11 months,390000.0,2025
2025-08,SERANGOON,3 ROOM,124,SERANGOON NTH AVE 1,01 TO 03,71.0,New Generation,1985,58 years 06 months,443000.0,2025
2025-01,TAMPINES,4 ROOM,295,TAMPINES ST 22,04 TO 06,105.0,Model A,1984,58 years 03 months,600000.0,2025
2025-11,YISHUN,4 ROOM,262,YISHUN ST 22,07 TO 09,104.0,Model A,1985,58 years 11 months,580000.0,2025
2025-06,BISHAN,3 ROOM,116,BISHAN ST 12,07 TO 09,64.0,Simplified,1985,59 years 06 months,550000.0,2025
2025-10,KALLANG/WHAMPOA,3 ROOM,44,BENDEMEER RD,10 TO 12,63.0,Standard,1981,54 years 04 months,428000.0,2025
2025-01,TOA PAYOH,3 ROOM,114,LOR 1 TOA PAYOH,04 TO 06,65.0,Improved,1967,41 years 06 months,382888.0,2025
2025-08,GEYLANG,5 ROOM,7,PINE CL,01 TO 03,113.0,Improved,2000,73 years 10 months,1080000.0,2025
2025-01,YISHUN,4 ROOM,468A,YISHUN ST 43,04 TO 06,93.0,Model A,2019,93 years 11 months,600000.0,2025
2025-01,BISHAN,5 ROOM,408,SIN MING AVE,01 TO 03,120.0,Improved,1986,60 years 07 months,858888.0,2025
2025-04,SENGKANG,4 ROOM,327B,ANCHORVALE RD,07 TO 09,92.0,Premium Apartment,2015,89 years 01 month,691888.0,2025
2025-04,PUNGGOL,4 ROOM,665C,PUNGGOL DR,16 TO 18,93.0,Premium Apartment,2016,89 years 11 months,745000.0,2025
2025-05,WOODLANDS,3 ROOM,24,MARSILING DR,01 TO 03,67.0,New Generation,1977,51 years 02 months,400000.0,2025
2025-07,YISHUN,3 ROOM,478A,YISHUN ST 44,10 TO 12,67.0,Model A,2021,94 years 06 months,490000.0,2025
2025-12,BUKIT PANJANG,4 ROOM,634B,SENJA RD,01 TO 03,92.0,Model A,2015,88 years 11 months,553000.0,2025
2025-03,SEMBAWANG,5 ROOM,507C,WELLINGTON CIRCLE,10 TO 12,110.0,Improved,2001,75 years 10 months,615000.0,2025
2025-12,GEYLANG,4 ROOM,344,UBI AVE 1,04 TO 06,84.0,Simplified,1985,58 years 08 months,560000.0,2025
2026-06,ANG MO KIO,4 ROOM,432,ANG MO KIO AVE 10,07 TO 09,92.0,New Generation,1979,51 years 08 months,505000.0,2026
2025-04,CLEMENTI,5 ROOM,440C,CLEMENTI AVE 3,25 TO 27,112.0,Improved,2018,92 years 05 months,1383000.0,2025
2025-02,JURONG WEST,4 ROOM,165B,YUNG KUANG RD,04 TO 06,93.0,Model A,2018,92 years 09 months,603000.0,2025
2025-11,WOODLANDS,5 ROOM,514,WOODLANDS DR 14,07 TO 09,125.0,Premium Apartment,1999,72 years 05 months,800000.0,2025
2025-04,TAMPINES,4 ROOM,610B,TAMPINES NTH DR 1,13 TO 15,93.0,Model A,2020,94 years 07 months,860000.0,2025
2026-03,SEMBAWANG,4 ROOM,478,SEMBAWANG DR,04 TO 06,90.0,Model A,2000,73 years 05 months,495000.0,2026
2025-12,HOUGANG,3 ROOM,114,HOUGANG AVE 1,07 TO 09,66.0,New Generation,1982,55 years 03 months,428000.0,2025
2026-01,CHOA CHU KANG,5 ROOM,487A,CHOA CHU KANG AVE 5,10 TO 12,113.0,Improved,2016,89 years 06 months,733000.0,2026
2026-03,PASIR RIS,4 ROOM,525C,PASIR RIS ST 51,04 TO 06,93.0,Model A,2015,88 years 05 months,700000.0,2026
2026-01,HOUGANG,5 ROOM,310,HOUGANG AVE 5,01 TO 03,121.0,Improved,1984,57 years 02 months,660000.0,2026
2025-09,SENGKANG,5 ROOM,110,RIVERVALE WALK,01 TO 03,120.0,Improved,1999,72 years 05 months,605000.0,2025
2025-09,PUNGGOL,4 ROOM,104A,EDGEFIELD PLAINS,10 TO 12,90.0,Model A,2003,76 years 08 months,555000.0,2025
2025-06,KALLANG/WHAMPOA,4 ROOM,6,BOON KENG RD,04 TO 06,108.0,Model A,1996,70 years 06 months,920000.0,2025
2025-01,CHOA CHU KANG,4 ROOM,293,CHOA CHU KANG AVE 3,07 TO 09,104.0,Model A,1993,67 years 07 months,535000.0,2025
2025-06,SENGKANG,4 ROOM,264F,COMPASSVALE BOW,04 TO 06,92.0,Premium Apartment,2008,82 years 03 months,722000.0,2025
2025-04,SEMBAWANG,5 ROOM,359B,ADMIRALTY DR,07 TO 09,110.0,Premium Apartment,2001,75 years 06 months,647000.0,2025
2026-03,TOA PAYOH,3 ROOM,159,LOR 1 TOA PAYOH,10 TO 12,65.0,Improved,1972,44 years 11 months,406888.0,2026
2025-03,QUEENSTOWN,3 ROOM,3,GHIM MOH RD,13 TO 15,65.0,Improved,1976,50 years 05 months,385000.0,2025
2025-11,JURONG WEST,5 ROOM,271D,JURONG WEST ST 24,13 TO 15,112.0,Premium Apartment,2003,77 years,590888.0,2025
2026-04,ANG MO KIO,5 ROOM,228A,ANG MO KIO ST 23,16 TO 18,113.0,Improved,2021,94 years 05 months,1220000.0,2026
2025-03,JURONG WEST,5 ROOM,931,JURONG WEST ST 92,04 TO 06,122.0,Improved,1988,62 years 05 months,620000.0,2025
2026-04,BISHAN,4 ROOM,232,BISHAN ST 22,04 TO 06,105.0,Model A,1992,65 years 01 month,808000.0,2026
2025-12,JURONG EAST,3 ROOM,115,JURONG EAST ST 13,01 TO 03,67.0,New Generation,1981,54 years 06 months,405000.0,2025
2025-07,SERANGOON,5 ROOM,511,SERANGOON NTH AVE 4,04 TO 06,121.0,Improved,1997,70 years 10 months,770000.0,2025
2025-11,GEYLANG,3 ROOM,69,CIRCUIT RD,07 TO 09,56.0,Standard,1969,42 years 03 months,355000.0,2025
2025-11,BISHAN,4 ROOM,213,BISHAN ST 23,10 TO 12,103.0,Model A,1992,65 years 06 months,860000.0,2025
2025-09,TAMPINES,4 ROOM,702,TAMPINES ST 71,07 TO 09,100.0,Model A,1997,70 years 11 months,665000.0,2025
2025-10,JURONG WEST,4 ROOM,814,JURONG WEST ST 81,10 TO 12,104.0,Model A,1990,63 years 07 months,550000.0,2025
2025-08,HOUGANG,5 ROOM,249,HOUGANG AVE 3,01 TO 03,121.0,Improved,1985,58 years 06 months,670000.0,2025
2026-06,TAMPINES,3 ROOM,446,TAMPINES ST 42,04 TO 06,74.0,Model A,1985,58 years 01 month,450000.0,2026
2026-03,HOUGANG,5 ROOM,542,HOUGANG AVE 8,04 TO 06,120.0,Improved,1992,65 years 07 months,725000.0,2026
2025-07,JURONG WEST,5 ROOM,920,JURONG WEST ST 92,04 TO 06,122.0,Improved,1989,62 years 07 months,600000.0,2025
2025-11,YISHUN,5 ROOM,871,YISHUN ST 81,10 TO 12,122.0,Improved,1988,61 years 05 months,770000.0,2025
2025-06,TOA PAYOH,3 ROOM,7,UPP ALJUNIED LANE,13 TO 15,68.0,Model A,2017,90 years 09 months,700000.0,2025
2026-05,BISHAN,4 ROOM,220,BISHAN ST 23,04 TO 06,103.0,Model A,1992,65 years 03 months,775000.0,2026
2026-03,TAMPINES,4 ROOM,243,SIMEI ST 5,01 TO 03,105.0,Model A,1997,70 years,751000.0,2026
2025-12,QUEENSTOWN,3 ROOM,20,DOVER CRES,01 TO 03,65.0,Improved,1978,51 years 02 months,365000.0,2025
2025-01,YISHUN,4 ROOM,629,YISHUN ST 61,01 TO 03,105.0,Model A,1988,62 years 05 months,565000.0,2025
2026-05,TAMPINES,4 ROOM,613A,TAMPINES NTH DR 1,10 TO 12,93.0,Model A,2020,93 years 05 months,818000.0,2026
2025-07,HOUGANG,4 ROOM,476C,UPP SERANGOON VIEW,16 TO 18,92.0,Premium Apartment,2016,89 years 08 months,758000.0,2025
2025-07,YISHUN,3 ROOM,333B,YISHUN ST 31,07 TO 09,67.0,Model A,2015,89 years 05 months,488000.0,2025
2025-08,WOODLANDS,5 ROOM,634,WOODLANDS RING RD,10 TO 12,121.0,Improved,1999,73 years,585000.0,2025
2025-03,SEMBAWANG,4 ROOM,509B,WELLINGTON CIRCLE,01 TO 03,90.0,Model A,2004,78 years 06 months,510000.0,2025
2025-01,MARINE PARADE,4 ROOM,75,MARINE DR,07 TO 09,82.0,Improved,1976,50 years 06 months,645000.0,2025
2025-05,TOA PAYOH,3 ROOM,66,LOR 4 TOA PAYOH,04 TO 06,64.0,Standard,1969,42 years 09 months,378000.0,2025
2025-07,JURONG WEST,5 ROOM,436,JURONG WEST AVE 1,04 TO 06,135.0,Model A,1985,59 years,617500.0,2025
2025-11,BEDOK,3 ROOM,108,BEDOK RESERVOIR RD,10 TO 12,70.0,New Generation,1985,58 years 10 months,442000.0,2025
2025-06,ANG MO KIO,4 ROOM,260B,ANG MO KIO ST 21,01 TO 03,93.0,Model A,2018,92 years 01 month,820000.0,2025
2025-10,BEDOK,4 ROOM,615,BEDOK RESERVOIR RD,07 TO 09,93.0,New Generation,1981,54 years 07 months,568000.0,2025
2025-05,PUNGGOL,4 ROOM,683A,EDGEDALE PLAINS,16 TO 18,93.0,Premium Apartment,2018,92 years 03 months,750000.0,2025
2025-01,ANG MO KIO,4 ROOM,590A,ANG MO KIO ST 51,07 TO 09,93.0,Model A,2019,93 years 03 months,985000.0,2025
2025-07,GEYLANG,3 ROOM,18D,CIRCUIT RD,16 TO 18,67.0,Model A,2016,90 years 04 months,738000.0,2025
2026-06,PASIR RIS,5 ROOM,147,PASIR RIS ST 13,01 TO 03,127.0,Improved,1995,67 years 09 months,680000.0,2026
2025-04,KALLANG/WHAMPOA,3 ROOM,63,KALLANG BAHRU,04 TO 06,65.0,Improved,1974,47 years 10 months,385000.0,2025
2025-09,PUNGGOL,3 ROOM,232C,SUMANG LANE,10 TO 12,68.0,Model A,2018,92 years 02 months,520000.0,2025
2026-04,YISHUN,4 ROOM,316A,YISHUN AVE 9,10 TO 12,92.0,Model A,2015,88 years 06 months,625000.0,2026
2025-07,PUNGGOL,5 ROOM,204B,PUNGGOL FIELD,07 TO 09,110.0,Improved,2004,78 years 03 months,688888.0,2025
2025-01,SENGKANG,4 ROOM,327C,ANCHORVALE RD,01 TO 03,92.0,Premium Apartment,2015,89 years 04 months,610000.0,2025
2025-02,TAMPINES,5 ROOM,488A,TAMPINES AVE 9,07 TO 09,121.0,Improved,1989,63 years 03 months,730888.0,2025
2025-08,BUKIT PANJANG,5 ROOM,549B,SEGAR RD,13 TO 15,113.0,Improved,2015,89 years 04 months,742000.0,2025
2025-06,HOUGANG,3 ROOM,24,HOUGANG AVE 3,07 TO 09,67.0,New Generation,1978,51 years 11 months,408000.0,2025
2026-06,TAMPINES,3 ROOM,209,TAMPINES ST 21,07 TO 09,75.0,Model A,1982,55 years 03 months,465000.0,2026
2026-05,BUKIT BATOK,5 ROOM,463B,BT BATOK ST 41,13 TO 15,113.0,Improved,2021,94 years 03 months,825000.0,2026
2026-01,HOUGANG,4 ROOM,650,HOUGANG AVE 8,04 TO 06,84.0,Simplified,1987,60 years 10 months,570000.0,2026
2025-04,ANG MO KIO,3 ROOM,230,ANG MO KIO AVE 3,04 TO 06,67.0,New Generation,1978,51 years 10 months,415000.0,2025
2025-10,JURONG WEST,4 ROOM,815,JURONG WEST ST 81,01 TO 03,104.0,Model A,1990,63 years 04 months,500000.0,2025
2026-04,KALLANG/WHAMPOA,3 ROOM,68,GEYLANG BAHRU,04 TO 06,65.0,Improved,1974,47 years 03 months,390000.0,2026
2025-06,TAMPINES,4 ROOM,613A,TAMPINES NTH DR 1,13 TO 15,93.0,Model A,2020,94 years 05 months,800000.0,2025
2025-03,CLEMENTI,3 ROOM,326,CLEMENTI AVE 5,04 TO 06,67.0,New Generation,1978,52 years 07 months,460000.0,2025
2026-06,BUKIT BATOK,4 ROOM,450C,BT BATOK WEST AVE 6,19 TO 21,93.0,Model A,2019,91 years 10 months,708888.0,2026
2025-09,BUKIT BATOK,5 ROOM,292C,BT BATOK EAST AVE 6,01 TO 03,113.0,Improved,2019,92 years 05 months,750000.0,2025
2026-05,KALLANG/WHAMPOA,4 ROOM,15,ST. GEORGE'S RD,04 TO 06,91.0,New Generation,1985,57 years 08 months,628000.0,2026
2025-01,YISHUN,4 ROOM,320,YISHUN CTRL,10 TO 12,104.0,Model A,1988,62 years 02 months,580000.0,2025
2025-08,JURONG WEST,3 ROOM,338B,KANG CHING RD,07 TO 09,67.0,Model A,2012,85 years 07 months,473000.0,2025
2025-08,TOA PAYOH,5 ROOM,144,LOR 2 TOA PAYOH,28 TO 30,110.0,Improved,2002,76 years 02 months,1168000.0,2025
2025-03,PUNGGOL,3 ROOM,266C,PUNGGOL WAY,13 TO 15,67.0,Model A,2015,89 years 04 months,568888.0,2025
2025-04,MARINE PARADE,3 ROOM,4,MARINE TER,07 TO 09,65.0,Improved,1975,48 years 10 months,490000.0,2025
2026-03,ANG MO KIO,4 ROOM,472,ANG MO KIO AVE 10,04 TO 06,92.0,New Generation,1979,52 years 05 months,520000.0,2026
2026-03,ANG MO KIO,4 ROOM,227A,ANG MO KIO ST 23,16 TO 18,93.0,Model A,2021,94 years 06 months,1045000.0,2026
2025-06,PUNGGOL,5 ROOM,213A,PUNGGOL WALK,10 TO 12,113.0,Improved,2015,88 years 10 months,820000.0,2025
2025-02,YISHUN,3 ROOM,139,YISHUN RING RD,04 TO 06,68.0,New Generation,1984,58 years 08 months,425000.0,2025
2025-02,CLEMENTI,4 ROOM,311A,CLEMENTI AVE 4,25 TO 27,80.0,DBSS,2014,88 years 11 months,955000.0,2025
2025-03,CLEMENTI,4 ROOM,418,CLEMENTI AVE 1,07 TO 09,100.0,Model A,2013,87 years 08 months,930000.0,2025
2025-10,CENTRAL AREA,3 ROOM,533,UPP CROSS ST,10 TO 12,68.0,Improved,1980,53 years 10 months,613888.0,2025
2025-02,YISHUN,3 ROOM,206,YISHUN ST 21,01 TO 03,73.0,New Generation,1985,59 years,436000.0,2025
2026-05,SENGKANG,4 ROOM,410A,FERNVALE RD,16 TO 18,96.0,Premium Apartment,2012,85 years 06 months,680000.0,2026
2025-12,TOA PAYOH,3 ROOM,101A,BIDADARI PK DR,01 TO 03,68.0,Model A,2021,94 years 07 months,785000.0,2025
2025-09,BISHAN,4 ROOM,178,BISHAN ST 13,07 TO 09,83.0,Simplified,1987,61 years 01 month,732888.0,2025
2026-04,YISHUN,4 ROOM,511A,YISHUN ST 51,10 TO 12,93.0,Model A,2017,90 years 05 months,605000.0,2026
2026-01,WOODLANDS,4 ROOM,363,WOODLANDS AVE 5,07 TO 09,105.0,Model A,1996,69 years 10 months,650000.0,2026
2025-05,BEDOK,5 ROOM,187A,BEDOK NTH ST 4,10 TO 12,113.0,Improved,2018,92 years 08 months,1030000.0,2025
2025-01,WOODLANDS,4 ROOM,899B,WOODLANDS DR 50,01 TO 03,99.0,Model A,1997,71 years 07 months,528000.0,2025
2025-02,CLEMENTI,4 ROOM,358,CLEMENTI AVE 2,04 TO 06,92.0,New Generation,1978,52 years 01 month,623800.0,2025
2026-04,CLEMENTI,5 ROOM,724,CLEMENTI WEST ST 2,22 TO 24,118.0,Improved,1981,53 years 10 months,835000.0,2026
2026-02,WOODLANDS,4 ROOM,887A,WOODLANDS DR 50,10 TO 12,92.0,Premium Apartment,2015,88 years 01 month,645000.0,2026
2025-04,CLEMENTI,5 ROOM,416,CLEMENTI AVE 1,37 TO 39,117.0,Improved,2013,87 years 06 months,1182888.0,2025
2026-06,SENGKANG,4 ROOM,156,RIVERVALE CRES,04 TO 06,90.0,Model A,2005,78 years 07 months,575000.0,2026
2025-04,WOODLANDS,5 ROOM,787C,WOODLANDS CRES,10 TO 12,122.0,Improved,1997,71 years 06 months,680000.0,2025
2025-08,YISHUN,4 ROOM,673B,YISHUN AVE 4,10 TO 12,93.0,Model A,2018,92 years 04 months,630000.0,2025
2026-02,CHOA CHU KANG,4 ROOM,220,CHOA CHU KANG CTRL,07 TO 09,105.0,Model A,1990,63 years 01 month,553000.0,2026
2025-03,BUKIT BATOK,5 ROOM,439B,BT BATOK WEST AVE 8,13 TO 15,113.0,Improved,2020,94 years,830000.0,2025
2025-01,KALLANG/WHAMPOA,4 ROOM,22,BOON KENG RD,10 TO 12,88.0,Improved,1974,48 years 02 months,625000.0,2025
2025-10,SERANGOON,3 ROOM,254,SERANGOON CTRL DR,04 TO 06,64.0,Simplified,1988,62 years 03 months,510000.0,2025
2025-01,BUKIT PANJANG,4 ROOM,457,SEGAR RD,10 TO 12,93.0,Premium Apartment,2012,87 years,650000.0,2025
2025-11,TAMPINES,4 ROOM,885,TAMPINES ST 83,04 TO 06,104.0,Model A,1987,61 years 01 month,623000.0,2025
2026-04,SERANGOON,5 ROOM,420,SERANGOON CTRL,07 TO 09,121.0,Improved,1989,62 years 08 months,980000.0,2026
2026-03,YISHUN,4 ROOM,844,YISHUN ST 81,04 TO 06,104.0,Model A,1988,61 years 10 months,620000.0,2026
2025-07,BUKIT MERAH,3 ROOM,127C,KIM TIAN RD,37 TO 39,62.0,Model A,2013,86 years 07 months,800000.0,2025
2026-06,TOA PAYOH,4 ROOM,146,LOR 2 TOA PAYOH,28 TO 30,86.0,Model A,2006,78 years 08 months,960000.0,2026
2026-01,BUKIT PANJANG,4 ROOM,235,BT PANJANG RING RD,04 TO 06,103.0,Model A,1988,61 years 06 months,530000.0,2026
2025-12,HOUGANG,4 ROOM,549,HOUGANG ST 51,01 TO 03,103.0,Model A,1992,65 years 10 months,610000.0,2025
2025-08,CLEMENTI,3 ROOM,450,CLEMENTI AVE 3,04 TO 06,68.0,New Generation,1980,53 years 10 months,451888.0,2025
2026-04,SENGKANG,3 ROOM,453D,FERNVALE RD,10 TO 12,67.0,Model A,2015,88 years 04 months,545000.0,2026
2026-05,ANG MO KIO,5 ROOM,551,ANG MO KIO AVE 10,19 TO 21,118.0,Improved,1981,53 years 09 months,760000.0,2026
2025-04,JURONG WEST,5 ROOM,987D,JURONG WEST ST 93,04 TO 06,114.0,Premium Apartment,2006,80 years 02 months,635000.0,2025
2026-03,TOA PAYOH,4 ROOM,103A,BIDADARI PK DR,04 TO 06,93.0,Model A,2021,94 years 04 months,1010000.0,2026
2026-02,YISHUN,3 ROOM,852,YISHUN ST 81,07 TO 09,74.0,Model A,1988,61 years 02 months,478888.0,2026
2025-04,WOODLANDS,3 ROOM,318,WOODLANDS ST 31,07 TO 09,83.0,Model A,1993,67 years 09 months,485000.0,2025
2025-04,TAMPINES,5 ROOM,401,TAMPINES ST 41,10 TO 12,123.0,Improved,1985,59 years 06 months,830000.0,2025
2026-06,CLEMENTI,3 ROOM,440B,CLEMENTI AVE 3,19 TO 21,69.0,Model A,2018,91 years 03 months,838000.0,2026
2025-03,JURONG WEST,3 ROOM,207,BOON LAY PL,04 TO 06,65.0,Improved,1976,50 years 03 months,335000.0,2025
2026-03,SENGKANG,5 ROOM,205C,COMPASSVALE LANE,07 TO 09,123.0,Improved,1999,72 years 04 months,755000.0,2026
2025-06,JURONG WEST,3 ROOM,698C,JURONG WEST CTRL 3,13 TO 15,68.0,Model A,2017,91 years 05 months,595000.0,2025
2026-05,JURONG WEST,4 ROOM,711,JURONG WEST ST 71,01 TO 03,104.0,Model A,1991,63 years 09 months,455000.0,2026
2025-04,BUKIT MERAH,4 ROOM,26B,JLN MEMBINA,13 TO 15,85.0,Model A,2009,82 years 10 months,990000.0,2025
2025-10,WOODLANDS,4 ROOM,856,WOODLANDS ST 83,04 TO 06,106.0,Model A,1996,69 years 06 months,540000.0,2025
2026-05,BUKIT BATOK,4 ROOM,425,BT BATOK WEST AVE 2,01 TO 03,85.0,Simplified,1987,60 years 08 months,458888.0,2026
2025-04,SENGKANG,5 ROOM,290C,COMPASSVALE CRES,07 TO 09,110.0,Improved,2001,75 years 09 months,700000.0,2025
2026-05,BUKIT BATOK,5 ROOM,441B,BT BATOK WEST AVE 8,10 TO 12,112.0,Improved,2019,91 years 11 months,818000.0,2026
2026-01,BUKIT MERAH,4 ROOM,70B,TELOK BLANGAH HTS,10 TO 12,93.0,Model A,2017,90 years 04 months,975000.0,2026
2025-01,HOUGANG,3 ROOM,529,HOUGANG AVE 6,04 TO 06,74.0,Model A,1987,61 years 07 months,460000.0,2025
2025-09,PASIR RIS,4 ROOM,416,PASIR RIS DR 6,10 TO 12,103.0,Model A,1989,63 years 03 months,676888.0,2025
2026-04,WOODLANDS,4 ROOM,682D,WOODLANDS DR 73,10 TO 12,105.0,Premium Apartment,2000,72 years 10 months,585000.0,2026
2025-12,PUNGGOL,5 ROOM,661C,EDGEDALE PLAINS,07 TO 09,112.0,Premium Apartment,2017,90 years 06 months,838000.0,2025
2025-07,SENGKANG,4 ROOM,156,RIVERVALE CRES,01 TO 03,90.0,Model A,2005,79 years 06 months,570000.0,2025
2025-10,WOODLANDS,3 ROOM,130,MARSILING RISE,01 TO 03,60.0,Improved,1985,58 years 03 months,350000.0,2025
2026-03,KALLANG/WHAMPOA,3 ROOM,11,UPP BOON KENG RD,13 TO 15,66.0,Improved,1974,46 years 11 months,450000.0,2026
2025-06,PUNGGOL,5 ROOM,196A,PUNGGOL FIELD,16 TO 18,110.0,Improved,2003,76 years 11 months,685000.0,2025
2025-02,TOA PAYOH,4 ROOM,222,LOR 8 TOA PAYOH,07 TO 09,82.0,Improved,1976,50 years 02 months,485000.0,2025
2025-05,PASIR RIS,4 ROOM,635,PASIR RIS DR 1,07 TO 09,104.0,Model A,1995,69 years 03 months,620000.0,2025
2025-01,BUKIT PANJANG,4 ROOM,207,PETIR RD,07 TO 09,104.0,Model A,1988,62 years 05 months,545000.0,2025
2026-04,SEMBAWANG,3 ROOM,132B,CANBERRA VIEW,04 TO 06,68.0,Model A,2020,93 years 06 months,590000.0,2026
2026-06,PUNGGOL,4 ROOM,269A,PUNGGOL FIELD,16 TO 18,97.0,Premium Apartment,2013,85 years 08 months,818168.0,2026
2025-06,TAMPINES,4 ROOM,601C,TAMPINES AVE 9,13 TO 15,92.0,Model A,2020,93 years 08 months,793000.0,2025
2025-06,JURONG WEST,3 ROOM,209,BOON LAY PL,01 TO 03,65.0,Improved,1976,50 years,310000.0,2025
2026-01,BUKIT MERAH,3 ROOM,110,BT PURMEI RD,07 TO 09,75.0,Model A,1984,57 years 08 months,518000.0,2026
2025-04,SENGKANG,5 ROOM,262D,COMPASSVALE ST,04 TO 06,110.0,Improved,2001,74 years 10 months,718000.0,2025
2025-01,SEMBAWANG,4 ROOM,302,CANBERRA RD,07 TO 09,91.0,Model A2,1998,72 years 10 months,550000.0,2025
2025-11,WOODLANDS,4 ROOM,727,WOODLANDS CIRCLE,10 TO 12,102.0,Model A,1997,70 years 08 months,582888.0,2025
2025-05,SEMBAWANG,3 ROOM,107A,CANBERRA ST,13 TO 15,67.0,Model A,2018,92 years 03 months,560000.0,2025
2025-07,YISHUN,5 ROOM,222,YISHUN ST 21,07 TO 09,134.0,Model A,1985,59 years 03 months,771000.0,2025
2026-02,YISHUN,4 ROOM,501A,YISHUN ST 51,10 TO 12,92.0,Model A,2018,91 years,638000.0,2026
2026-05,JURONG WEST,4 ROOM,925,JURONG WEST ST 92,10 TO 12,103.0,Model A,1988,61 years 06 months,478000.0,2026
2025-11,SEMBAWANG,5 ROOM,486,ADMIRALTY LINK,19 TO 21,110.0,Improved,2004,77 years 06 months,620000.0,2025
2025-05,GEYLANG,4 ROOM,2D,GEYLANG SERAI,16 TO 18,95.0,Model A,2011,85 years 08 months,955000.0,2025
2025-01,KALLANG/WHAMPOA,3 ROOM,2,JLN BATU,04 TO 06,60.0,Standard,1969,43 years 02 months,410000.0,2025
2025-07,ANG MO KIO,3 ROOM,124,ANG MO KIO AVE 6,07 TO 09,67.0,New Generation,1979,52 years 07 months,430000.0,2025
2025-05,YISHUN,3 ROOM,157,YISHUN ST 11,04 TO 06,67.0,New Generation,1985,59 years 06 months,438000.0,2025
2026-06,TOA PAYOH,3 ROOM,27,TOA PAYOH EAST,10 TO 12,67.0,Improved,1971,43 years 08 months,333000.0,2026
2026-05,PUNGGOL,4 ROOM,261B,PUNGGOL WAY,07 TO 09,93.0,Model A,2016,89 years 01 month,700000.0,2026
2025-10,PUNGGOL,4 ROOM,227B,SUMANG LANE,04 TO 06,92.0,Premium Apartment,2018,91 years 06 months,652888.0,2025
2026-02,JURONG WEST,5 ROOM,855,JURONG WEST ST 81,10 TO 12,123.0,Improved,1996,69 years 07 months,605000.0,2026
2025-05,HOUGANG,4 ROOM,994C,BUANGKOK LINK,13 TO 15,93.0,Model A,2021,94 years 09 months,690000.0,2025
2025-04,CHOA CHU KANG,5 ROOM,112,TECK WHYE LANE,04 TO 06,121.0,Improved,1989,63 years,610000.0,2025
2025-11,SENGKANG,4 ROOM,472A,FERNVALE ST,22 TO 24,93.0,Model A,2016,89 years 10 months,690000.0,2025
2026-05,TAMPINES,4 ROOM,911,TAMPINES ST 91,04 TO 06,104.0,Model A,1984,57 years 03 months,625000.0,2026
2026-04,GEYLANG,4 ROOM,36,EUNOS CRES,16 TO 18,85.0,Model A,2006,79 years 09 months,968000.0,2026
2025-08,PUNGGOL,5 ROOM,641B,PUNGGOL DR,01 TO 03,110.0,Premium Apartment,2005,78 years 05 months,640000.0,2025
2026-06,BISHAN,5 ROOM,194,BISHAN ST 13,13 TO 15,121.0,Improved,1987,60 years,1060000.0,2026
2026-02,WOODLANDS,3 ROOM,784C,WOODLANDS RISE,10 TO 12,68.0,Model A,2018,91 years 06 months,488000.0,2026
2026-06,QUEENSTOWN,5 ROOM,14,DOVER CL EAST,19 TO 21,119.0,Standard,1978,50 years 08 months,918000.0,2026
2026-03,BUKIT PANJANG,4 ROOM,448,BT PANJANG RING RD,04 TO 06,101.0,Model A,1997,70 years 04 months,508000.0,2026
2025-07,ANG MO KIO,3 ROOM,343,ANG MO KIO AVE 3,07 TO 09,73.0,New Generation,1978,51 years 10 months,502000.0,2025
2025-08,YISHUN,3 ROOM,334A,YISHUN ST 31,01 TO 03,67.0,Model A,2015,89 years 04 months,470000.0,2025
2026-05,SENGKANG,3 ROOM,467A,FERNVALE LINK,22 TO 24,68.0,Model A,2016,89 years 03 months,556000.0,2026
2026-01,HOUGANG,4 ROOM,994A,BUANGKOK LINK,13 TO 15,93.0,Model A,2021,94 years,677000.0,2026
2025-06,JURONG WEST,3 ROOM,208,BOON LAY PL,13 TO 15,65.0,Improved,1976,50 years 06 months,350000.0,2025
2025-04,SEMBAWANG,3 ROOM,363A,SEMBAWANG CRES,04 TO 06,68.0,Model A,2019,93 years 01 month,486000.0,2025
2025-06,HOUGANG,3 ROOM,316,HOUGANG AVE 7,04 TO 06,59.0,Improved,1993,66 years 11 months,422000.0,2025
2026-02,BUKIT TIMAH,3 ROOM,4,QUEEN'S RD,04 TO 06,73.0,Improved,1974,47 years 02 months,460000.0,2026
2026-01,TAMPINES,5 ROOM,608C,TAMPINES NTH DR 1,01 TO 03,113.0,Improved,2020,93 years 10 months,863000.0,2026
2025-12,TOA PAYOH,5 ROOM,121,LOR 2 TOA PAYOH,10 TO 12,122.0,Improved,2002,75 years 02 months,1146000.0,2025
2025-09,YISHUN,4 ROOM,505D,YISHUN ST 51,04 TO 06,93.0,Model A,2016,89 years 06 months,595000.0,2025
2026-03,CLEMENTI,4 ROOM,333,CLEMENTI AVE 2,13 TO 15,92.0,New Generation,1978,51 years 06 months,668000.0,2026
2025-08,SENGKANG,5 ROOM,122D,RIVERVALE DR,13 TO 15,110.0,Improved,2000,74 years,600000.0,2025
2025-03,BUKIT BATOK,5 ROOM,296B,BT BATOK ST 22,07 TO 09,113.0,Premium Apartment,2018,92 years 01 month,855000.0,2025
2025-06,MARINE PARADE,4 ROOM,45,MARINE CRES,07 TO 09,88.0,Improved,1975,49 years,668000.0,2025
2025-01,SERANGOON,4 ROOM,540,SERANGOON NTH AVE 4,10 TO 12,104.0,Model A,1992,66 years 11 months,628888.0,2025
2026-04,TAMPINES,4 ROOM,254,SIMEI ST 1,07 TO 09,99.0,Model A,1996,69 years 05 months,720000.0,2026
2025-03,WOODLANDS,4 ROOM,703,WOODLANDS DR 40,01 TO 03,100.0,Model A,1996,70 years 08 months,550000.0,2025
2026-06,PASIR RIS,5 ROOM,524B,PASIR RIS ST 51,04 TO 06,113.0,Improved,2015,88 years 02 months,935000.0,2026
2025-02,SEMBAWANG,5 ROOM,108A,CANBERRA WALK,04 TO 06,113.0,Improved,2018,92 years 04 months,765000.0,2025
2025-09,HOUGANG,4 ROOM,985A,BUANGKOK CRES,07 TO 09,85.0,Model A2,2004,77 years 07 months,578888.0,2025
2025-06,BEDOK,3 ROOM,620,BEDOK RESERVOIR RD,10 TO 12,60.0,Improved,1986,60 years 03 months,405000.0,2025
2025-11,HOUGANG,5 ROOM,914,HOUGANG ST 91,07 TO 09,121.0,Improved,1998,71 years 04 months,790000.0,2025
2026-01,WOODLANDS,5 ROOM,687A,WOODLANDS DR 75,01 TO 03,115.0,Premium Apartment,2003,76 years 01 month,588000.0,2026
2026-06,KALLANG/WHAMPOA,3 ROOM,30,BENDEMEER RD,04 TO 06,68.0,Improved,1972,44 years 08 months,385000.0,2026
2026-06,SENGKANG,3 ROOM,456B,SENGKANG WEST RD,07 TO 09,68.0,Model A,2020,93 years 04 months,558000.0,2026
2025-03,ANG MO KIO,3 ROOM,157,ANG MO KIO AVE 4,04 TO 06,69.0,New Generation,1980,54 years 08 months,402000.0,2025
2026-05,YISHUN,3 ROOM,114,YISHUN RING RD,01 TO 03,77.0,Model A,1983,56 years 02 months,420000.0,2026
2026-03,BUKIT MERAH,3 ROOM,2,JLN BT MERAH,01 TO 03,63.0,Improved,1975,48 years 03 months,330000.0,2026
2025-11,HOUGANG,4 ROOM,471B,UPP SERANGOON CRES,04 TO 06,92.0,Model A,2015,88 years 07 months,670000.0,2025
2025-06,HOUGANG,4 ROOM,675,HOUGANG AVE 8,01 TO 03,104.0,Model A,1986,60 years 06 months,600000.0,2025
2025-12,JURONG EAST,5 ROOM,238,JURONG EAST ST 21,04 TO 06,120.0,Improved,1982,55 years 10 months,685000.0,2025
2025-09,BUKIT BATOK,4 ROOM,464A,BT BATOK WEST AVE 8,10 TO 12,93.0,Model A,2021,94 years 10 months,700000.0,2025
2025-05,BEDOK,5 ROOM,104,BEDOK RESERVOIR RD,01 TO 03,121.0,Improved,1985,59 years 02 months,682000.0,2025
2025-07,BUKIT BATOK,3 ROOM,163,BT BATOK ST 11,01 TO 03,73.0,Model A,1985,58 years 06 months,423888.0,2025
2026-03,TAMPINES,5 ROOM,515A,TAMPINES CTRL 7,01 TO 03,110.0,DBSS,2008,81 years 10 months,935000.0,2026
2025-07,JURONG WEST,4 ROOM,140C,CORPORATION DR,07 TO 09,93.0,Model A,2019,93 years,638000.0,2025
2025-02,SERANGOON,4 ROOM,307,SERANGOON AVE 2,07 TO 09,93.0,New Generation,1985,59 years 09 months,688000.0,2025
2025-01,BUKIT TIMAH,4 ROOM,16,TOH YI DR,01 TO 03,104.0,Model A,1988,63 years,750000.0,2025
2026-04,TAMPINES,3 ROOM,462,TAMPINES ST 44,04 TO 06,64.0,Simplified,1987,60 years 04 months,440000.0,2026
2026-02,HOUGANG,5 ROOM,464,UPP SERANGOON RD,10 TO 12,126.0,Improved,1992,65 years 08 months,880000.0,2026
2025-03,BEDOK,4 ROOM,108,BEDOK RESERVOIR RD,10 TO 12,93.0,New Generation,1985,59 years 05 months,600000.0,2025
2025-06,KALLANG/WHAMPOA,3 ROOM,3,BEACH RD,04 TO 06,68.0,Improved,1979,53 years 04 months,420000.0,2025
2026-02,BUKIT BATOK,3 ROOM,281,BT BATOK EAST AVE 3,01 TO 03,64.0,Simplified,1987,60 years 11 months,370000.0,2026
2026-03,BUKIT PANJANG,5 ROOM,473,SEGAR RD,10 TO 12,110.0,Premium Apartment,2003,75 years 10 months,630000.0,2026
2025-05,TAMPINES,3 ROOM,293,TAMPINES ST 22,07 TO 09,73.0,Model A,1984,58 years 01 month,478000.0,2025
2025-03,WOODLANDS,3 ROOM,203,MARSILING DR,04 TO 06,68.0,New Generation,1981,55 years 07 months,355000.0,2025
2026-03,PUNGGOL,4 ROOM,267C,PUNGGOL FIELD,07 TO 09,97.0,Premium Apartment,2013,85 years 11 months,753888.0,2026
2025-04,WOODLANDS,4 ROOM,734,WOODLANDS CIRCLE,07 TO 09,101.0,Model A,1998,71 years 10 months,595000.0,2025
2025-03,GEYLANG,4 ROOM,60,DAKOTA CRES,10 TO 12,111.0,Model A,1983,57 years 08 months,890000.0,2025
2025-11,GEYLANG,3 ROOM,109,ALJUNIED CRES,10 TO 12,60.0,Improved,1986,59 years 02 months,450000.0,2025
2026-02,PASIR RIS,4 ROOM,722,PASIR RIS ST 72,01 TO 03,111.0,Model A,1996,69 years 06 months,600000.0,2026
2025-09,GEYLANG,4 ROOM,417,EUNOS RD 5,10 TO 12,107.0,Model A,1984,58 years 02 months,850000.0,2025
2025-03,PUNGGOL,3 ROOM,120B,EDGEDALE PLAINS,16 TO 18,68.0,Model A,2017,91 years 03 months,540000.0,2025
2026-03,BISHAN,4 ROOM,254,BISHAN ST 22,07 TO 09,115.0,Model A,1992,65 years 05 months,900888.0,2026
2025-09,TAMPINES,5 ROOM,323,TAMPINES ST 33,04 TO 06,130.0,Improved,1995,69 years,758000.0,2025
2026-05,BUKIT BATOK,5 ROOM,461D,BT BATOK WEST AVE 8,10 TO 12,114.0,Improved,2019,92 years 04 months,818000.0,2026
2026-02,CLEMENTI,5 ROOM,356,CLEMENTI AVE 2,10 TO 12,117.0,Standard,1978,51 years 01 month,790000.0,2026
2025-08,YISHUN,5 ROOM,161,YISHUN ST 11,04 TO 06,125.0,Improved,1985,58 years 11 months,630000.0,2025
2026-01,WOODLANDS,3 ROOM,302A,WOODLANDS ST 31,04 TO 06,67.0,Model A,2016,89 years 10 months,508888.0,2026
2026-01,HOUGANG,5 ROOM,238,HOUGANG AVE 1,01 TO 03,136.0,Model A-Maisonette,1984,57 years 07 months,905000.0,2026
2025-10,BUKIT PANJANG,4 ROOM,549B,SEGAR RD,04 TO 06,92.0,Model A,2015,89 years 03 months,590000.0,2025
2025-10,BUKIT MERAH,4 ROOM,40,JLN RUMAH TINGGI,13 TO 15,100.0,Model A,1997,70 years 10 months,756888.0,2025
2025-04,JURONG WEST,5 ROOM,654A,JURONG WEST ST 61,13 TO 15,110.0,Improved,2002,76 years 05 months,680000.0,2025
2025-09,TAMPINES,4 ROOM,522C,TAMPINES CTRL 7,10 TO 12,93.0,Model A,2015,88 years 11 months,828000.0,2025
2026-03,SENGKANG,5 ROOM,122,SENGKANG EAST WAY,13 TO 15,110.0,Improved,2000,73 years 06 months,658000.0,2026
2025-02,BISHAN,4 ROOM,262,BISHAN ST 22,01 TO 03,107.0,Model A,1992,66 years 06 months,715000.0,2025
2025-03,JURONG WEST,4 ROOM,196A,BOON LAY DR,04 TO 06,93.0,Model A,2015,89 years 02 months,602500.0,2025
2025-10,JURONG WEST,4 ROOM,632,JURONG WEST ST 65,13 TO 15,91.0,Model A,2001,75 years 02 months,548000.0,2025
2025-06,BUKIT BATOK,4 ROOM,463B,BT BATOK ST 41,04 TO 06,93.0,Model A,2021,95 years 01 month,620000.0,2025
2025-07,GEYLANG,3 ROOM,328,UBI AVE 1,01 TO 03,64.0,Simplified,1985,59 years 03 months,420000.0,2025
2025-03,PUNGGOL,4 ROOM,176B,EDGEFIELD PLAINS,07 TO 09,90.0,Model A,2003,77 years 06 months,585000.0,2025
2026-05,YISHUN,4 ROOM,638,YISHUN ST 61,07 TO 09,84.0,Simplified,1987,59 years 10 months,460000.0,2026
2025-08,WOODLANDS,5 ROOM,787C,WOODLANDS CRES,04 TO 06,122.0,Improved,1997,71 years 02 months,650000.0,2025
2025-09,ANG MO KIO,3 ROOM,178,ANG MO KIO AVE 4,01 TO 03,68.0,New Generation,1981,54 years 08 months,400000.0,2025
2026-03,JURONG WEST,5 ROOM,175A,YUNG KUANG RD,13 TO 15,113.0,Premium Apartment,2015,88 years 02 months,768000.0,2026
2026-01,JURONG WEST,4 ROOM,337B,TAH CHING RD,10 TO 12,94.0,Model A,2010,83 years 03 months,650888.0,2026
2025-05,BUKIT MERAH,3 ROOM,42,TELOK BLANGAH RISE,04 TO 06,70.0,Improved,1976,49 years 11 months,430000.0,2025
2025-04,CHOA CHU KANG,3 ROOM,809B,CHOA CHU KANG AVE 1,10 TO 12,67.0,Model A,2017,91 years 01 month,490000.0,2025
2025-02,PASIR RIS,5 ROOM,566,PASIR RIS ST 51,07 TO 09,123.0,Improved,1992,66 years 11 months,780000.0,2025
2025-02,PASIR RIS,5 ROOM,119,PASIR RIS ST 11,04 TO 06,123.0,Improved,1989,63 years 06 months,688000.0,2025
2025-03,GEYLANG,3 ROOM,10,HAIG RD,13 TO 15,76.0,Improved,1976,50 years 05 months,460000.0,2025
2026-05,YISHUN,3 ROOM,124,YISHUN ST 11,01 TO 03,67.0,New Generation,1985,58 years 04 months,400000.0,2026
2025-06,HOUGANG,3 ROOM,241,HOUGANG ST 22,04 TO 06,77.0,Model A,1985,58 years 10 months,462800.0,2025
2025-10,GEYLANG,3 ROOM,35,CIRCUIT RD,10 TO 12,63.1,Standard,1971,44 years 04 months,343000.0,2025
2025-01,TAMPINES,4 ROOM,613B,TAMPINES NTH DR 1,13 TO 15,93.0,Model A,2020,94 years 11 months,769000.0,2025
2025-06,BUKIT BATOK,4 ROOM,114,BT BATOK WEST AVE 6,10 TO 12,104.0,Model A,1984,58 years 05 months,601888.0,2025
2026-03,HOUGANG,4 ROOM,987A,BUANGKOK GREEN,07 TO 09,93.0,Model A,2015,88 years,635000.0,2026
2026-04,YISHUN,5 ROOM,316C,YISHUN AVE 9,07 TO 09,112.0,Improved,2015,88 years 07 months,750000.0,2026
2025-03,KALLANG/WHAMPOA,4 ROOM,101,WHAMPOA DR,07 TO 09,91.0,Improved,1974,48 years 01 month,495000.0,2025
2025-08,BUKIT MERAH,5 ROOM,87,ZION RD,10 TO 12,117.0,Improved,1974,47 years 11 months,1000000.0,2025
2025-10,CHOA CHU KANG,4 ROOM,707,CHOA CHU KANG ST 53,01 TO 03,117.0,Model A,1995,68 years 07 months,570000.0,2025
2025-05,JURONG WEST,4 ROOM,552,JURONG WEST ST 42,04 TO 06,108.0,Model A,1984,58 years 06 months,525888.0,2025
2025-06,BEDOK,3 ROOM,105,BEDOK RESERVOIR RD,04 TO 06,70.0,New Generation,1985,59 years 03 months,430000.0,2025
2025-04,ANG MO KIO,3 ROOM,153,ANG MO KIO AVE 5,07 TO 09,68.0,New Generation,1981,54 years 09 months,433000.0,2025
2025-05,KALLANG/WHAMPOA,4 ROOM,78,LOR LIMAU,28 TO 30,93.0,Model A,2018,92 years 02 months,940000.0,2025
2026-01,BUKIT MERAH,5 ROOM,25B,JLN MEMBINA,10 TO 12,110.0,Improved,2009,82 years,1145000.0,2026
2026-02,PUNGGOL,4 ROOM,122B,EDGEDALE PLAINS,07 TO 09,93.0,Model A,2017,90 years 04 months,625000.0,2026
2025-08,SENGKANG,5 ROOM,305A,ANCHORVALE LINK,10 TO 12,110.0,Improved,2002,75 years 07 months,655000.0,2025
2025-11,WOODLANDS,4 ROOM,780D,WOODLANDS CRES,10 TO 12,92.0,Model A,2015,88 years 09 months,595000.0,2025
2025-04,BUKIT MERAH,4 ROOM,93B,TELOK BLANGAH ST 31,04 TO 06,93.0,Model A,2018,92 years 08 months,925000.0,2025
2025-04,YISHUN,4 ROOM,316C,YISHUN AVE 9,01 TO 03,92.0,Model A,2015,89 years 07 months,575000.0,2025
2025-07,ANG MO KIO,5 ROOM,455B,ANG MO KIO ST 44,28 TO 30,113.0,Improved,2018,91 years 08 months,1228000.0,2025
2025-07,BUKIT BATOK,3 ROOM,346,BT BATOK ST 34,01 TO 03,73.0,Model A,1986,59 years 07 months,400000.0,2025
2025-05,TAMPINES,4 ROOM,605B,TAMPINES ST 61,01 TO 03,92.0,Model A,2020,93 years 10 months,706000.0,2025
2025-01,MARINE PARADE,4 ROOM,54,MARINE TER,10 TO 12,88.0,Improved,1975,49 years 01 month,630888.0,2025
2025-03,KALLANG/WHAMPOA,4 ROOM,466,CRAWFORD LANE,13 TO 15,82.0,Improved,1982,56 years 08 months,620000.0,2025
2026-03,HOUGANG,3 ROOM,125,HOUGANG AVE 1,07 TO 09,67.0,New Generation,1981,54 years 06 months,463500.0,2026
2025-04,TAMPINES,4 ROOM,608A,TAMPINES NTH DR 1,04 TO 06,93.0,Model A,2020,94 years 06 months,770000.0,2025
2025-04,CLEMENTI,4 ROOM,417,CLEMENTI AVE 1,07 TO 09,100.0,Model A,2013,87 years 06 months,935000.0,2025
2025-03,BEDOK,3 ROOM,151,BEDOK RESERVOIR RD,07 TO 09,63.0,Simplified,1988,62 years 06 months,460000.0,2025
2026-01,TOA PAYOH,3 ROOM,73,LOR 4 TOA PAYOH,07 TO 09,72.0,Standard,1973,46 years 01 month,480000.0,2026
2025-03,TOA PAYOH,3 ROOM,73,LOR 4 TOA PAYOH,01 TO 03,62.0,Standard,1973,47 years,363000.0,2025
2026-03,CHOA CHU KANG,5 ROOM,518,CHOA CHU KANG ST 51,01 TO 03,124.0,Improved,1995,68 years 07 months,618000.0,2026
2025-11,TAMPINES,5 ROOM,491B,TAMPINES AVE 9,07 TO 09,124.0,Improved,1993,66 years 09 months,745000.0,2025
2025-05,BUKIT BATOK,4 ROOM,238,BT BATOK EAST AVE 5,07 TO 09,99.0,New Generation,1986,60 years 07 months,552000.0,2025
2025-07,SEMBAWANG,4 ROOM,129B,CANBERRA ST,04 TO 06,93.0,Model A,2018,92 years 04 months,665000.0,2025
2026-06,KALLANG/WHAMPOA,3 ROOM,3,JLN BATU,04 TO 06,60.0,Standard,1969,41 years 08 months,357000.0,2026
2025-03,JURONG WEST,4 ROOM,337C,TAH CHING RD,07 TO 09,94.0,Model A,2010,84 years 02 months,615000.0,2025
2025-03,SENGKANG,4 ROOM,116C,RIVERVALE DR,13 TO 15,95.0,Model A,2000,74 years 05 months,580888.0,2025
2026-02,TAMPINES,4 ROOM,840,TAMPINES ST 82,04 TO 06,84.0,Simplified,1986,59 years,560000.0,2026
2025-11,YISHUN,3 ROOM,701,YISHUN AVE 5,04 TO 06,68.0,New Generation,1984,57 years 03 months,388000.0,2025
2025-01,BUKIT MERAH,3 ROOM,16,TAMAN HO SWEE,07 TO 09,54.0,Standard,1970,44 years 01 month,358000.0,2025
2026-05,SENGKANG,4 ROOM,303C,ANCHORVALE LINK,07 TO 09,85.0,Model A2,2001,74 years 05 months,555000.0,2026
2026-05,BEDOK,4 ROOM,10,CHAI CHEE RD,10 TO 12,90.0,Model A,2001,73 years 09 months,678000.0,2026
2025-02,CHOA CHU KANG,4 ROOM,802A,KEAT HONG CL,04 TO 06,92.0,Model A,2018,92 years 02 months,600000.0,2025
2025-12,TAMPINES,4 ROOM,237,TAMPINES ST 21,07 TO 09,104.0,Model A,1984,57 years 11 months,715000.0,2025
2026-05,SERANGOON,3 ROOM,301,SERANGOON AVE 2,04 TO 06,67.0,New Generation,1985,57 years 09 months,460000.0,2026
2025-05,WOODLANDS,3 ROOM,15,MARSILING LANE,01 TO 03,65.0,Improved,1976,49 years 09 months,342000.0,2025
2025-03,BUKIT BATOK,4 ROOM,363,BT BATOK ST 31,07 TO 09,94.0,New Generation,1987,61 years 09 months,560088.0,2025
2025-03,HOUGANG,4 ROOM,933A,HOUGANG AVE 9,13 TO 15,93.0,Model A,2017,91 years 09 months,746188.0,2025
2026-05,SERANGOON,4 ROOM,309,SERANGOON AVE 2,01 TO 03,91.0,New Generation,1985,58 years,560000.0,2026
2025-12,SENGKANG,4 ROOM,436A,FERNVALE RD,19 TO 21,96.0,Model A,2010,83 years 03 months,685000.0,2025
2025-11,TOA PAYOH,3 ROOM,173,LOR 1 TOA PAYOH,04 TO 06,66.0,Improved,1972,45 years 09 months,380000.0,2025
2026-04,TAMPINES,4 ROOM,608C,TAMPINES NTH DR 1,13 TO 15,93.0,Model A,2020,93 years 06 months,790000.0,2026
2026-02,BUKIT PANJANG,4 ROOM,184,JELEBU RD,22 TO 24,91.0,Premium Apartment,2003,76 years 04 months,802888.0,2026
2025-05,SEMBAWANG,4 ROOM,131A,CANBERRA CRES,07 TO 09,92.0,Model A,2020,94 years 05 months,778000.0,2025
2026-06,SENGKANG,5 ROOM,303A,ANCHORVALE LINK,07 TO 09,110.0,Improved,2001,74 years 03 months,680000.0,2026
2026-02,BEDOK,5 ROOM,120,BEDOK NTH ST 2,16 TO 18,117.0,Standard,1978,51 years 02 months,650000.0,2026
2025-02,GEYLANG,4 ROOM,125,GEYLANG EAST AVE 1,04 TO 06,112.0,Model A,1984,58 years 03 months,775000.0,2025
2025-12,SEMBAWANG,4 ROOM,115B,CANBERRA WALK,07 TO 09,93.0,Model A,2018,91 years 08 months,720000.0,2025
2025-09,BUKIT BATOK,3 ROOM,341,BT BATOK ST 34,04 TO 06,73.0,Model A,1986,59 years 08 months,438000.0,2025
2025-12,CLEMENTI,4 ROOM,311B,CLEMENTI AVE 4,22 TO 24,82.0,DBSS,2014,88 years 01 month,968888.0,2025
2026-05,SEMBAWANG,5 ROOM,126C,CANBERRA ST,13 TO 15,113.0,Improved,2020,93 years 06 months,825000.0,2026
2026-03,WOODLANDS,4 ROOM,874,WOODLANDS ST 82,10 TO 12,108.0,Model A,1996,69 years 01 month,590000.0,2026
2026-01,BEDOK,4 ROOM,761,BEDOK RESERVOIR VIEW,04 TO 06,105.0,Premium Apartment,2000,74 years,730000.0,2026
2025-08,ANG MO KIO,3 ROOM,505,ANG MO KIO AVE 8,04 TO 06,82.0,New Generation,1980,54 years 01 month,515000.0,2025
2025-07,BUKIT BATOK,4 ROOM,443A,BT BATOK WEST AVE 8,13 TO 15,92.0,Model A,2019,92 years 09 months,680000.0,2025
2025-05,SEMBAWANG,5 ROOM,501B,WELLINGTON CIRCLE,04 TO 06,110.0,Improved,2001,75 years 04 months,580000.0,2025
2025-06,BUKIT PANJANG,5 ROOM,630,SENJA RD,10 TO 12,110.0,Premium Apartment,2004,78 years 05 months,710000.0,2025
2025-01,WOODLANDS,4 ROOM,183C,WOODLANDS ST 13,19 TO 21,93.0,Model A,2019,93 years 10 months,693000.0,2025
2025-03,HOUGANG,3 ROOM,992A,BUANGKOK LINK,10 TO 12,68.0,Model A,2019,93 years 03 months,510000.0,2025
2026-01,GEYLANG,3 ROOM,83B,CIRCUIT RD,10 TO 12,68.0,Model A,2020,93 years 05 months,805000.0,2026
2026-03,BUKIT PANJANG,3 ROOM,214,PETIR RD,01 TO 03,73.0,Model A,1988,61 years 07 months,420000.0,2026
2025-07,WOODLANDS,4 ROOM,183B,WOODLANDS ST 13,04 TO 06,93.0,Model A,2019,93 years 03 months,645000.0,2025
2025-12,BEDOK,3 ROOM,525,BEDOK NTH ST 3,07 TO 09,67.0,New Generation,1979,52 years 08 months,413000.0,2025
2025-05,TAMPINES,5 ROOM,355,TAMPINES ST 33,04 TO 06,122.0,Improved,1996,69 years 11 months,690000.0,2025
2026-01,WOODLANDS,4 ROOM,620,WOODLANDS DR 52,04 TO 06,92.0,Model A2,1998,71 years 07 months,493000.0,2026
2025-08,TOA PAYOH,4 ROOM,201,TOA PAYOH NTH,10 TO 12,87.0,Improved,1973,46 years 11 months,500000.0,2025
2025-03,BEDOK,3 ROOM,104,BEDOK NTH AVE 4,07 TO 09,67.0,New Generation,1977,51 years 05 months,438000.0,2025
2026-03,BUKIT BATOK,4 ROOM,440D,BT BATOK WEST AVE 8,07 TO 09,92.0,Model A,2019,92 years,665888.0,2026
2025-04,BEDOK,4 ROOM,165,BEDOK STH RD,10 TO 12,83.0,Simplified,1985,58 years 11 months,605000.0,2025
2025-03,TAMPINES,5 ROOM,225,SIMEI ST 4,01 TO 03,122.0,Improved,1988,62 years 10 months,745000.0,2025
2026-05,BUKIT PANJANG,4 ROOM,629,SENJA RD,19 TO 21,93.0,Premium Apartment,2004,77 years 05 months,629000.0,2026
2025-07,PUNGGOL,4 ROOM,666B,PUNGGOL DR,04 TO 06,93.0,Premium Apartment,2016,89 years 07 months,650000.0,2025
2025-01,SENGKANG,3 ROOM,448B,SENGKANG WEST WAY,10 TO 12,67.0,Model A,2014,88 years 08 months,520000.0,2025
2026-02,ANG MO KIO,3 ROOM,637,ANG MO KIO AVE 6,07 TO 09,82.0,New Generation,1980,53 years 08 months,538000.0,2026
2025-12,TOA PAYOH,5 ROOM,12,JOO SENG RD,10 TO 12,132.0,Model A,1984,57 years 07 months,848000.0,2025
2025-12,ANG MO KIO,4 ROOM,405,ANG MO KIO AVE 10,07 TO 09,92.0,New Generation,1979,52 years 06 months,520000.0,2025
2025-07,PUNGGOL,4 ROOM,224B,SUMANG LANE,07 TO 09,93.0,Model A,2018,92 years 05 months,637000.0,2025
2025-09,CHOA CHU KANG,5 ROOM,607,CHOA CHU KANG ST 62,04 TO 06,132.0,Model A,1996,69 years 07 months,743000.0,2025
2025-09,YISHUN,3 ROOM,671A,YISHUN AVE 4,01 TO 03,68.0,Model A,2018,91 years 04 months,492000.0,2025
2026-02,JURONG WEST,5 ROOM,825,JURONG WEST ST 81,10 TO 12,127.0,Improved,1993,66 years 11 months,616000.0,2026
2025-04,PASIR RIS,4 ROOM,142,PASIR RIS ST 11,10 TO 12,110.0,Model A,1994,68 years 01 month,615000.0,2025
2025-09,BUKIT PANJANG,5 ROOM,635A,SENJA RD,25 TO 27,112.0,Improved,2015,89 years 02 months,858000.0,2025
2025-04,KALLANG/WHAMPOA,4 ROOM,26B,ST. GEORGE'S LANE,10 TO 12,92.0,Model A,2020,94 years 02 months,1050000.0,2025
2026-05,BUKIT BATOK,3 ROOM,231,BT BATOK EAST AVE 5,10 TO 12,67.0,New Generation,1985,58 years 02 months,410000.0,2026
2025-03,HOUGANG,4 ROOM,980A,BUANGKOK CRES,13 TO 15,85.0,Model A2,2003,77 years 04 months,561888.0,2025
2025-06,BUKIT PANJANG,4 ROOM,118,PENDING RD,04 TO 06,103.0,Model A,1988,62 years 01 month,516000.0,2025
2025-04,SENGKANG,4 ROOM,440B,FERNVALE LINK,10 TO 12,92.0,Model A,2015,89 years 04 months,658888.0,2025
2026-04,SENGKANG,5 ROOM,223C,COMPASSVALE WALK,10 TO 12,121.0,Improved,1999,72 years,660000.0,2026
2025-04,CHOA CHU KANG,4 ROOM,280,CHOA CHU KANG AVE 3,10 TO 12,104.0,Model A,1992,66 years 05 months,563000.0,2025
2025-02,SENGKANG,4 ROOM,313C,ANCHORVALE RD,10 TO 12,92.0,Premium Apartment,2003,77 years 03 months,620888.0,2025
2025-09,SEMBAWANG,4 ROOM,116A,CANBERRA CRES,07 TO 09,92.0,Model A,2020,93 years 08 months,743899.0,2025
2025-01,ANG MO KIO,3 ROOM,503,ANG MO KIO AVE 5,10 TO 12,68.0,New Generation,1981,55 years 01 month,450000.0,2025
2026-05,SENGKANG,5 ROOM,228A,COMPASSVALE WALK,07 TO 09,115.0,Improved,2000,72 years 10 months,660000.0,2026
2025-01,HOUGANG,3 ROOM,629,HOUGANG AVE 8,01 TO 03,64.0,Simplified,1986,60 years 08 months,420000.0,2025
2026-04,GEYLANG,3 ROOM,62,CIRCUIT RD,04 TO 06,56.0,Standard,1967,39 years 10 months,330000.0,2026
2025-10,BUKIT BATOK,3 ROOM,274,BT BATOK EAST AVE 4,01 TO 03,64.0,Simplified,1988,61 years 08 months,375888.0,2025
2025-04,BEDOK,4 ROOM,106,BEDOK RESERVOIR RD,04 TO 06,91.0,New Generation,1985,59 years 04 months,540000.0,2025
2025-04,JURONG WEST,4 ROOM,986A,JURONG WEST ST 93,04 TO 06,93.0,Premium Apartment,2008,82 years 05 months,595500.0,2025
2025-08,MARINE PARADE,3 ROOM,31,MARINE CRES,04 TO 06,65.0,Improved,1975,48 years 10 months,450000.0,2025
2025-05,KALLANG/WHAMPOA,3 ROOM,116B,JLN TENTERAM,13 TO 15,67.0,Model A,2017,91 years 06 months,630000.0,2025
2025-09,TAMPINES,4 ROOM,519B,TAMPINES CTRL 8,10 TO 12,84.0,DBSS,2014,87 years 09 months,858888.0,2025
2025-02,YISHUN,3 ROOM,203,YISHUN ST 21,01 TO 03,71.0,New Generation,1985,59 years 02 months,445000.0,2025
2026-06,PUNGGOL,5 ROOM,659A,PUNGGOL EAST,16 TO 18,113.0,Improved,2018,91 years 06 months,885000.0,2026
2025-07,JURONG EAST,5 ROOM,63,TEBAN GDNS RD,25 TO 27,115.0,Improved,2003,76 years 11 months,720000.0,2025
2025-05,WOODLANDS,4 ROOM,620,WOODLANDS DR 52,01 TO 03,92.0,Model A2,1998,72 years 02 months,510000.0,2025
2025-04,WOODLANDS,4 ROOM,688B,WOODLANDS DR 75,13 TO 15,90.0,Premium Apartment,2004,78 years,550000.0,2025
2025-09,ANG MO KIO,3 ROOM,468,ANG MO KIO AVE 10,04 TO 06,67.0,New Generation,1979,53 years 03 months,418000.0,2025
2025-12,YISHUN,4 ROOM,137,YISHUN RING RD,04 TO 06,99.0,New Generation,1985,58 years 03 months,495000.0,2025
2025-07,BUKIT PANJANG,5 ROOM,429,BT PANJANG RING RD,10 TO 12,122.0,Improved,1989,62 years 10 months,720000.0,2025
2025-08,SENGKANG,4 ROOM,452A,SENGKANG WEST WAY,22 TO 24,92.0,Model A,2015,88 years 10 months,678000.0,2025
2025-04,JURONG WEST,3 ROOM,150A,CORPORATION DR,07 TO 09,68.0,Model A,2019,93 years 03 months,490000.0,2025
2025-09,JURONG WEST,5 ROOM,218B,BOON LAY AVE,01 TO 03,114.0,Improved,2018,91 years 10 months,720000.0,2025
2026-04,WOODLANDS,4 ROOM,554,WOODLANDS DR 53,07 TO 09,90.0,Model A2,1999,72 years 09 months,533000.0,2026
2025-02,BUKIT BATOK,4 ROOM,293C,BT BATOK ST 21,04 TO 06,92.0,Model A,2019,93 years 01 month,675000.0,2025
2026-05,TAMPINES,4 ROOM,864,TAMPINES ST 83,07 TO 09,104.0,Model A,1988,61 years 02 months,675000.0,2026
2025-01,WOODLANDS,5 ROOM,165,WOODLANDS ST 13,07 TO 09,121.0,Improved,1985,59 years 06 months,670000.0,2025
2025-01,QUEENSTOWN,4 ROOM,160,MEI LING ST,07 TO 09,85.0,Improved,1970,44 years 07 months,585000.0,2025
2025-03,KALLANG/WHAMPOA,4 ROOM,99,WHAMPOA DR,10 TO 12,91.0,Improved,1974,48 years 01 month,518000.0,2025
2025-04,JURONG WEST,3 ROOM,209,BOON LAY PL,10 TO 12,65.0,Improved,1976,50 years 02 months,351888.0,2025
2026-05,BUKIT BATOK,5 ROOM,443C,BT BATOK WEST AVE 8,07 TO 09,112.0,Improved,2019,91 years 10 months,815000.0,2026
2025-12,QUEENSTOWN,5 ROOM,79,DAWSON RD,04 TO 06,107.0,Improved,2020,94 years,1358888.0,2025
2025-06,BEDOK,5 ROOM,66,BEDOK STH AVE 3,19 TO 21,123.0,Standard,1977,51 years 05 months,950000.0,2025
2025-08,YISHUN,4 ROOM,122,YISHUN ST 11,04 TO 06,96.0,New Generation,1984,58 years 03 months,500000.0,2025
2026-01,TOA PAYOH,3 ROOM,143,POTONG PASIR AVE 2,07 TO 09,74.0,Model A,1984,57 years 07 months,625000.0,2026
2026-01,BUKIT PANJANG,4 ROOM,636B,SENJA RD,01 TO 03,92.0,Model A,2015,88 years 10 months,600000.0,2026
2025-01,BUKIT BATOK,5 ROOM,394,BT BATOK WEST AVE 5,10 TO 12,115.0,Improved,2004,78 years 10 months,735000.0,2025
2025-04,BEDOK,5 ROOM,98,BEDOK NTH AVE 4,13 TO 15,123.0,Standard,1978,52 years 09 months,725000.0,2025
2026-02,SENGKANG,4 ROOM,273C,COMPASSVALE LINK,01 TO 03,90.0,Premium Apartment,2009,82 years 07 months,748000.0,2026
2025-07,WOODLANDS,4 ROOM,182B,WOODLANDS ST 13,07 TO 09,93.0,Model A,2019,93 years 03 months,668000.0,2025
2026-05,TAMPINES,4 ROOM,240,TAMPINES ST 21,07 TO 09,104.0,Model A,1984,57 years 04 months,690000.0,2026
2025-01,TAMPINES,4 ROOM,728,TAMPINES ST 71,01 TO 03,104.0,Model A,1997,71 years 09 months,610000.0,2025
2025-09,BUKIT PANJANG,4 ROOM,252,BANGKIT RD,10 TO 12,103.0,Model A,1989,62 years 09 months,555000.0,2025
2025-09,SENGKANG,5 ROOM,309A,ANCHORVALE RD,07 TO 09,111.0,Premium Apartment,2002,76 years 01 month,628000.0,2025
2025-12,QUEENSTOWN,4 ROOM,89,TANGLIN HALT RD,31 TO 33,85.0,Model A,2008,81 years 09 months,980888.0,2025
2025-03,JURONG WEST,5 ROOM,648D,JURONG WEST ST 61,13 TO 15,110.0,Improved,2001,75 years 02 months,665000.0,2025
2026-01,YISHUN,3 ROOM,217,YISHUN ST 21,07 TO 09,68.0,New Generation,1985,58 years 09 months,488000.0,2026
2025-08,BUKIT BATOK,4 ROOM,370,BT BATOK ST 31,07 TO 09,84.0,Simplified,1985,59 years 03 months,540000.0,2025
2025-05,BUKIT MERAH,5 ROOM,87,REDHILL CL,13 TO 15,132.0,Improved,1995,68 years 09 months,1180000.0,2025
2025-10,YISHUN,3 ROOM,117,YISHUN RING RD,01 TO 03,74.0,Model A,1983,56 years 08 months,438000.0,2025
2026-02,YISHUN,3 ROOM,216,YISHUN ST 21,04 TO 06,68.0,New Generation,1985,58 years 01 month,450000.0,2026
2026-02,BUKIT MERAH,3 ROOM,37,JLN RUMAH TINGGI,10 TO 12,53.0,Standard,1969,42 years 05 months,337000.0,2026
2025-05,CHOA CHU KANG,5 ROOM,684A,CHOA CHU KANG CRES,07 TO 09,110.0,Improved,2002,76 years 05 months,570000.0,2025
2025-05,GEYLANG,3 ROOM,112,ALJUNIED CRES,07 TO 09,81.0,New Generation,1980,54 years 04 months,575000.0,2025
2025-07,WOODLANDS,5 ROOM,872,WOODLANDS ST 81,01 TO 03,136.0,Model A,1996,69 years 09 months,675000.0,2025
2026-05,JURONG WEST,4 ROOM,916,JURONG WEST ST 91,10 TO 12,103.0,Model A,1988,61 years 03 months,480000.0,2026
2025-03,SERANGOON,4 ROOM,232,SERANGOON AVE 3,01 TO 03,84.0,Simplified,1985,59 years 04 months,595000.0,2025
2026-03,TOA PAYOH,4 ROOM,139A,LOR 1A TOA PAYOH,13 TO 15,91.0,DBSS,2012,85 years 03 months,1050000.0,2026
2026-02,HOUGANG,4 ROOM,994B,BUANGKOK LINK,13 TO 15,93.0,Model A,2021,94 years,680000.0,2026
2025-10,SERANGOON,4 ROOM,514,SERANGOON NTH AVE 4,04 TO 06,103.0,Model A,1992,65 years 11 months,650000.0,2025
2025-12,WOODLANDS,4 ROOM,717,WOODLANDS DR 70,04 TO 06,101.0,Model A,1997,70 years 07 months,585000.0,2025
2025-01,JURONG WEST,4 ROOM,723,JURONG WEST AVE 5,04 TO 06,104.0,Model A,1990,65 years 01 month,523888.0,2025
2025-01,PUNGGOL,3 ROOM,120A,EDGEDALE PLAINS,10 TO 12,67.0,Model A,2017,91 years 06 months,552000.0,2025
2025-09,TAMPINES,5 ROOM,216,TAMPINES ST 23,10 TO 12,121.0,Improved,1985,58 years 07 months,718888.0,2025
2026-01,BEDOK,4 ROOM,108,BEDOK RESERVOIR RD,10 TO 12,93.0,New Generation,1985,58 years 07 months,578000.0,2026
2025-09,PUNGGOL,4 ROOM,313C,SUMANG LINK,16 TO 18,92.0,Model A,2015,88 years 09 months,745000.0,2025
2025-02,TOA PAYOH,5 ROOM,142,LOR 2 TOA PAYOH,01 TO 03,116.0,Improved,2001,75 years,900000.0,2025
2026-06,BUKIT PANJANG,5 ROOM,443B,FAJAR RD,07 TO 09,113.0,Improved,2016,89 years 07 months,700000.0,2026
2026-02,QUEENSTOWN,4 ROOM,86,DAWSON RD,04 TO 06,87.0,Premium Apartment,2016,89 years 06 months,1015000.0,2026
2026-01,TAMPINES,4 ROOM,891,TAMPINES AVE 8,04 TO 06,100.0,Model A,1997,70 years 04 months,630000.0,2026
2026-04,ANG MO KIO,3 ROOM,213,ANG MO KIO AVE 3,04 TO 06,67.0,New Generation,1976,49 years,375000.0,2026
2025-05,HOUGANG,3 ROOM,174A,HOUGANG AVE 1,04 TO 06,66.0,Model A,2014,87 years 09 months,490000.0,2025
2025-08,KALLANG/WHAMPOA,3 ROOM,65,KALLANG BAHRU,07 TO 09,65.0,Improved,1981,54 years 05 months,445000.0,2025
2025-08,SENGKANG,5 ROOM,307A,ANCHORVALE RD,01 TO 03,110.0,Improved,2001,75 years 02 months,636000.0,2025
2026-04,BEDOK,4 ROOM,122,BEDOK RESERVOIR RD,04 TO 06,103.0,Model A,1987,60 years 02 months,520000.0,2026
2025-07,SENGKANG,4 ROOM,293D,COMPASSVALE CRES,07 TO 09,93.0,Model A,2016,90 years 04 months,665000.0,2025
2026-01,SENGKANG,5 ROOM,146,RIVERVALE DR,07 TO 09,116.0,Improved,1999,72 years 09 months,650000.0,2026
2025-08,JURONG EAST,4 ROOM,53,TEBAN GDNS RD,13 TO 15,83.0,Simplified,1986,60 years 05 months,525000.0,2025
2025-12,BISHAN,4 ROOM,305,SHUNFU RD,07 TO 09,92.0,New Generation,1985,58 years 02 months,770000.0,2025
2026-05,SENGKANG,5 ROOM,157C,RIVERVALE CRES,04 TO 06,110.0,Premium Apartment,2003,76 years 05 months,625000.0,2026
2025-09,BUKIT MERAH,4 ROOM,119B,KIM TIAN RD,22 TO 24,92.0,Model A,2002,76 years 04 months,915000.0,2025
2026-02,ANG MO KIO,5 ROOM,253A,ANG MO KIO ST 21,04 TO 06,135.0,Model A,1996,69 years 02 months,1000000.0,2026
2025-05,BISHAN,5 ROOM,211,BISHAN ST 23,10 TO 12,137.0,Model A,1992,66 years,1130000.0,2025
2026-05,BUKIT BATOK,4 ROOM,422,BT BATOK WEST AVE 2,07 TO 09,94.0,New Generation,1988,61 years 03 months,525000.0,2026
2026-01,CLEMENTI,4 ROOM,312B,CLEMENTI AVE 4,25 TO 27,93.0,Model A,2017,90 years 08 months,1140000.0,2026
2025-11,BUKIT PANJANG,3 ROOM,220,PETIR RD,01 TO 03,73.0,Model A,1989,62 years 04 months,418000.0,2025
2026-01,SENGKANG,4 ROOM,185C,RIVERVALE CRES,07 TO 09,85.0,Model A2,2000,74 years,535000.0,2026
2025-01,TOA PAYOH,3 ROOM,225,LOR 8 TOA PAYOH,01 TO 03,65.0,Improved,1976,50 years 05 months,360000.0,2025
2025-08,WOODLANDS,5 ROOM,511,WOODLANDS DR 14,01 TO 03,128.0,Premium Apartment,1999,72 years 08 months,740000.0,2025
2026-05,SEMBAWANG,4 ROOM,126B,CANBERRA ST,01 TO 03,93.0,Model A,2021,93 years 08 months,600000.0,2026
2025-09,WOODLANDS,4 ROOM,665,WOODLANDS RING RD,01 TO 03,85.0,Model A2,2000,74 years 02 months,523000.0,2025
2025-02,ANG MO KIO,3 ROOM,475,ANG MO KIO AVE 10,13 TO 15,67.0,New Generation,1979,53 years 06 months,450000.0,2025
2025-05,PUNGGOL,4 ROOM,294,PUNGGOL CTRL,13 TO 15,91.0,Premium Apartment,2003,77 years 07 months,628000.0,2025
2025-12,SEMBAWANG,4 ROOM,479,SEMBAWANG DR,10 TO 12,88.0,Model A2,2000,73 years 08 months,500000.0,2025
2025-05,TOA PAYOH,4 ROOM,152,LOR 2 TOA PAYOH,07 TO 09,91.0,Model A,2006,79 years 09 months,988000.0,2025
2025-08,BISHAN,3 ROOM,195,BISHAN ST 13,01 TO 03,64.0,Simplified,1988,61 years 06 months,550000.0,2025
2025-06,BUKIT PANJANG,4 ROOM,522,JELAPANG RD,07 TO 09,102.0,Model A,1998,72 years 01 month,570000.0,2025
2025-09,HOUGANG,5 ROOM,231,HOUGANG ST 21,10 TO 12,142.0,Model A-Maisonette,1984,58 years,1028000.0,2025
2025-04,BEDOK,4 ROOM,431A,BEDOK NTH RD,07 TO 09,94.0,Model A,2021,95 years 02 months,860888.0,2025
2026-03,KALLANG/WHAMPOA,4 ROOM,25A,ST. GEORGE'S LANE,31 TO 33,92.0,Model A,2020,93 years 03 months,1233000.0,2026
2026-05,CENTRAL AREA,4 ROOM,1G,CANTONMENT RD,16 TO 18,94.0,Type S1,2011,83 years 08 months,1350000.0,2026
2025-03,WOODLANDS,5 ROOM,809,WOODLANDS ST 81,10 TO 12,128.0,Improved,1995,69 years 09 months,728000.0,2025
2025-08,CLEMENTI,3 ROOM,379,CLEMENTI AVE 5,04 TO 06,67.0,New Generation,1980,54 years 02 months,390000.0,2025
2025-07,TAMPINES,4 ROOM,289,TAMPINES ST 22,10 TO 12,97.0,New Generation,1985,58 years 10 months,555000.0,2025
2026-05,CENTRAL AREA,5 ROOM,1B,CANTONMENT RD,43 TO 45,105.0,Type S2,2011,83 years 08 months,1630000.0,2026
2025-11,BUKIT BATOK,3 ROOM,269,BT BATOK EAST AVE 4,07 TO 09,64.0,Simplified,1986,60 years,410000.0,2025
2026-05,PUNGGOL,4 ROOM,209B,PUNGGOL PL,13 TO 15,92.0,Model A,2014,87 years 08 months,660000.0,2026
2025-07,BUKIT BATOK,4 ROOM,292B,BT BATOK EAST AVE 6,01 TO 03,93.0,Model A,2019,92 years 06 months,615000.0,2025
2025-05,SENGKANG,5 ROOM,121,RIVERVALE DR,10 TO 12,110.0,Improved,2000,74 years 04 months,590000.0,2025
2025-11,CENTRAL AREA,3 ROOM,4,TG PAGAR PLAZA,10 TO 12,59.0,Improved,1977,50 years 04 months,495000.0,2025
2026-05,ANG MO KIO,5 ROOM,553,ANG MO KIO AVE 10,19 TO 21,119.0,Improved,1980,53 years 04 months,752888.0,2026
2025-06,BUKIT PANJANG,3 ROOM,550A,SEGAR RD,04 TO 06,67.0,Model A,2015,89 years 07 months,490000.0,2025
2025-07,ANG MO KIO,4 ROOM,413,ANG MO KIO AVE 10,07 TO 09,92.0,New Generation,1979,53 years 02 months,571888.0,2025
2025-04,JURONG WEST,4 ROOM,258,BOON LAY DR,13 TO 15,111.0,Model A,1995,69 years 03 months,585000.0,2025
2025-01,CLEMENTI,4 ROOM,342,CLEMENTI AVE 5,10 TO 12,98.0,New Generation,1979,53 years 04 months,610000.0,2025
2026-04,PUNGGOL,3 ROOM,310B,PUNGGOL WALK,04 TO 06,67.0,Premium Apartment,2016,89 years 02 months,505000.0,2026
2026-01,ANG MO KIO,5 ROOM,352,ANG MO KIO ST 32,13 TO 15,110.0,Improved,2001,74 years 10 months,1000000.0,2026
2025-08,BUKIT BATOK,4 ROOM,443A,BT BATOK WEST AVE 8,07 TO 09,92.0,Model A,2019,92 years 08 months,670000.0,2025
2025-07,BISHAN,4 ROOM,120,BISHAN ST 12,04 TO 06,91.0,Simplified,1986,59 years 11 months,820000.0,2025
2026-02,JURONG WEST,4 ROOM,903,JURONG WEST ST 91,07 TO 09,104.0,Model A,1988,61 years 07 months,495000.0,2026
2026-02,CHOA CHU KANG,5 ROOM,142,TECK WHYE LANE,01 TO 03,121.0,Improved,1989,62 years 04 months,610000.0,2026
2026-02,GEYLANG,4 ROOM,33,EUNOS CRES,07 TO 09,90.0,Model A,2007,80 years,945000.0,2026
2026-04,YISHUN,4 ROOM,335A,YISHUN ST 31,04 TO 06,92.0,Model A,2015,88 years 08 months,555000.0,2026
2026-06,JURONG WEST,5 ROOM,652B,JURONG WEST ST 61,01 TO 03,111.0,Improved,2002,75 years 01 month,610000.0,2026
2026-01,TAMPINES,4 ROOM,869A,TAMPINES AVE 8,13 TO 15,92.0,Model A,2015,88 years 06 months,750000.0,2026
2025-09,PUNGGOL,5 ROOM,272A,PUNGGOL WALK,07 TO 09,116.0,Premium Apartment,2014,87 years 07 months,985888.0,2025
2025-12,BEDOK,3 ROOM,188B,BEDOK NTH ST 4,13 TO 15,68.0,Model A,2018,92 years 01 month,657000.0,2025
2025-07,BUKIT MERAH,4 ROOM,115,BT PURMEI RD,07 TO 09,103.0,Model A,1985,58 years 10 months,660000.0,2025
2025-06,YISHUN,4 ROOM,638,YISHUN ST 61,04 TO 06,104.0,Model A,1987,60 years 09 months,518000.0,2025
2025-09,BISHAN,4 ROOM,213,BISHAN ST 23,01 TO 03,105.0,Model A,1992,65 years 08 months,833000.0,2025
2025-07,KALLANG/WHAMPOA,4 ROOM,16,JLN TENTERAM,07 TO 09,75.0,Model A,2002,76 years 02 months,608000.0,2025
2026-05,PUNGGOL,5 ROOM,174D,EDGEDALE PLAINS,07 TO 09,110.0,Improved,2004,76 years 08 months,608000.0,2026
2025-05,JURONG WEST,3 ROOM,917,JURONG WEST ST 91,01 TO 03,73.0,Model A,1988,62 years 03 months,399888.0,2025
2025-07,BUKIT MERAH,3 ROOM,22,TELOK BLANGAH CRES,04 TO 06,70.0,Improved,1975,48 years 11 months,408000.0,2025
2026-02,PUNGGOL,4 ROOM,195C,PUNGGOL RD,04 TO 06,90.0,Premium Apartment,2007,80 years 06 months,577000.0,2026
2025-01,YISHUN,4 ROOM,331,YISHUN RING RD,10 TO 12,103.0,Model A,1988,62 years 11 months,548000.0,2025
2025-12,KALLANG/WHAMPOA,3 ROOM,73,GEYLANG BAHRU,04 TO 06,59.0,Improved,1974,47 years 04 months,367000.0,2025
2025-09,JURONG WEST,5 ROOM,328,TAH CHING RD,01 TO 03,121.0,Improved,1997,70 years 11 months,625000.0,2025
2025-02,QUEENSTOWN,3 ROOM,27,GHIM MOH LINK,25 TO 27,67.0,Model A,2013,87 years 04 months,762888.0,2025
2025-05,QUEENSTOWN,3 ROOM,82,C'WEALTH CL,07 TO 09,60.0,Standard,1967,40 years 09 months,385000.0,2025
2026-01,SEMBAWANG,4 ROOM,475,SEMBAWANG DR,04 TO 06,90.0,Model A,2000,73 years 09 months,515000.0,2026
2026-06,TAMPINES,4 ROOM,140,TAMPINES ST 12,04 TO 06,93.0,New Generation,1984,57 years 07 months,570000.0,2026
2026-03,QUEENSTOWN,3 ROOM,169,STIRLING RD,04 TO 06,60.0,Improved,1970,43 years 05 months,310000.0,2026
2026-01,BISHAN,4 ROOM,235,BISHAN ST 22,07 TO 09,103.0,Model A,1992,65 years 04 months,800000.0,2026
2025-02,JURONG WEST,5 ROOM,613,JURONG WEST ST 62,10 TO 12,113.0,Premium Apartment,2001,75 years,673000.0,2025
2025-04,WOODLANDS,4 ROOM,690F,WOODLANDS DR 75,10 TO 12,90.0,Premium Apartment,2004,77 years 10 months,550000.0,2025
2025-08,BEDOK,5 ROOM,770,BEDOK RESERVOIR VIEW,04 TO 06,115.0,Premium Apartment,2000,74 years 04 months,775000.0,2025
2025-02,PUNGGOL,4 ROOM,211A,PUNGGOL WALK,07 TO 09,92.0,Model A,2014,88 years 03 months,685000.0,2025
2025-05,QUEENSTOWN,3 ROOM,53,STRATHMORE AVE,37 TO 39,62.0,Premium Apartment,2020,94 years 08 months,795000.0,2025
2026-05,BUKIT MERAH,5 ROOM,9A,BOON TIONG RD,07 TO 09,112.0,Improved,2016,88 years 08 months,1500000.0,2026
2025-05,CHOA CHU KANG,4 ROOM,425,CHOA CHU KANG AVE 4,04 TO 06,104.0,Model A,1992,66 years 02 months,560000.0,2025
2025-04,TOA PAYOH,5 ROOM,259,KIM KEAT AVE,10 TO 12,122.0,Improved,1989,62 years 11 months,888000.0,2025
2025-12,KALLANG/WHAMPOA,3 ROOM,806,KING GEORGE'S AVE,13 TO 15,68.0,Improved,1981,54 years 09 months,550000.0,2025
2025-03,BEDOK,3 ROOM,40,CHAI CHEE AVE,07 TO 09,73.0,Improved,1974,47 years 11 months,438000.0,2025
2026-02,CHOA CHU KANG,5 ROOM,562,CHOA CHU KANG ST 52,10 TO 12,129.0,Improved,1995,68 years 05 months,710000.0,2026
2025-02,GEYLANG,5 ROOM,337,UBI AVE 1,01 TO 03,127.0,Improved,1985,60 years,590000.0,2025
2025-01,JURONG EAST,3 ROOM,301,JURONG EAST ST 32,13 TO 15,84.0,New Generation,1983,57 years 04 months,475000.0,2025
2026-03,ANG MO KIO,3 ROOM,330,ANG MO KIO AVE 1,04 TO 06,68.0,New Generation,1981,53 years 11 months,405000.0,2026
2026-06,YISHUN,3 ROOM,424C,YISHUN AVE 11,13 TO 15,67.0,Model A,2015,88 years 07 months,483000.0,2026
2026-01,TOA PAYOH,3 ROOM,98,LOR 1 TOA PAYOH,16 TO 18,68.0,Improved,1970,43 years,385000.0,2026
2025-04,SENGKANG,5 ROOM,155,RIVERVALE CRES,07 TO 09,110.0,Improved,2005,79 years 09 months,650000.0,2025
2025-06,SEMBAWANG,3 ROOM,590B,MONTREAL LINK,04 TO 06,68.0,Model A,2015,88 years 11 months,495000.0,2025
2025-01,TAMPINES,4 ROOM,613B,TAMPINES NTH DR 1,13 TO 15,93.0,Model A,2020,94 years 10 months,765000.0,2025
2025-10,PUNGGOL,4 ROOM,659B,PUNGGOL EAST,01 TO 03,93.0,Model A,2018,92 years 02 months,620000.0,2025
2025-07,ANG MO KIO,4 ROOM,260B,ANG MO KIO ST 21,16 TO 18,93.0,Model A,2018,92 years,965000.0,2025
2026-06,SENGKANG,4 ROOM,228B,COMPASSVALE WALK,01 TO 03,102.0,Model A,1999,72 years 07 months,600000.0,2026
2025-08,TOA PAYOH,4 ROOM,147,LOR 2 TOA PAYOH,22 TO 24,91.0,Model A,2006,79 years 05 months,981000.0,2025
2025-05,BEDOK,5 ROOM,765,BEDOK RESERVOIR VIEW,13 TO 15,115.0,Premium Apartment,2000,74 years 08 months,862888.0,2025
2025-05,BUKIT PANJANG,5 ROOM,167,PETIR RD,10 TO 12,121.0,Improved,1998,72 years 03 months,875000.0,2025
2025-03,YISHUN,3 ROOM,511C,YISHUN ST 51,01 TO 03,68.0,Model A,2017,91 years 07 months,475000.0,2025
2026-02,CHOA CHU KANG,4 ROOM,484A,CHOA CHU KANG AVE 5,04 TO 06,91.0,Model A2,1999,72 years 03 months,508000.0,2026
2025-11,SENGKANG,4 ROOM,415C,FERNVALE LINK,19 TO 21,93.0,Model A,2016,89 years 03 months,698888.0,2025
2025-11,SENGKANG,4 ROOM,436A,FERNVALE RD,07 TO 09,96.0,Model A,2010,83 years 05 months,630000.0,2025
2026-05,BUKIT MERAH,3 ROOM,105,HENDERSON CRES,01 TO 03,65.0,Improved,1975,47 years 09 months,345000.0,2026
2025-11,HOUGANG,4 ROOM,476A,UPP SERANGOON VIEW,07 TO 09,95.0,Premium Apartment,2016,89 years 05 months,800000.0,2025
2025-06,GEYLANG,3 ROOM,19,EUNOS CRES,04 TO 06,65.0,Improved,1977,50 years 11 months,390000.0,2025
2026-01,BUKIT BATOK,4 ROOM,451B,BT BATOK WEST AVE 6,13 TO 15,93.0,Model A,2019,92 years 03 months,710000.0,2026
2026-03,BEDOK,4 ROOM,82,BEDOK NTH RD,10 TO 12,92.0,New Generation,1978,51 years 04 months,560000.0,2026
2025-04,TAMPINES,4 ROOM,609B,TAMPINES NTH DR 1,04 TO 06,93.0,Model A,2020,94 years 07 months,730000.0,2025
2025-01,BUKIT BATOK,5 ROOM,387,BT BATOK WEST AVE 5,07 TO 09,118.0,Improved,2004,78 years 11 months,738000.0,2025
2026-05,JURONG EAST,5 ROOM,288B,JURONG EAST ST 21,10 TO 12,120.0,Improved,2000,72 years 11 months,840000.0,2026
2025-05,SENGKANG,4 ROOM,351D,ANCHORVALE RD,07 TO 09,92.0,Model A,2019,93 years,645000.0,2025
2025-04,PUNGGOL,4 ROOM,310A,PUNGGOL WALK,07 TO 09,92.0,Premium Apartment,2016,90 years 04 months,700000.0,2025
2026-04,TAMPINES,5 ROOM,922,TAMPINES ST 91,10 TO 12,133.0,Model A,1984,57 years 03 months,830000.0,2026
2025-09,ANG MO KIO,4 ROOM,590B,ANG MO KIO ST 51,28 TO 30,93.0,Model A,2019,92 years 05 months,1090000.0,2025
2025-10,TAMPINES,4 ROOM,851,TAMPINES ST 83,04 TO 06,105.0,Model A,1987,61 years 02 months,663000.0,2025
2025-02,BUKIT MERAH,3 ROOM,32,TELOK BLANGAH RISE,04 TO 06,70.0,Improved,1976,50 years 04 months,428000.0,2025
2025-12,TAMPINES,5 ROOM,876A,TAMPINES AVE 8,07 TO 09,113.0,Improved,2021,94 years 11 months,965000.0,2025
2025-09,YISHUN,3 ROOM,728,YISHUN ST 71,07 TO 09,64.0,Simplified,1987,60 years 05 months,400000.0,2025
2026-06,PUNGGOL,5 ROOM,637A,PUNGGOL DR,10 TO 12,112.0,Premium Apartment,2005,77 years 08 months,650000.0,2026
2025-01,QUEENSTOWN,3 ROOM,164,STIRLING RD,01 TO 03,66.0,Improved,1970,44 years 01 month,350000.0,2025
2025-09,HOUGANG,5 ROOM,373,HOUGANG ST 31,16 TO 18,123.0,Improved,2000,73 years 04 months,935000.0,2025
2025-03,QUEENSTOWN,3 ROOM,2,HOLLAND AVE,22 TO 24,65.0,Improved,1974,48 years 03 months,540000.0,2025
2025-06,TAMPINES,4 ROOM,612A,TAMPINES NTH DR 1,04 TO 06,93.0,Model A,2020,94 years 04 months,769000.0,2025
2025-07,SENGKANG,4 ROOM,275B,COMPASSVALE LINK,13 TO 15,90.0,Premium Apartment,2009,83 years,849000.0,2025
2026-06,BUKIT MERAH,4 ROOM,34,TELOK BLANGAH WAY,10 TO 12,82.0,Improved,1976,48 years 11 months,550000.0,2026
2025-10,TOA PAYOH,4 ROOM,102B,BIDADARI PK DR,10 TO 12,93.0,Model A,2021,94 years 09 months,1090000.0,2025
2025-01,BUKIT PANJANG,4 ROOM,468,SEGAR RD,13 TO 15,95.0,Premium Apartment,2002,76 years 07 months,540000.0,2025
2025-03,JURONG WEST,5 ROOM,664A,JURONG WEST ST 64,01 TO 03,110.0,Improved,2000,74 years 05 months,645000.0,2025
2026-01,YISHUN,5 ROOM,504D,YISHUN ST 51,10 TO 12,112.0,Improved,2016,89 years 02 months,805000.0,2026
2026-03,TAMPINES,3 ROOM,868C,TAMPINES AVE 8,07 TO 09,67.0,Model A,2015,88 years 03 months,588000.0,2026
2025-07,ANG MO KIO,3 ROOM,624,ANG MO KIO AVE 4,10 TO 12,82.0,New Generation,1980,54 years 02 months,528000.0,2025
2025-08,JURONG WEST,5 ROOM,667C,JURONG WEST ST 65,13 TO 15,110.0,Improved,2000,73 years 10 months,652888.0,2025
2025-04,ANG MO KIO,4 ROOM,560,ANG MO KIO AVE 10,04 TO 06,92.0,New Generation,1980,53 years 11 months,548888.0,2025
2025-02,TAMPINES,4 ROOM,211,TAMPINES ST 23,07 TO 09,93.0,New Generation,1985,59 years 06 months,625000.0,2025
2026-06,CHOA CHU KANG,4 ROOM,685B,CHOA CHU KANG CRES,04 TO 06,90.0,Model A,2002,75 years 04 months,500000.0,2026
2025-01,TOA PAYOH,4 ROOM,219,LOR 8 TOA PAYOH,16 TO 18,82.0,Improved,1978,52 years 01 month,478000.0,2025
2026-03,WOODLANDS,3 ROOM,102,WOODLANDS ST 13,10 TO 12,67.0,New Generation,1985,58 years 01 month,435000.0,2026
2026-06,YISHUN,4 ROOM,122,YISHUN ST 11,04 TO 06,91.0,New Generation,1984,57 years 06 months,480000.0,2026
2026-06,SEMBAWANG,5 ROOM,480,SEMBAWANG DR,07 TO 09,110.0,Improved,2000,73 years 03 months,575000.0,2026
2025-09,WOODLANDS,4 ROOM,639,WOODLANDS RING RD,01 TO 03,102.0,Model A,1999,72 years 10 months,568000.0,2025
2025-10,SENGKANG,5 ROOM,187A,RIVERVALE DR,07 TO 09,110.0,Improved,2000,74 years 02 months,650000.0,2025
2025-12,ANG MO KIO,3 ROOM,584,ANG MO KIO AVE 3,04 TO 06,82.0,New Generation,1979,52 years 07 months,460000.0,2025
2025-11,YISHUN,4 ROOM,365,YISHUN RING RD,10 TO 12,105.0,Model A,1989,62 years 06 months,565000.0,2025
2025-04,CHOA CHU KANG,4 ROOM,459,CHOA CHU KANG AVE 4,07 TO 09,103.0,Premium Apartment,2000,74 years,550000.0,2025
2025-10,BUKIT BATOK,5 ROOM,446A,BT BATOK WEST AVE 8,16 TO 18,112.0,Improved,2019,92 years 04 months,830000.0,2025
2025-02,BUKIT MERAH,3 ROOM,55,HAVELOCK RD,07 TO 09,69.0,Model A,2013,87 years 04 months,760000.0,2025
2025-12,HOUGANG,4 ROOM,424,HOUGANG AVE 6,07 TO 09,103.0,Model A,1989,63 years 01 month,704000.0,2025
2025-04,BEDOK,3 ROOM,503,BEDOK NTH ST 3,04 TO 06,59.0,Improved,1978,52 years 01 month,378000.0,2025
2026-06,KALLANG/WHAMPOA,4 ROOM,26B,ST. GEORGE'S LANE,22 TO 24,92.0,Model A,2020,93 years,1160000.0,2026
2025-03,TAMPINES,4 ROOM,608A,TAMPINES NTH DR 1,13 TO 15,93.0,Model A,2020,94 years 08 months,750000.0,2025
2025-08,BEDOK,5 ROOM,770,BEDOK RESERVOIR VIEW,04 TO 06,115.0,Premium Apartment,2000,74 years 04 months,747000.0,2025
2025-06,HOUGANG,5 ROOM,470A,UPP SERANGOON CRES,07 TO 09,113.0,Improved,2015,88 years 11 months,870000.0,2025
2025-08,BEDOK,4 ROOM,103,BEDOK NTH AVE 4,04 TO 06,91.0,New Generation,1977,51 years,478000.0,2025
2026-04,KALLANG/WHAMPOA,4 ROOM,23,ST. GEORGE'S RD,01 TO 03,91.0,New Generation,1984,57 years 05 months,543000.0,2026
2025-02,WOODLANDS,3 ROOM,886A,WOODLANDS DR 50,07 TO 09,67.0,Premium Apartment,2015,89 years 01 month,488800.0,2025
2026-06,CHOA CHU KANG,5 ROOM,490D,CHOA CHU KANG AVE 5,04 TO 06,113.0,Improved,2016,89 years 01 month,665000.0,2026
2025-09,PUNGGOL,5 ROOM,204C,PUNGGOL FIELD,13 TO 15,110.0,Improved,2004,78 years 02 months,655000.0,2025
2026-02,BUKIT BATOK,4 ROOM,343,BT BATOK ST 34,04 TO 06,107.0,Model A,1987,60 years 02 months,540000.0,2026
2026-03,JURONG EAST,4 ROOM,267,TOH GUAN RD,16 TO 18,101.0,Model A,1998,71 years 07 months,670000.0,2026
2026-02,TAMPINES,4 ROOM,477,TAMPINES ST 43,04 TO 06,86.0,Simplified,1993,66 years 06 months,548000.0,2026
2025-01,JURONG EAST,5 ROOM,305,JURONG EAST ST 32,07 TO 09,121.0,Improved,1983,57 years 02 months,665000.0,2025
2026-04,JURONG WEST,4 ROOM,632,JURONG WEST ST 65,10 TO 12,91.0,Model A,2001,74 years 07 months,530000.0,2026
2026-01,SENGKANG,5 ROOM,304B,ANCHORVALE LINK,04 TO 06,110.0,Improved,2001,74 years 11 months,652888.0,2026
2026-05,BUKIT MERAH,5 ROOM,19,CANTONMENT CL,19 TO 21,110.0,Improved,2002,75 years 08 months,1180000.0,2026
2025-12,BUKIT MERAH,4 ROOM,21,JLN MEMBINA,10 TO 12,85.0,Model A,2003,76 years 10 months,915000.0,2025
2026-01,BUKIT PANJANG,5 ROOM,613,BT PANJANG RING RD,16 TO 18,111.0,Improved,2002,75 years 04 months,730000.0,2026
2025-08,CLEMENTI,3 ROOM,508,WEST COAST DR,10 TO 12,67.0,New Generation,1978,52 years 01 month,417000.0,2025
2025-12,BEDOK,4 ROOM,427,BEDOK NTH RD,07 TO 09,92.0,New Generation,1979,52 years 02 months,530000.0,2025
2026-04,BUKIT MERAH,5 ROOM,76A,REDHILL RD,28 TO 30,115.0,Improved,2005,78 years 09 months,1205000.0,2026
2026-02,SENGKANG,4 ROOM,296C,COMPASSVALE CRES,13 TO 15,90.0,Model A,2002,75 years 01 month,565000.0,2026
2025-09,SERANGOON,3 ROOM,261,SERANGOON CTRL DR,01 TO 03,65.0,Simplified,1988,61 years 11 months,503000.0,2025
2025-02,GEYLANG,3 ROOM,33,EUNOS CRES,07 TO 09,60.0,Model A,2007,81 years,600000.0,2025
2026-03,WOODLANDS,5 ROOM,504,WOODLANDS DR 14,10 TO 12,124.0,Improved,1999,71 years 11 months,670000.0,2026
2026-06,HOUGANG,4 ROOM,512,HOUGANG AVE 10,04 TO 06,84.0,Simplified,1987,60 years,550800.0,2026
2025-04,SENGKANG,4 ROOM,121A,RIVERVALE DR,07 TO 09,91.0,Model A,2000,74 years 04 months,560000.0,2025
2025-07,HOUGANG,3 ROOM,696,HOUGANG ST 61,07 TO 09,74.0,Model A,1987,61 years 03 months,468000.0,2025
2026-02,ANG MO KIO,4 ROOM,209,ANG MO KIO AVE 3,01 TO 03,91.0,New Generation,1977,50 years 02 months,512000.0,2026
2025-06,BEDOK,4 ROOM,51,NEW UPP CHANGI RD,01 TO 03,84.0,Improved,1977,51 years 04 months,487000.0,2025
2026-03,SEMBAWANG,4 ROOM,102A,CANBERRA ST,07 TO 09,93.0,Model A,2020,93 years 10 months,638888.0,2026
2025-06,SENGKANG,5 ROOM,296C,COMPASSVALE CRES,10 TO 12,111.0,Improved,2002,75 years 09 months,640888.0,2025
2026-06,BEDOK,3 ROOM,547A,BEDOK NTH AVE 1,13 TO 15,68.0,Model A,2021,94 years 02 months,640000.0,2026
2025-02,TAMPINES,4 ROOM,123,SIMEI ST 1,01 TO 03,104.0,Model A,1988,62 years 10 months,620000.0,2025
2026-05,PUNGGOL,4 ROOM,408C,NORTHSHORE DR,04 TO 06,94.0,Model A,2021,94 years,710000.0,2026
2026-05,TAMPINES,5 ROOM,381,TAMPINES ST 32,07 TO 09,129.0,Improved,1993,66 years 04 months,818000.0,2026
2025-07,QUEENSTOWN,5 ROOM,14,DOVER CL EAST,16 TO 18,117.0,Standard,1978,51 years 07 months,970000.0,2025
2025-02,WOODLANDS,4 ROOM,846,WOODLANDS AVE 4,01 TO 03,107.0,Model A,1996,70 years 07 months,560000.0,2025
2025-05,PUNGGOL,5 ROOM,175A,PUNGGOL FIELD,13 TO 15,110.0,Improved,2003,77 years 04 months,660000.0,2025
2025-04,QUEENSTOWN,4 ROOM,51,STRATHMORE AVE,19 TO 21,90.0,Model A,2006,80 years 07 months,965000.0,2025
2025-06,KALLANG/WHAMPOA,3 ROOM,4,JLN BATU,07 TO 09,60.0,Standard,1969,42 years 08 months,335000.0,2025
2025-09,WOODLANDS,5 ROOM,344,WOODLANDS ST 32,07 TO 09,122.0,Improved,1993,66 years 06 months,620000.0,2025
2026-04,BISHAN,3 ROOM,110,BISHAN ST 12,07 TO 09,64.0,Simplified,1986,58 years 10 months,538000.0,2026
2025-12,KALLANG/WHAMPOA,4 ROOM,25A,ST. GEORGE'S LANE,31 TO 33,92.0,Model A,2020,93 years 06 months,1263000.0,2025
2025-06,TOA PAYOH,4 ROOM,118A,ALKAFF CRES,04 TO 06,93.0,Model A,2020,94 years 07 months,1080000.0,2025
2025-08,YISHUN,3 ROOM,270,YISHUN ST 22,10 TO 12,74.0,Model A,1987,61 years 05 months,417000.0,2025
2026-03,PUNGGOL,4 ROOM,212B,PUNGGOL WALK,13 TO 15,93.0,Model A,2015,88 years 02 months,650000.0,2026
2025-09,BEDOK,4 ROOM,221A,BEDOK CTRL,01 TO 03,97.0,Model A,2010,83 years 09 months,888888.0,2025
2025-06,TOA PAYOH,3 ROOM,51,LOR 6 TOA PAYOH,16 TO 18,63.0,Standard,1983,57 years,363888.0,2025
2026-01,TAMPINES,3 ROOM,848,TAMPINES ST 82,04 TO 06,74.0,Model A,1985,58 years 09 months,492888.0,2026
2025-04,SEMBAWANG,3 ROOM,128B,CANBERRA ST,01 TO 03,68.0,Model A,2018,92 years 07 months,488888.0,2025
2026-02,YISHUN,4 ROOM,317C,YISHUN AVE 9,10 TO 12,92.0,Model A,2015,88 years 09 months,635800.0,2026
2025-07,CHOA CHU KANG,5 ROOM,353,CHOA CHU KANG CTRL,07 TO 09,123.0,Improved,1993,66 years 11 months,700000.0,2025
2025-10,SEMBAWANG,5 ROOM,338,SEMBAWANG CRES,13 TO 15,121.0,Improved,1999,72 years 10 months,660000.0,2025
2026-06,SENGKANG,5 ROOM,121,RIVERVALE DR,07 TO 09,110.0,Improved,2000,73 years 03 months,650000.0,2026
2025-12,TAMPINES,5 ROOM,733,TAMPINES ST 71,07 TO 09,123.0,Improved,1997,70 years 07 months,815000.0,2025
2026-01,JURONG WEST,4 ROOM,449,JURONG WEST ST 42,07 TO 09,103.0,Model A,1985,58 years 02 months,515000.0,2026
2025-08,PUNGGOL,3 ROOM,289A,PUNGGOL PL,10 TO 12,73.0,Premium Apartment,2013,86 years 07 months,585000.0,2025
2025-07,SENGKANG,4 ROOM,217B,COMPASSVALE DR,10 TO 12,92.0,Premium Apartment,2017,90 years 11 months,835000.0,2025
2025-11,BEDOK,3 ROOM,419,BEDOK NTH ST 1,01 TO 03,68.0,New Generation,1979,52 years 03 months,440000.0,2025
2025-10,QUEENSTOWN,4 ROOM,18B,HOLLAND DR,13 TO 15,87.0,Model A,2012,85 years 11 months,1030000.0,2025
2026-06,WOODLANDS,5 ROOM,880,WOODLANDS ST 82,10 TO 12,121.0,Improved,1996,69 years 04 months,640000.0,2026
2025-05,BUKIT MERAH,4 ROOM,5,DELTA AVE,10 TO 12,91.0,New Generation,1985,59 years 07 months,783000.0,2025
2025-06,BUKIT PANJANG,3 ROOM,219,PETIR RD,10 TO 12,73.0,Model A,1988,61 years 09 months,478000.0,2025
2025-12,TAMPINES,3 ROOM,852,TAMPINES ST 82,10 TO 12,74.0,Model A,1985,58 years 06 months,480000.0,2025
2025-05,BEDOK,4 ROOM,180,BEDOK NTH RD,01 TO 03,92.0,Model A,2006,79 years 09 months,700000.0,2025
2025-07,TAMPINES,4 ROOM,812,TAMPINES AVE 4,10 TO 12,91.0,New Generation,1984,58 years 03 months,610000.0,2025
2025-06,YISHUN,5 ROOM,426A,YISHUN AVE 11,04 TO 06,112.0,Improved,2015,88 years 10 months,660000.0,2025
2026-06,SEMBAWANG,4 ROOM,501B,WELLINGTON CIRCLE,10 TO 12,91.0,Model A,2001,74 years 03 months,580000.0,2026
2025-06,YISHUN,3 ROOM,712,YISHUN AVE 5,07 TO 09,68.0,New Generation,1984,57 years 10 months,450000.0,2025
2025-03,YISHUN,4 ROOM,507A,YISHUN AVE 4,10 TO 12,93.0,Model A,2018,92 years 02 months,660000.0,2025
2026-06,JURONG WEST,4 ROOM,660A,JURONG WEST ST 64,01 TO 03,91.0,Model A,2001,74 years 03 months,525000.0,2026
2025-04,KALLANG/WHAMPOA,4 ROOM,26B,ST. GEORGE'S LANE,13 TO 15,92.0,Model A,2020,94 years 01 month,1120000.0,2025
2025-06,HOUGANG,3 ROOM,365A,UPP SERANGOON RD,13 TO 15,67.0,Model A,2018,91 years 08 months,612000.0,2025
2025-01,BEDOK,4 ROOM,701,BEDOK RESERVOIR RD,04 TO 06,93.0,New Generation,1980,54 years 11 months,600000.0,2025
2025-10,SEMBAWANG,4 ROOM,510A,WELLINGTON CIRCLE,04 TO 06,90.0,Model A,2004,77 years 11 months,532500.0,2025
2026-01,SERANGOON,4 ROOM,552,SERANGOON NTH AVE 3,07 TO 09,100.0,Model A,1997,70 years 11 months,648000.0,2026
2025-01,WOODLANDS,4 ROOM,183C,WOODLANDS ST 13,10 TO 12,93.0,Model A,2019,93 years 11 months,660000.0,2025
2025-09,GEYLANG,3 ROOM,66,CIRCUIT RD,10 TO 12,56.0,Standard,1967,40 years 04 months,350000.0,2025
2025-11,ANG MO KIO,3 ROOM,330,ANG MO KIO AVE 1,10 TO 12,68.0,New Generation,1981,54 years 03 months,430000.0,2025
2025-07,HOUGANG,5 ROOM,699A,HOUGANG ST 52,10 TO 12,121.0,Improved,1999,72 years 08 months,820000.0,2025
2025-05,ANG MO KIO,5 ROOM,618,ANG MO KIO AVE 4,07 TO 09,133.0,Model A,1996,70 years 01 month,948888.0,2025
2026-04,BUKIT BATOK,3 ROOM,467A,BT BATOK WEST AVE 9,04 TO 06,68.0,Model A,2021,94 years 03 months,495000.0,2026
2025-09,CLEMENTI,4 ROOM,208A,CLEMENTI AVE 6,28 TO 30,93.0,Model A,2017,91 years 02 months,1065000.0,2025
2025-10,SEMBAWANG,5 ROOM,313,SEMBAWANG DR,01 TO 03,120.0,Improved,1999,72 years 04 months,635000.0,2025
2025-09,BEDOK,3 ROOM,529,BEDOK NTH ST 3,10 TO 12,68.0,New Generation,1979,53 years,428000.0,2025
2025-05,MARINE PARADE,4 ROOM,55,MARINE TER,04 TO 06,88.0,Improved,1975,48 years 08 months,570000.0,2025
2025-11,ANG MO KIO,4 ROOM,585,ANG MO KIO AVE 3,04 TO 06,91.0,New Generation,1979,52 years 07 months,600000.0,2025
2025-07,PUNGGOL,4 ROOM,408B,NORTHSHORE DR,13 TO 15,94.0,Model A,2021,94 years 10 months,750000.0,2025
2025-04,BUKIT MERAH,3 ROOM,128,BT MERAH VIEW,16 TO 18,65.0,Improved,1973,47 years 04 months,431000.0,2025
2026-03,YISHUN,3 ROOM,779,YISHUN AVE 2,04 TO 06,64.0,Simplified,1987,60 years 08 months,375000.0,2026
2025-03,PUNGGOL,5 ROOM,176C,EDGEFIELD PLAINS,13 TO 15,110.0,Improved,2003,77 years 07 months,678000.0,2025
2025-09,SENGKANG,5 ROOM,356A,ANCHORVALE LANE,04 TO 06,113.0,Improved,2021,94 years 06 months,845000.0,2025
2025-10,TOA PAYOH,5 ROOM,8,JOO SENG RD,04 TO 06,134.0,Model A,1995,68 years 06 months,918000.0,2025
2025-04,PUNGGOL,5 ROOM,265B,PUNGGOL WAY,10 TO 12,111.0,Improved,2015,89 years 03 months,870000.0,2025
2025-03,QUEENSTOWN,5 ROOM,79,DAWSON RD,28 TO 30,107.0,Improved,2020,94 years 09 months,1468888.0,2025
2025-12,BUKIT PANJANG,4 ROOM,102,GANGSA RD,04 TO 06,103.0,Model A,1988,61 years 02 months,560000.0,2025
2025-01,TAMPINES,4 ROOM,608B,TAMPINES NTH DR 1,10 TO 12,93.0,Model A,2020,94 years 10 months,787000.0,2025
2025-03,JURONG WEST,4 ROOM,950,JURONG WEST ST 91,01 TO 03,105.0,Model A,1989,63 years 03 months,475000.0,2025
2025-09,JURONG WEST,5 ROOM,663A,JURONG WEST ST 65,16 TO 18,110.0,Improved,2000,73 years 10 months,718888.0,2025
2025-06,BEDOK,3 ROOM,219D,BEDOK CTRL,16 TO 18,69.0,Model A,2010,84 years,718000.0,2025
2025-11,SERANGOON,4 ROOM,414,SERANGOON CTRL,07 TO 09,113.0,Model A,1989,62 years 03 months,965000.0,2025
2025-10,YISHUN,3 ROOM,673C,YISHUN AVE 4,07 TO 09,68.0,Model A,2018,92 years 02 months,512000.0,2025
2025-11,JURONG WEST,5 ROOM,529,JURONG WEST ST 52,04 TO 06,118.0,Improved,1982,55 years 09 months,606000.0,2025
2026-05,ANG MO KIO,4 ROOM,228B,ANG MO KIO ST 23,01 TO 03,93.0,Model A,2021,94 years 05 months,900000.0,2026
2026-05,GEYLANG,4 ROOM,5,HAIG RD,10 TO 12,92.0,New Generation,1976,49 years 02 months,603000.0,2026
2025-07,HOUGANG,3 ROOM,119,HOUGANG AVE 1,10 TO 12,67.0,New Generation,1981,55 years 02 months,460000.0,2025
2025-10,BUKIT PANJANG,4 ROOM,142,PETIR RD,07 TO 09,103.0,Model A,1988,61 years 05 months,575000.0,2025
2025-05,YISHUN,5 ROOM,505D,YISHUN ST 51,13 TO 15,113.0,Improved,2016,89 years 10 months,778000.0,2025
2026-06,PUNGGOL,4 ROOM,303C,PUNGGOL CTRL,10 TO 12,93.0,Premium Apartment,2010,83 years 01 month,720000.0,2026
2025-09,SEMBAWANG,5 ROOM,319,SEMBAWANG CL,04 TO 06,119.0,Improved,1999,72 years 08 months,715000.0,2025
2025-09,BEDOK,3 ROOM,188A,BEDOK NTH ST 4,04 TO 06,68.0,Model A,2018,92 years 03 months,618000.0,2025
2025-08,JURONG WEST,4 ROOM,866,JURONG WEST ST 81,04 TO 06,108.0,Model A,1996,70 years 03 months,510000.0,2025
2025-01,HOUGANG,4 ROOM,711,HOUGANG AVE 2,04 TO 06,91.0,New Generation,1986,60 years 06 months,550000.0,2025
2025-05,TAMPINES,4 ROOM,610A,TAMPINES NTH DR 1,04 TO 06,93.0,Model A,2020,94 years 05 months,743000.0,2025
2025-06,PASIR RIS,5 ROOM,526D,PASIR RIS ST 51,10 TO 12,113.0,Improved,2015,89 years 02 months,842000.0,2025
2025-06,YISHUN,4 ROOM,145,YISHUN ST 11,01 TO 03,96.0,New Generation,1985,59 years,528000.0,2025
2026-03,SEMBAWANG,3 ROOM,463A,SEMBAWANG DR,10 TO 12,67.0,Model A,2015,88 years 03 months,520000.0,2026
2026-05,JURONG WEST,4 ROOM,651B,JURONG WEST ST 61,04 TO 06,91.0,Model A,2002,75 years 02 months,575000.0,2026
2025-12,PUNGGOL,4 ROOM,306D,PUNGGOL DR,10 TO 12,97.0,Premium Apartment,2012,85 years 08 months,760000.0,2025
2026-02,TOA PAYOH,3 ROOM,26,TOA PAYOH EAST,10 TO 12,67.0,Improved,1971,43 years 11 months,370000.0,2026
2026-05,TAMPINES,5 ROOM,608A,TAMPINES NTH DR 1,10 TO 12,113.0,Improved,2020,93 years 06 months,922888.0,2026
2026-05,BEDOK,3 ROOM,50,CHAI CHEE ST,10 TO 12,68.0,New Generation,1981,54 years 02 months,360000.0,2026
2025-10,BEDOK,5 ROOM,766,BEDOK RESERVOIR VIEW,04 TO 06,115.0,Premium Apartment,2000,74 years 02 months,750000.0,2025
2025-07,PUNGGOL,4 ROOM,193,EDGEFIELD PLAINS,01 TO 03,90.0,Premium Apartment,2003,77 years 05 months,580000.0,2025
2025-08,KALLANG/WHAMPOA,3 ROOM,15,FARRER PK RD,19 TO 21,62.0,Model A,2004,77 years 11 months,645000.0,2025
2026-04,BEDOK,3 ROOM,532,BEDOK NTH ST 3,04 TO 06,68.0,New Generation,1980,52 years 10 months,378000.0,2026
2025-06,WOODLANDS,4 ROOM,766,WOODLANDS CIRCLE,01 TO 03,91.0,Model A,2003,77 years 02 months,525000.0,2025
2025-02,SENGKANG,4 ROOM,184C,RIVERVALE CRES,04 TO 06,85.0,Model A2,2003,77 years 05 months,530000.0,2025
2026-03,CHOA CHU KANG,5 ROOM,549,CHOA CHU KANG ST 52,04 TO 06,124.0,Improved,1995,68 years 03 months,628000.0,2026
2026-06,YISHUN,5 ROOM,350,YISHUN AVE 11,10 TO 12,121.0,Improved,1988,61 years 03 months,650000.0,2026
2025-11,KALLANG/WHAMPOA,3 ROOM,1,BEACH RD,07 TO 09,68.0,Improved,1979,52 years 11 months,471888.0,2025
2025-11,BUKIT PANJANG,3 ROOM,249,BANGKIT RD,04 TO 06,73.0,Model A,1989,62 years 03 months,420000.0,2025
2025-07,CHOA CHU KANG,4 ROOM,681,CHOA CHU KANG CRES,04 TO 06,106.0,Premium Apartment,1999,73 years 03 months,525000.0,2025
2026-02,WOODLANDS,4 ROOM,427,WOODLANDS ST 41,07 TO 09,100.0,Model A,1997,70 years 02 months,550000.0,2026
2026-03,SENGKANG,5 ROOM,457A,SENGKANG WEST RD,04 TO 06,113.0,Improved,2020,93 years 07 months,750000.0,2026
2025-06,PUNGGOL,4 ROOM,268D,PUNGGOL FIELD,13 TO 15,99.0,Premium Apartment,2013,86 years 08 months,800000.0,2025
2026-04,PUNGGOL,3 ROOM,663A,PUNGGOL DR,07 TO 09,65.0,Model A,2016,89 years 02 months,508000.0,2026
2025-04,BUKIT PANJANG,5 ROOM,204,PETIR RD,01 TO 03,122.0,Improved,1988,62 years 07 months,595000.0,2025
2025-10,JURONG WEST,4 ROOM,450,JURONG WEST ST 42,01 TO 03,106.0,Model A,1985,58 years 08 months,485000.0,2025
2026-06,PUNGGOL,5 ROOM,679B,PUNGGOL DR,07 TO 09,113.0,Premium Apartment,2016,89 years 04 months,928000.0,2026
2025-10,SENGKANG,5 ROOM,336B,ANCHORVALE CRES,13 TO 15,111.0,Premium Apartment,2015,89 years 03 months,860000.0,2025
2026-04,TAMPINES,4 ROOM,874B,TAMPINES ST 85,01 TO 03,93.0,Model A,2021,94 years 07 months,720888.0,2026
2025-04,TAMPINES,4 ROOM,928,TAMPINES ST 91,01 TO 03,106.0,Model A,1984,58 years 06 months,625000.0,2025
2025-07,CENTRAL AREA,3 ROOM,5,TG PAGAR PLAZA,19 TO 21,59.0,Improved,1977,50 years 07 months,588000.0,2025
2025-09,JURONG EAST,3 ROOM,306,JURONG EAST ST 32,10 TO 12,82.0,New Generation,1983,57 years,445000.0,2025
2025-07,TOA PAYOH,4 ROOM,14,LOR 7 TOA PAYOH,07 TO 09,104.0,Model A,1998,72 years 01 month,760000.0,2025
2025-02,SENGKANG,4 ROOM,209C,COMPASSVALE LANE,16 TO 18,92.0,Model A,2011,85 years 10 months,668000.0,2025
2025-03,CHOA CHU KANG,4 ROOM,763,CHOA CHU KANG NTH 5,13 TO 15,104.0,Model A,1996,70 years 06 months,550000.0,2025
2025-08,PASIR RIS,5 ROOM,615,ELIAS RD,10 TO 12,129.0,Improved,1996,70 years,770000.0,2025
2025-10,BUKIT MERAH,4 ROOM,88,TELOK BLANGAH HTS,10 TO 12,90.0,Model A,2003,76 years 06 months,803000.0,2025
2026-02,HOUGANG,3 ROOM,365D,UPP SERANGOON RD,10 TO 12,67.0,Model A,2018,91 years 01 month,630088.0,2026
2025-12,TAMPINES,4 ROOM,498G,TAMPINES ST 45,07 TO 09,106.0,Premium Apartment,1997,70 years 08 months,650000.0,2025
2025-06,PUNGGOL,4 ROOM,268B,PUNGGOL FIELD,10 TO 12,96.0,Premium Apartment,2013,86 years 08 months,730000.0,2025
2025-04,BEDOK,3 ROOM,542,BEDOK NTH ST 3,04 TO 06,67.0,New Generation,1985,59 years 05 months,435000.0,2025
2025-01,WOODLANDS,5 ROOM,410,WOODLANDS ST 41,04 TO 06,128.0,Improved,1996,70 years 01 month,658000.0,2025
2026-04,GEYLANG,3 ROOM,53,SIMS PL,04 TO 06,76.0,Improved,1981,53 years 10 months,430000.0,2026
2025-04,QUEENSTOWN,3 ROOM,167,STIRLING RD,07 TO 09,60.0,Improved,1971,44 years 10 months,360000.0,2025
2025-05,JURONG WEST,3 ROOM,464,JURONG WEST ST 41,04 TO 06,73.0,Model A,1984,58 years 02 months,400000.0,2025
2026-05,CHOA CHU KANG,4 ROOM,487B,CHOA CHU KANG AVE 5,13 TO 15,93.0,Model A,2016,89 years 02 months,610888.0,2026
2025-02,KALLANG/WHAMPOA,4 ROOM,108,MCNAIR RD,04 TO 06,103.0,Model A,1987,61 years 06 months,680000.0,2025
2026-05,ANG MO KIO,3 ROOM,523,ANG MO KIO AVE 5,10 TO 12,68.0,New Generation,1980,53 years 04 months,465000.0,2026
2025-07,KALLANG/WHAMPOA,3 ROOM,74,WHAMPOA DR,07 TO 09,66.0,Improved,1981,54 years 11 months,415000.0,2025
2026-01,PUNGGOL,4 ROOM,612D,PUNGGOL DR,13 TO 15,93.0,Model A,2012,85 years 11 months,690000.0,2026
2026-05,WOODLANDS,4 ROOM,543,WOODLANDS DR 16,10 TO 12,101.0,Model A,2000,73 years 02 months,609000.0,2026
2025-08,TOA PAYOH,3 ROOM,123,LOR 1 TOA PAYOH,07 TO 09,67.0,Improved,1970,43 years 05 months,415000.0,2025
2026-06,PUNGGOL,3 ROOM,682C,EDGEDALE PLAINS,16 TO 18,68.0,Premium Apartment,2018,91 years 03 months,575000.0,2026
2025-09,JURONG EAST,3 ROOM,411,PANDAN GDNS,04 TO 06,72.0,Improved,1979,52 years 09 months,382000.0,2025
2025-01,BUKIT MERAH,5 ROOM,87,ZION RD,19 TO 21,114.0,Improved,1974,48 years 07 months,995000.0,2025
2025-03,KALLANG/WHAMPOA,3 ROOM,15,FARRER PK RD,22 TO 24,62.0,Model A,2004,78 years 03 months,740000.0,2025
2025-09,KALLANG/WHAMPOA,4 ROOM,78,LOR LIMAU,13 TO 15,93.0,Model A,2018,91 years 10 months,920000.0,2025
2025-11,TAMPINES,5 ROOM,862,TAMPINES ST 83,01 TO 03,122.0,Improved,1988,61 years 07 months,690000.0,2025
2026-02,KALLANG/WHAMPOA,4 ROOM,6,BOON KENG RD,04 TO 06,108.0,Model A,1996,69 years 10 months,928000.0,2026
2025-07,CHOA CHU KANG,5 ROOM,487C,CHOA CHU KANG AVE 5,13 TO 15,113.0,Improved,2016,89 years 11 months,707888.0,2025
2025-06,TOA PAYOH,4 ROOM,115C,ALKAFF CRES,07 TO 09,93.0,Model A,2020,94 years 06 months,1050000.0,2025
2025-12,JURONG WEST,5 ROOM,416,JURONG WEST ST 42,10 TO 12,134.0,Model A,1984,57 years 09 months,650000.0,2025
2025-03,HOUGANG,4 ROOM,137,LOR AH SOO,07 TO 09,113.0,Model A,1985,59 years 03 months,618000.0,2025
2026-03,WOODLANDS,3 ROOM,570B,WOODLANDS AVE 1,01 TO 03,67.0,Model A,2013,86 years 08 months,495000.0,2026
2025-02,SEMBAWANG,5 ROOM,424,CANBERRA RD,04 TO 06,110.0,Improved,2001,75 years 03 months,600000.0,2025
2026-06,KALLANG/WHAMPOA,5 ROOM,9,BOON KENG RD,13 TO 15,107.0,DBSS,2011,83 years 08 months,1300000.0,2026
2026-06,CHOA CHU KANG,4 ROOM,817B,KEAT HONG LINK,07 TO 09,92.0,Model A,2017,90 years 04 months,630000.0,2026
2025-07,BEDOK,3 ROOM,138,BEDOK NTH ST 2,10 TO 12,67.0,New Generation,1978,51 years 09 months,435000.0,2025
2026-06,QUEENSTOWN,4 ROOM,61B,STRATHMORE AVE,19 TO 21,93.0,Model A,2011,84 years 03 months,1095000.0,2026
2025-01,BUKIT PANJANG,4 ROOM,480,SEGAR RD,04 TO 06,92.0,Premium Apartment,2002,77 years,515000.0,2025
2025-05,SENGKANG,4 ROOM,134,RIVERVALE ST,07 TO 09,100.0,Model A,1999,72 years 10 months,608000.0,2025
2025-01,BEDOK,4 ROOM,127,BEDOK NTH ST 2,10 TO 12,92.0,New Generation,1978,52 years 05 months,555000.0,2025
2025-07,BISHAN,4 ROOM,123,BISHAN ST 12,04 TO 06,84.0,Simplified,1986,59 years 07 months,728000.0,2025
2025-12,WOODLANDS,3 ROOM,182A,WOODLANDS ST 13,04 TO 06,68.0,Model A,2019,92 years 10 months,530000.0,2025
2025-03,JURONG WEST,4 ROOM,734,JURONG WEST ST 73,07 TO 09,106.0,Model A,1995,69 years 03 months,532000.0,2025
2025-10,SENGKANG,5 ROOM,188C,RIVERVALE DR,13 TO 15,115.0,Improved,2000,73 years 11 months,600000.0,2025
2025-12,BUKIT BATOK,3 ROOM,215,BT BATOK ST 21,07 TO 09,67.0,New Generation,1984,58 years,418000.0,2025
2025-05,JURONG EAST,5 ROOM,322,JURONG EAST ST 31,04 TO 06,121.0,Improved,1985,59 years 05 months,608888.0,2025
2025-02,TOA PAYOH,4 ROOM,202,TOA PAYOH NTH,01 TO 03,87.0,Improved,1973,47 years 05 months,500000.0,2025
2025-01,BUKIT MERAH,5 ROOM,120A,KIM TIAN PL,07 TO 09,115.0,Improved,2001,75 years 04 months,1058000.0,2025
2026-03,TOA PAYOH,5 ROOM,16,JOO SENG RD,16 TO 18,132.0,Model A,1984,56 years 10 months,858888.0,2026
2026-04,TOA PAYOH,4 ROOM,104A,BIDADARI PK DR,04 TO 06,93.0,Model A,2021,94 years 02 months,1058000.0,2026
2025-05,BISHAN,4 ROOM,115,BISHAN ST 12,04 TO 06,104.0,Model A,1986,59 years 09 months,888000.0,2025
2026-02,TAMPINES,3 ROOM,296,TAMPINES ST 22,07 TO 09,67.0,New Generation,1985,58 years 06 months,455000.0,2026
2026-01,ANG MO KIO,3 ROOM,532,ANG MO KIO AVE 10,01 TO 03,69.0,New Generation,1980,53 years 08 months,380000.0,2026
2025-06,QUEENSTOWN,5 ROOM,14,DOVER CL EAST,10 TO 12,117.0,Standard,1978,51 years 08 months,868000.0,2025
2026-01,TOA PAYOH,3 ROOM,183,TOA PAYOH CTRL,01 TO 03,67.0,Improved,1972,45 years 08 months,410000.0,2026
2025-07,CHOA CHU KANG,4 ROOM,610,CHOA CHU KANG ST 62,07 TO 09,108.0,Model A,1996,69 years 10 months,580000.0,2025
2025-07,TAMPINES,4 ROOM,609B,TAMPINES NTH DR 1,01 TO 03,93.0,Model A,2020,94 years 03 months,748000.0,2025
2025-07,PUNGGOL,4 ROOM,603B,PUNGGOL RD,13 TO 15,93.0,Model A,2012,86 years 02 months,658888.0,2025
2025-10,WOODLANDS,3 ROOM,340,WOODLANDS AVE 1,01 TO 03,68.0,New Generation,1995,68 years 10 months,438000.0,2025
2026-02,SENGKANG,3 ROOM,355A,ANCHORVALE LANE,16 TO 18,68.0,Model A,2021,94 years 01 month,559000.0,2026
2026-01,TAMPINES,4 ROOM,876A,TAMPINES AVE 8,04 TO 06,93.0,Model A,2021,94 years 09 months,738000.0,2026
2026-06,BUKIT BATOK,4 ROOM,337,BT BATOK ST 34,07 TO 09,84.0,Simplified,1986,59 years 05 months,480000.0,2026
2026-06,PUNGGOL,3 ROOM,409A,NORTHSHORE DR,04 TO 06,67.0,Model A,2021,94 years,560000.0,2026
2025-02,JURONG WEST,3 ROOM,214,BOON LAY PL,04 TO 06,66.0,Improved,1974,48 years 09 months,310000.0,2025
2025-08,BUKIT MERAH,4 ROOM,58,HAVELOCK RD,07 TO 09,89.0,Model A,2013,86 years 09 months,978000.0,2025
2026-04,JURONG WEST,3 ROOM,561A,JURONG WEST ST 42,10 TO 12,68.0,Model A,2018,90 years 11 months,480000.0,2026
2025-03,JURONG WEST,3 ROOM,510,JURONG WEST ST 52,07 TO 09,74.0,Model A,1984,58 years,438000.0,2025
2025-11,QUEENSTOWN,5 ROOM,20,HOLLAND DR,10 TO 12,117.0,Standard,1975,48 years 03 months,975000.0,2025
2025-11,JURONG EAST,3 ROOM,57,TEBAN GDNS RD,04 TO 06,67.0,Model A,2016,90 years 01 month,470000.0,2025
2025-01,BUKIT MERAH,4 ROOM,9A,BOON TIONG RD,31 TO 33,92.0,Model A,2016,90 years 02 months,1250000.0,2025
2025-08,JURONG WEST,5 ROOM,644,JURONG WEST ST 61,04 TO 06,121.0,Improved,1998,72 years,660000.0,2025
2026-03,WOODLANDS,4 ROOM,681B,WOODLANDS DR 62,07 TO 09,105.0,Premium Apartment,2000,73 years,595000.0,2026
2025-08,JURONG WEST,4 ROOM,680C,JURONG WEST CTRL 1,01 TO 03,95.0,Premium Apartment,2000,74 years,565000.0,2025
2026-03,CHOA CHU KANG,4 ROOM,767,CHOA CHU KANG ST 54,13 TO 15,106.0,Model A,1996,69 years 08 months,558888.0,2026
2026-05,BUKIT BATOK,4 ROOM,292B,BT BATOK EAST AVE 6,19 TO 21,93.0,Model A,2019,91 years 09 months,795000.0,2026
2026-05,BEDOK,5 ROOM,748B,BEDOK RESERVOIR CRES,01 TO 03,105.0,DBSS,2014,87 years 04 months,1060000.0,2026
2025-02,CHOA CHU KANG,5 ROOM,457,CHOA CHU KANG AVE 4,10 TO 12,123.0,Premium Apartment,2000,74 years 01 month,648000.0,2025
2025-01,JURONG EAST,3 ROOM,371,JURONG EAST ST 32,13 TO 15,64.0,Model A,2014,88 years 02 months,488000.0,2025
2026-05,ANG MO KIO,4 ROOM,590A,ANG MO KIO ST 51,04 TO 06,93.0,Model A,2019,91 years 10 months,925000.0,2026
2025-07,YISHUN,3 ROOM,320,YISHUN CTRL,04 TO 06,74.0,Model A,1988,61 years 08 months,435000.0,2025
2026-06,SENGKANG,4 ROOM,203E,COMPASSVALE RD,13 TO 15,90.0,Model A,2000,73 years 07 months,590000.0,2026
2025-11,TAMPINES,5 ROOM,523A,TAMPINES CTRL 7,13 TO 15,113.0,Improved,2015,88 years 09 months,958000.0,2025
2025-07,JURONG WEST,4 ROOM,711,JURONG WEST ST 71,04 TO 06,104.0,Model A,1991,64 years 07 months,530000.0,2025
2025-11,KALLANG/WHAMPOA,4 ROOM,8A,UPP BOON KENG RD,13 TO 15,95.0,Premium Apartment,2017,90 years 09 months,1168000.0,2025
2025-11,KALLANG/WHAMPOA,4 ROOM,25A,ST. GEORGE'S LANE,31 TO 33,92.0,Model A,2020,93 years 07 months,1140000.0,2025
2025-11,WOODLANDS,4 ROOM,875,WOODLANDS ST 82,07 TO 09,108.0,Model A,1996,69 years 05 months,580000.0,2025
2026-04,HOUGANG,5 ROOM,310,HOUGANG AVE 5,10 TO 12,121.0,Improved,1984,56 years 11 months,670000.0,2026
2025-03,YISHUN,4 ROOM,259,YISHUN ST 22,07 TO 09,84.0,Simplified,1986,60 years 04 months,490000.0,2025
2026-02,PUNGGOL,4 ROOM,101D,PUNGGOL FIELD,04 TO 06,90.0,Model A,2002,75 years 08 months,570000.0,2026
2025-03,PUNGGOL,5 ROOM,122A,EDGEDALE PLAINS,07 TO 09,112.0,Improved,2017,91 years 03 months,716000.0,2025
2025-01,BEDOK,3 ROOM,127,BEDOK NTH ST 2,07 TO 09,67.0,New Generation,1978,52 years 06 months,425000.0,2025
2026-06,JURONG WEST,5 ROOM,667A,JURONG WEST ST 65,04 TO 06,110.0,Improved,2000,73 years 02 months,625000.0,2026
2026-06,TOA PAYOH,4 ROOM,14,LOR 7 TOA PAYOH,10 TO 12,106.0,Model A,1998,71 years 02 months,788888.0,2026
2026-05,BUKIT MERAH,5 ROOM,76A,REDHILL RD,01 TO 03,115.0,Improved,2005,78 years 08 months,1035000.0,2026
2025-04,KALLANG/WHAMPOA,4 ROOM,4,BOON KENG RD,07 TO 09,104.0,Model A,1996,70 years 05 months,838000.0,2025
2025-07,BUKIT MERAH,4 ROOM,40,JLN RUMAH TINGGI,13 TO 15,100.0,Model A,1997,70 years 11 months,857500.0,2025
2025-08,CLEMENTI,4 ROOM,445A,CLEMENTI AVE 3,07 TO 09,93.0,Model A,2021,94 years 11 months,1065000.0,2025
2026-01,TOA PAYOH,5 ROOM,106B,BIDADARI PK DR,01 TO 03,113.0,Improved,2020,93 years 07 months,1268000.0,2026
2026-05,TAMPINES,5 ROOM,618B,TAMPINES ST 61,10 TO 12,113.0,Improved,2021,94 years 06 months,962888.0,2026
2025-09,SEMBAWANG,5 ROOM,128A,CANBERRA ST,04 TO 06,113.0,Improved,2018,92 years 02 months,760000.0,2025
2025-11,JURONG WEST,4 ROOM,420,JURONG WEST ST 42,04 TO 06,84.0,Simplified,1985,58 years 07 months,480000.0,2025
2026-02,TAMPINES,4 ROOM,613A,TAMPINES NTH DR 1,07 TO 09,93.0,Model A,2020,93 years 09 months,780000.0,2026
2025-02,YISHUN,3 ROOM,728,YISHUN ST 71,01 TO 03,64.0,Simplified,1987,61 years 01 month,405000.0,2025
2025-01,CHOA CHU KANG,5 ROOM,690A,CHOA CHU KANG CRES,07 TO 09,110.0,Improved,2003,77 years 05 months,550000.0,2025
2025-07,CHOA CHU KANG,5 ROOM,452,CHOA CHU KANG AVE 4,04 TO 06,123.0,Premium Apartment,2000,73 years 08 months,600888.0,2025
2025-06,PUNGGOL,4 ROOM,614B,EDGEFIELD PLAINS,16 TO 18,92.0,Model A,2012,86 years 06 months,715000.0,2025
2026-03,TAMPINES,5 ROOM,491A,TAMPINES AVE 9,07 TO 09,124.0,Improved,1993,66 years 04 months,785000.0,2026
2025-03,BISHAN,4 ROOM,224,BISHAN ST 23,07 TO 09,102.0,Model A,1992,66 years 06 months,855000.0,2025
2025-01,JURONG WEST,5 ROOM,683C,JURONG WEST ST 64,10 TO 12,111.0,Premium Apartment,2000,74 years 11 months,758000.0,2025
2025-04,YISHUN,4 ROOM,389,YISHUN AVE 6,07 TO 09,104.0,Model A,1988,62 years 01 month,562888.0,2025
2026-01,SENGKANG,4 ROOM,235,COMPASSVALE WALK,13 TO 15,100.0,Model A,1999,72 years 06 months,620000.0,2026
2025-01,SEMBAWANG,4 ROOM,117B,CANBERRA CRES,10 TO 12,92.0,Model A,2020,94 years 05 months,805000.0,2025
2026-05,ANG MO KIO,4 ROOM,472,ANG MO KIO AVE 10,13 TO 15,92.0,New Generation,1979,52 years 02 months,562888.0,2026
2025-09,CENTRAL AREA,3 ROOM,9,SELEGIE RD,01 TO 03,56.0,Standard,1974,47 years 05 months,410000.0,2025
2025-09,JURONG WEST,5 ROOM,604,JURONG WEST ST 62,10 TO 12,115.0,Premium Apartment,2001,74 years 08 months,700000.0,2025
2025-12,PUNGGOL,5 ROOM,323A,SUMANG WALK,04 TO 06,113.0,Premium Apartment,2020,93 years 02 months,825000.0,2025
2025-10,BUKIT PANJANG,4 ROOM,629,SENJA RD,25 TO 27,93.0,Premium Apartment,2004,78 years 01 month,615000.0,2025
2026-05,TOA PAYOH,4 ROOM,259,KIM KEAT AVE,01 TO 03,103.0,Model A,1989,61 years 09 months,600000.0,2026
2025-06,JURONG WEST,3 ROOM,138D,YUAN CHING RD,19 TO 21,67.0,DBSS,2014,88 years 04 months,585000.0,2025
2025-07,PUNGGOL,3 ROOM,683A,EDGEDALE PLAINS,07 TO 09,68.0,Premium Apartment,2018,92 years 01 month,550000.0,2025
2025-04,WOODLANDS,5 ROOM,688D,WOODLANDS DR 75,13 TO 15,110.0,Premium Apartment,2004,77 years 11 months,668000.0,2025
2025-05,WOODLANDS,4 ROOM,657,WOODLANDS RING RD,01 TO 03,100.0,Model A,1998,71 years 11 months,530000.0,2025
2025-05,BUKIT MERAH,4 ROOM,102,HENDERSON CRES,13 TO 15,80.0,Standard,1970,44 years 03 months,450000.0,2025
2025-06,QUEENSTOWN,4 ROOM,27,GHIM MOH LINK,16 TO 18,87.0,Model A,2013,86 years 10 months,948000.0,2025
2025-04,SENGKANG,4 ROOM,356A,ANCHORVALE LANE,10 TO 12,93.0,Model A,2021,94 years 11 months,685000.0,2025
2025-09,HOUGANG,4 ROOM,167,HOUGANG AVE 1,10 TO 12,101.0,Model A,1997,71 years 01 month,641888.0,2025
2025-06,PASIR RIS,4 ROOM,639,PASIR RIS DR 1,07 TO 09,104.0,Model A,1995,69 years 02 months,635000.0,2025
2025-07,SENGKANG,5 ROOM,333B,ANCHORVALE LINK,01 TO 03,112.0,Improved,2015,88 years 11 months,750000.0,2025
2025-07,TAMPINES,5 ROOM,411,TAMPINES ST 41,10 TO 12,123.0,Improved,1985,59 years 02 months,758000.0,2025
2026-02,CHOA CHU KANG,4 ROOM,488A,CHOA CHU KANG AVE 5,04 TO 06,93.0,Model A,2016,89 years 05 months,590000.0,2026
2025-07,BEDOK,4 ROOM,517,BEDOK NTH AVE 2,07 TO 09,92.0,New Generation,1979,53 years 01 month,570000.0,2025
2025-10,TAMPINES,3 ROOM,276,TAMPINES ST 22,10 TO 12,74.0,Model A,1984,58 years 02 months,490000.0,2025
2025-03,QUEENSTOWN,3 ROOM,87,DAWSON RD,28 TO 30,65.0,Premium Apartment,2016,90 years 06 months,825000.0,2025
2026-02,JURONG EAST,5 ROOM,271,TOH GUAN RD,04 TO 06,120.0,Improved,1999,72 years 01 month,716000.0,2026
2025-10,JURONG WEST,4 ROOM,675A,JURONG WEST ST 64,07 TO 09,91.0,Premium Apartment,2008,81 years 08 months,542000.0,2025
2026-06,GEYLANG,4 ROOM,315,UBI AVE 1,01 TO 03,89.0,Simplified,1985,58 years 02 months,565000.0,2026
2026-06,BUKIT BATOK,4 ROOM,467B,BT BATOK WEST AVE 9,04 TO 06,93.0,Model A,2021,94 years 02 months,640000.0,2026
2026-04,CHOA CHU KANG,5 ROOM,810B,CHOA CHU KANG AVE 7,10 TO 12,113.0,Improved,2017,90 years 07 months,705000.0,2026
2025-03,GEYLANG,4 ROOM,32,EUNOS CRES,13 TO 15,90.0,Model A,2007,80 years 11 months,960000.0,2025
2025-09,MARINE PARADE,3 ROOM,66,MARINE DR,10 TO 12,76.0,Improved,1976,49 years 06 months,535000.0,2025
2025-02,WOODLANDS,5 ROOM,638,WOODLANDS RING RD,01 TO 03,121.0,Improved,1999,73 years 06 months,625000.0,2025
2026-04,PUNGGOL,4 ROOM,322D,SUMANG WALK,04 TO 06,93.0,Premium Apartment,2019,92 years,630000.0,2026
2025-08,CLEMENTI,4 ROOM,711,CLEMENTI WEST ST 2,10 TO 12,92.0,New Generation,1980,54 years 03 months,518000.0,2025
2025-09,BUKIT MERAH,5 ROOM,103B,DEPOT RD,16 TO 18,115.0,Improved,2002,75 years 09 months,850000.0,2025
2025-03,YISHUN,4 ROOM,449,YISHUN RING RD,07 TO 09,96.0,Model A,2012,86 years 06 months,638000.0,2025
2026-01,PUNGGOL,3 ROOM,613C,PUNGGOL DR,16 TO 18,68.0,Model A,2012,86 years,565000.0,2026
2025-07,CHOA CHU KANG,5 ROOM,117,TECK WHYE LANE,04 TO 06,121.0,Improved,1989,62 years 08 months,620000.0,2025
2025-06,BISHAN,5 ROOM,178,BISHAN ST 13,10 TO 12,123.0,Improved,1987,61 years 06 months,1050000.0,2025
2025-03,JURONG WEST,5 ROOM,989B,JURONG WEST ST 93,07 TO 09,112.0,Premium Apartment,2008,82 years 07 months,631888.0,2025
2025-09,TOA PAYOH,3 ROOM,232,LOR 8 TOA PAYOH,04 TO 06,65.0,Improved,1976,50 years 02 months,343000.0,2025
2025-01,HOUGANG,4 ROOM,693,HOUGANG ST 61,04 TO 06,84.0,Simplified,1987,61 years 06 months,535000.0,2025
2025-05,WOODLANDS,4 ROOM,655,WOODLANDS RING RD,04 TO 06,102.0,Model A,1998,71 years 10 months,560000.0,2025
2025-02,WOODLANDS,5 ROOM,540,WOODLANDS DR 16,10 TO 12,115.0,Improved,2000,74 years 05 months,700000.0,2025
2025-05,ANG MO KIO,4 ROOM,111,ANG MO KIO AVE 4,10 TO 12,89.0,New Generation,1978,52 years 04 months,570000.0,2025
2025-10,TAMPINES,4 ROOM,861A,TAMPINES AVE 5,13 TO 15,104.0,Model A,1988,62 years,720000.0,2025
2025-10,KALLANG/WHAMPOA,4 ROOM,4,BOON KENG RD,04 TO 06,108.0,Model A,1996,70 years,840000.0,2025
2025-12,HOUGANG,4 ROOM,373,HOUGANG ST 31,10 TO 12,100.0,Model A,2000,73 years 02 months,707000.0,2025
2025-02,WOODLANDS,4 ROOM,345,WOODLANDS ST 32,01 TO 03,86.0,Simplified,1995,69 years,515000.0,2025
2025-06,JURONG EAST,3 ROOM,249,JURONG EAST ST 24,04 TO 06,67.0,New Generation,1983,56 years 08 months,398000.0,2025
2026-04,KALLANG/WHAMPOA,4 ROOM,26A,ST. GEORGE'S LANE,04 TO 06,92.0,Model A,2020,93 years 02 months,986888.0,2026
2025-10,JURONG EAST,4 ROOM,20,TEBAN GDNS RD,19 TO 21,92.0,Model A,2013,87 years,643888.0,2025
2025-08,CHOA CHU KANG,4 ROOM,462,CHOA CHU KANG AVE 4,16 TO 18,103.0,Premium Apartment,2000,73 years 07 months,550000.0,2025
2025-08,JURONG EAST,5 ROOM,260,JURONG EAST ST 24,10 TO 12,121.0,Improved,1983,56 years 07 months,605000.0,2025
2025-04,HOUGANG,4 ROOM,996A,BUANGKOK CRES,13 TO 15,92.0,Model A,2019,93 years 06 months,705000.0,2025
2025-07,HOUGANG,4 ROOM,170,HOUGANG AVE 1,01 TO 03,101.0,Model A,1998,71 years 06 months,600000.0,2025
2025-03,TOA PAYOH,4 ROOM,261,TOA PAYOH EAST,07 TO 09,93.0,Model A,2019,93 years 10 months,959188.0,2025
2026-02,PUNGGOL,5 ROOM,306C,PUNGGOL PL,16 TO 18,147.0,Premium Apartment Loft,2012,85 years 06 months,1218888.0,2026
2025-02,CHOA CHU KANG,4 ROOM,476A,CHOA CHU KANG AVE 5,04 TO 06,92.0,Model A,2013,87 years 06 months,532000.0,2025
2025-12,YISHUN,3 ROOM,505B,YISHUN ST 51,10 TO 12,68.0,Model A,2016,89 years 04 months,515000.0,2025
2025-12,JURONG WEST,4 ROOM,329,TAH CHING RD,07 TO 09,103.0,Model A,1997,70 years 09 months,558000.0,2025
2025-04,SENGKANG,5 ROOM,321C,ANCHORVALE DR,10 TO 12,110.0,Improved,2002,76 years 06 months,760000.0,2025
2025-05,WOODLANDS,4 ROOM,108,WOODLANDS ST 13,13 TO 15,102.0,New Generation,1987,60 years 09 months,560000.0,2025
2026-06,ANG MO KIO,3 ROOM,156,ANG MO KIO AVE 4,10 TO 12,68.0,New Generation,1981,54 years,435000.0,2026
2025-02,YISHUN,5 ROOM,348B,YISHUN AVE 11,04 TO 06,112.0,DBSS,2013,87 years 09 months,865000.0,2025
2026-05,SERANGOON,4 ROOM,403,SERANGOON AVE 1,04 TO 06,105.0,Model A,1988,61 years 07 months,790000.0,2026
2025-07,CHOA CHU KANG,4 ROOM,811A,CHOA CHU KANG AVE 7,07 TO 09,93.0,Model A,2017,91 years 04 months,618000.0,2025
2025-02,BUKIT PANJANG,5 ROOM,448,BT PANJANG RING RD,04 TO 06,120.0,Improved,1997,71 years 05 months,618000.0,2025
2025-02,SENGKANG,5 ROOM,309B,ANCHORVALE RD,16 TO 18,111.0,Premium Apartment,2002,76 years 08 months,650000.0,2025
2025-07,CHOA CHU KANG,5 ROOM,626,CHOA CHU KANG ST 62,10 TO 12,121.0,Improved,1997,70 years 10 months,720000.0,2025
2026-01,PUNGGOL,4 ROOM,617D,PUNGGOL DR,13 TO 15,95.0,Premium Apartment,2013,86 years 08 months,728888.0,2026
2026-04,CHOA CHU KANG,4 ROOM,488C,CHOA CHU KANG AVE 5,01 TO 03,93.0,Model A,2016,89 years 03 months,572000.0,2026
2025-06,HOUGANG,4 ROOM,994A,BUANGKOK LINK,10 TO 12,93.0,Model A,2021,94 years 08 months,688000.0,2025
2025-04,BUKIT BATOK,5 ROOM,331,BT BATOK ST 33,07 TO 09,122.0,Improved,1986,60 years 07 months,650000.0,2025
2025-09,KALLANG/WHAMPOA,4 ROOM,8B,UPP BOON KENG RD,25 TO 27,95.0,Premium Apartment,2017,90 years 10 months,1188000.0,2025
2025-07,PASIR RIS,4 ROOM,526D,PASIR RIS ST 51,13 TO 15,93.0,Model A,2015,89 years 01 month,760000.0,2025
2026-05,TOA PAYOH,4 ROOM,9,JOO SENG RD,13 TO 15,93.0,Model A,2017,89 years 10 months,920000.0,2026
2025-01,SENGKANG,4 ROOM,230,COMPASSVALE WALK,01 TO 03,101.0,Model A,1999,73 years 09 months,530888.0,2025
2025-11,TAMPINES,5 ROOM,614B,TAMPINES NTH DR 1,07 TO 09,113.0,Improved,2021,94 years 03 months,878000.0,2025
2025-02,BUKIT BATOK,4 ROOM,113,BT BATOK WEST AVE 6,01 TO 03,106.0,Model A,1984,58 years 06 months,540000.0,2025
2025-06,JURONG EAST,5 ROOM,316,JURONG EAST ST 32,07 TO 09,132.0,Model A,1984,58 years 03 months,700000.0,2025
2025-05,CHOA CHU KANG,5 ROOM,664,CHOA CHU KANG CRES,13 TO 15,124.0,Improved,1999,73 years 02 months,655000.0,2025
2025-08,BUKIT MERAH,3 ROOM,1,TELOK BLANGAH CRES,07 TO 09,74.0,Improved,1983,56 years 09 months,417000.0,2025
2025-03,ANG MO KIO,3 ROOM,474,ANG MO KIO AVE 10,01 TO 03,67.0,New Generation,1984,58 years,410000.0,2025
2025-03,BUKIT BATOK,4 ROOM,391,BT BATOK WEST AVE 5,10 TO 12,92.0,Model A,2004,78 years 07 months,560000.0,2025
2025-12,WOODLANDS,4 ROOM,33,MARSILING DR,04 TO 06,98.0,New Generation,1978,51 years 02 months,460000.0,2025
2025-09,GEYLANG,5 ROOM,110,ALJUNIED CRES,07 TO 09,121.0,Improved,1980,53 years 11 months,818000.0,2025
2026-04,KALLANG/WHAMPOA,3 ROOM,82,WHAMPOA DR,04 TO 06,66.0,Improved,1974,47 years 04 months,428000.0,2026
2025-07,JURONG WEST,5 ROOM,750,JURONG WEST ST 73,04 TO 06,136.0,Model A,1993,67 years 05 months,658000.0,2025
2026-05,BUKIT BATOK,4 ROOM,293B,BT BATOK ST 21,34 TO 36,92.0,Model A,2019,91 years 09 months,820000.0,2026
2026-01,SENGKANG,4 ROOM,335A,ANCHORVALE CRES,13 TO 15,92.0,Premium Apartment,2015,89 years,760000.0,2026
2025-08,BEDOK,4 ROOM,120,BEDOK NTH ST 2,16 TO 18,89.0,New Generation,1978,51 years 07 months,500000.0,2025
2025-05,BUKIT BATOK,4 ROOM,425,BT BATOK WEST AVE 2,01 TO 03,89.0,Simplified,1987,61 years 08 months,502000.0,2025
2025-06,SEMBAWANG,5 ROOM,419,CANBERRA RD,07 TO 09,110.0,Improved,2001,74 years 09 months,620000.0,2025
2025-08,JURONG WEST,4 ROOM,646,JURONG WEST ST 61,13 TO 15,100.0,Model A,1998,72 years,580000.0,2025
2026-03,BUKIT MERAH,4 ROOM,126C,KIM TIAN RD,19 TO 21,87.0,Model A,2013,85 years 11 months,1015000.0,2026
2026-04,JURONG WEST,4 ROOM,518,JURONG WEST ST 52,01 TO 03,104.0,Model A,1984,57 years 08 months,595000.0,2026
2025-12,SENGKANG,4 ROOM,185D,RIVERVALE CRES,04 TO 06,91.0,Model A2,2000,74 years 01 month,510000.0,2025
2026-01,PASIR RIS,5 ROOM,634,PASIR RIS DR 1,07 TO 09,122.0,Improved,1995,68 years 07 months,745000.0,2026
2026-03,PUNGGOL,5 ROOM,266A,PUNGGOL WAY,04 TO 06,112.0,Improved,2015,88 years 04 months,813888.0,2026
2025-09,TAMPINES,4 ROOM,497B,TAMPINES ST 45,04 TO 06,109.0,Premium Apartment,1996,69 years 10 months,685000.0,2025
2025-11,BEDOK,3 ROOM,128,BEDOK NTH ST 2,10 TO 12,67.0,New Generation,1978,51 years 07 months,425000.0,2025
2025-08,CLEMENTI,5 ROOM,336,CLEMENTI AVE 2,16 TO 18,119.0,Improved,1978,52 years 03 months,793000.0,2025
2025-12,BUKIT MERAH,3 ROOM,77,INDUS RD,04 TO 06,75.0,Improved,1973,46 years 02 months,473000.0,2025
2025-01,SERANGOON,4 ROOM,307,SERANGOON AVE 2,07 TO 09,99.0,New Generation,1985,59 years 10 months,699000.0,2025
2025-11,BEDOK,4 ROOM,709,BEDOK RESERVOIR RD,04 TO 06,102.0,New Generation,1981,54 years 09 months,605000.0,2025
2025-07,HOUGANG,5 ROOM,686,HOUGANG ST 61,10 TO 12,121.0,Improved,1987,61 years 01 month,790000.0,2025
2025-06,PASIR RIS,4 ROOM,427,PASIR RIS DR 6,04 TO 06,84.0,Simplified,1988,62 years 05 months,560000.0,2025
2025-10,CHOA CHU KANG,4 ROOM,404,CHOA CHU KANG AVE 3,04 TO 06,104.0,Model A,1993,66 years 09 months,550000.0,2025
2025-10,BEDOK,3 ROOM,550,BEDOK NTH AVE 1,01 TO 03,68.0,New Generation,1980,53 years 08 months,405000.0,2025
2025-04,ANG MO KIO,4 ROOM,455B,ANG MO KIO ST 44,28 TO 30,93.0,Model A,2018,92 years 01 month,980000.0,2025
2026-01,HOUGANG,5 ROOM,504,HOUGANG AVE 8,10 TO 12,121.0,Improved,1987,60 years 08 months,800000.0,2026
2025-01,TAMPINES,4 ROOM,605B,TAMPINES ST 61,13 TO 15,92.0,Model A,2020,94 years 03 months,750000.0,2025
2025-06,KALLANG/WHAMPOA,5 ROOM,106,TOWNER RD,04 TO 06,140.0,Model A-Maisonette,1983,57 years,1050000.0,2025
2025-09,YISHUN,4 ROOM,638,YISHUN ST 61,10 TO 12,84.0,Simplified,1987,60 years 06 months,530000.0,2025
2025-11,PUNGGOL,4 ROOM,615C,EDGEFIELD PLAINS,04 TO 06,94.0,Model A,2012,86 years 02 months,622000.0,2025
2026-05,CENTRAL AREA,3 ROOM,640,ROWELL RD,07 TO 09,74.0,Model A,1984,57 years 01 month,546000.0,2026
2025-11,BUKIT BATOK,5 ROOM,257,BT BATOK EAST AVE 4,07 TO 09,121.0,Improved,1985,58 years 09 months,625000.0,2025
2025-01,SEMBAWANG,4 ROOM,121B,CANBERRA ST,07 TO 09,93.0,Model A,2018,92 years 01 month,638888.0,2025
2025-06,JURONG WEST,5 ROOM,276C,JURONG WEST ST 25,10 TO 12,111.0,Improved,2002,75 years 10 months,570000.0,2025
2025-05,CHOA CHU KANG,4 ROOM,659,CHOA CHU KANG CRES,07 TO 09,104.0,Premium Apartment,1999,73 years,574000.0,2025
2025-07,SENGKANG,4 ROOM,410C,FERNVALE RD,13 TO 15,95.0,Premium Apartment,2012,86 years 04 months,660000.0,2025
2025-05,BUKIT MERAH,5 ROOM,118C,JLN MEMBINA,01 TO 03,110.0,Improved,2003,76 years 09 months,910000.0,2025
2025-03,YISHUN,4 ROOM,674A,YISHUN AVE 4,13 TO 15,93.0,Model A,2018,92 years 09 months,648000.0,2025
2025-10,BUKIT BATOK,4 ROOM,621,BT BATOK CTRL,19 TO 21,90.0,Model A,2003,77 years 01 month,765000.0,2025
2025-01,JURONG WEST,4 ROOM,826,JURONG WEST ST 81,01 TO 03,104.0,Model A,1990,64 years 04 months,480000.0,2025
2025-08,BUKIT BATOK,4 ROOM,296C,BT BATOK ST 22,07 TO 09,92.0,Premium Apartment,2018,91 years 07 months,745000.0,2025
2025-01,WOODLANDS,4 ROOM,509,WOODLANDS DR 14,04 TO 06,107.0,Premium Apartment,1999,73 years 03 months,590000.0,2025
2025-05,WOODLANDS,5 ROOM,863,WOODLANDS ST 83,07 TO 09,126.0,Improved,1996,69 years 11 months,700000.0,2025
2025-12,CHOA CHU KANG,5 ROOM,250,CHOA CHU KANG AVE 2,04 TO 06,122.0,Improved,1993,66 years 06 months,670000.0,2025
2025-08,ANG MO KIO,5 ROOM,171,ANG MO KIO AVE 4,04 TO 06,127.0,Improved,1982,55 years 05 months,738000.0,2025
2025-04,YISHUN,3 ROOM,731,YISHUN ST 72,01 TO 03,82.0,New Generation,1984,58 years 04 months,477000.0,2025
2025-02,TAMPINES,4 ROOM,606A,TAMPINES ST 61,04 TO 06,92.0,Model A,2020,94 years 01 month,730000.0,2025
2025-04,ANG MO KIO,3 ROOM,507,ANG MO KIO AVE 8,07 TO 09,67.0,New Generation,1980,54 years 03 months,455000.0,2025
2026-05,PASIR RIS,5 ROOM,748,PASIR RIS ST 71,07 TO 09,126.0,Improved,1996,69 years 06 months,728000.0,2026
2025-05,BISHAN,4 ROOM,175,BISHAN ST 13,01 TO 03,83.0,Simplified,1987,61 years 05 months,605000.0,2025
2025-06,CHOA CHU KANG,5 ROOM,142,TECK WHYE LANE,10 TO 12,131.0,Improved,1989,63 years 01 month,670000.0,2025
2025-08,BISHAN,3 ROOM,307,SHUNFU RD,07 TO 09,67.0,New Generation,1985,58 years 09 months,550000.0,2025
2025-04,WOODLANDS,4 ROOM,511,WOODLANDS DR 14,07 TO 09,107.0,Premium Apartment,1999,73 years,608000.0,2025
2025-02,SENGKANG,4 ROOM,418B,FERNVALE LINK,19 TO 21,94.0,Model A,2018,92 years 07 months,700000.0,2025
2025-08,BUKIT BATOK,5 ROOM,293A,BT BATOK ST 21,25 TO 27,113.0,Improved,2019,92 years 05 months,941800.0,2025
2025-03,TOA PAYOH,4 ROOM,79D,TOA PAYOH CTRL,04 TO 06,92.0,Model A,2009,83 years 02 months,808888.0,2025
2025-08,GEYLANG,4 ROOM,314,UBI AVE 1,07 TO 09,84.0,Simplified,1985,59 years 01 month,590000.0,2025
2025-04,YISHUN,4 ROOM,242,YISHUN RING RD,01 TO 03,93.0,New Generation,1986,59 years 10 months,530000.0,2025
2026-03,ANG MO KIO,5 ROOM,588B,ANG MO KIO ST 52,22 TO 24,112.0,DBSS,2011,84 years 05 months,1225000.0,2026
2025-11,TAMPINES,4 ROOM,608C,TAMPINES NTH DR 1,04 TO 06,93.0,Model A,2020,94 years,740000.0,2025
2025-05,CHOA CHU KANG,4 ROOM,416,CHOA CHU KANG AVE 4,04 TO 06,104.0,Model A,1993,67 years 02 months,568000.0,2025
2025-02,BUKIT BATOK,3 ROOM,146,BT BATOK WEST AVE 6,04 TO 06,68.0,New Generation,1984,58 years 08 months,392000.0,2025
2026-02,TAMPINES,3 ROOM,237,TAMPINES ST 21,10 TO 12,73.0,Model A,1984,57 years 09 months,518000.0,2026
2025-12,JURONG WEST,3 ROOM,140D,CORPORATION DR,07 TO 09,68.0,Model A,2019,92 years 07 months,492000.0,2025
2025-01,ANG MO KIO,4 ROOM,110,ANG MO KIO AVE 4,07 TO 09,92.0,New Generation,1978,52 years 09 months,555000.0,2025
2025-12,ANG MO KIO,4 ROOM,522,ANG MO KIO AVE 5,04 TO 06,92.0,New Generation,1980,53 years 09 months,565000.0,2025
2025-10,BUKIT PANJANG,5 ROOM,246,BANGKIT RD,04 TO 06,122.0,Improved,1988,61 years 11 months,630000.0,2025
2025-01,MARINE PARADE,5 ROOM,14,MARINE TER,25 TO 27,122.0,Standard,1975,49 years 02 months,1065000.0,2025
2026-04,GEYLANG,3 ROOM,46,CIRCUIT RD,04 TO 06,52.0,Standard,1971,43 years 09 months,318000.0,2026
2025-09,BUKIT BATOK,4 ROOM,441B,BT BATOK WEST AVE 8,10 TO 12,92.0,Model A,2019,92 years 07 months,685000.0,2025
2025-01,BUKIT BATOK,4 ROOM,453A,BT BATOK WEST AVE 6,13 TO 15,93.0,Model A,2019,93 years 04 months,660000.0,2025
2026-05,JURONG WEST,5 ROOM,444,JURONG WEST AVE 1,10 TO 12,133.0,Model A,1985,57 years 11 months,660000.0,2026
2026-05,SERANGOON,3 ROOM,153,SERANGOON NTH AVE 1,01 TO 03,64.0,Simplified,1986,59 years 03 months,435800.0,2026
2025-08,ANG MO KIO,5 ROOM,596A,ANG MO KIO ST 52,28 TO 30,110.0,Improved,2002,76 years 04 months,1050000.0,2025
2025-07,BUKIT BATOK,5 ROOM,296C,BT BATOK ST 22,19 TO 21,115.0,Premium Apartment,2018,91 years 08 months,985000.0,2025
2025-04,TAMPINES,5 ROOM,432,TAMPINES ST 41,10 TO 12,122.0,Improved,1986,60 years 01 month,750000.0,2025
2025-06,JURONG EAST,5 ROOM,219A,JURONG EAST ST 21,04 TO 06,118.0,Improved,1985,59 years,695000.0,2025
2025-07,KALLANG/WHAMPOA,4 ROOM,25A,ST. GEORGE'S LANE,16 TO 18,92.0,Model A,2020,93 years 11 months,1080000.0,2025
2025-09,ANG MO KIO,3 ROOM,570,ANG MO KIO AVE 3,04 TO 06,67.0,New Generation,1979,52 years 08 months,420000.0,2025
2025-09,QUEENSTOWN,3 ROOM,6,HOLLAND CL,13 TO 15,65.0,Improved,1974,47 years 10 months,400000.0,2025
2025-03,YISHUN,5 ROOM,758,YISHUN ST 72,04 TO 06,129.0,Improved,1986,60 years 09 months,700000.0,2025
2025-05,SEMBAWANG,4 ROOM,117B,CANBERRA CRES,01 TO 03,92.0,Model A,2020,94 years 01 month,660000.0,2025
2025-11,BUKIT MERAH,5 ROOM,4A,BOON TIONG RD,01 TO 03,115.0,Improved,2005,79 years,1234000.0,2025
2026-06,WOODLANDS,5 ROOM,352,WOODLANDS AVE 1,10 TO 12,126.0,Improved,1996,69 years 02 months,746888.0,2026
2025-04,BUKIT BATOK,5 ROOM,325,BT BATOK ST 33,10 TO 12,122.0,Improved,1986,60 years 08 months,660000.0,2025
2025-07,BUKIT PANJANG,4 ROOM,508,JELAPANG RD,13 TO 15,90.0,Model A2,1998,71 years 11 months,525000.0,2025
2025-02,ANG MO KIO,3 ROOM,346,ANG MO KIO AVE 3,01 TO 03,88.0,New Generation,1978,52 years 03 months,500000.0,2025
2026-01,ANG MO KIO,5 ROOM,309A,ANG MO KIO ST 31,01 TO 03,110.0,Improved,2006,79 years 04 months,920000.0,2026
2026-02,BEDOK,5 ROOM,723,BEDOK RESERVOIR RD,04 TO 06,139.0,Model A-Maisonette,1984,57 years 07 months,800000.0,2026
2025-12,BISHAN,5 ROOM,288,BISHAN ST 24,16 TO 18,123.0,Premium Apartment,1998,71 years 07 months,1138000.0,2025
2025-10,YISHUN,3 ROOM,172,YISHUN AVE 7,01 TO 03,64.0,Simplified,1988,61 years 09 months,400000.0,2025
2026-04,TAMPINES,5 ROOM,619A,TAMPINES ST 61,07 TO 09,113.0,Improved,2021,94 years 06 months,960000.0,2026
2025-05,CHOA CHU KANG,4 ROOM,801C,KEAT HONG CL,10 TO 12,92.0,Model A,2018,91 years 09 months,620000.0,2025
2026-02,WOODLANDS,3 ROOM,780F,WOODLANDS CRES,13 TO 15,67.0,Model A,2015,88 years 06 months,505000.0,2026
2025-01,ANG MO KIO,4 ROOM,310C,ANG MO KIO AVE 1,10 TO 12,94.0,Model A,2012,86 years 09 months,865000.0,2025
2025-04,SENGKANG,4 ROOM,332A,ANCHORVALE LINK,01 TO 03,92.0,Model A,2015,89 years 03 months,620000.0,2025
2026-03,TAMPINES,5 ROOM,612B,TAMPINES NTH DR 1,10 TO 12,113.0,Improved,2020,93 years 08 months,968000.0,2026
2025-05,YISHUN,3 ROOM,142,YISHUN RING RD,10 TO 12,68.0,New Generation,1984,58 years 05 months,415000.0,2025
2025-09,HOUGANG,4 ROOM,137,LOR AH SOO,01 TO 03,104.0,Model A,1985,58 years 07 months,580000.0,2025
2026-06,SENGKANG,4 ROOM,436C,FERNVALE RD,13 TO 15,96.0,Model A,2010,82 years 10 months,660000.0,2026
2026-02,CLEMENTI,4 ROOM,324,CLEMENTI AVE 5,10 TO 12,91.0,New Generation,1978,51 years,720000.0,2026
2026-04,CHOA CHU KANG,4 ROOM,297C,CHOA CHU KANG AVE 2,01 TO 03,101.0,Premium Apartment,1999,72 years 03 months,490000.0,2026
2026-05,TAMPINES,4 ROOM,838,TAMPINES ST 82,07 TO 09,84.0,Simplified,1985,58 years 03 months,550000.0,2026
2025-09,BUKIT MERAH,5 ROOM,27B,JLN MEMBINA,07 TO 09,110.0,Improved,2008,82 years 01 month,1138000.0,2025
2025-05,HOUGANG,4 ROOM,999B,BUANGKOK CRES,10 TO 12,93.0,Model A,2019,93 years 08 months,688000.0,2025
2025-08,HOUGANG,3 ROOM,109,HOUGANG AVE 1,04 TO 06,67.0,New Generation,1983,56 years 07 months,460000.0,2025
2025-08,ANG MO KIO,3 ROOM,433,ANG MO KIO AVE 10,10 TO 12,67.0,New Generation,1979,52 years 05 months,453000.0,2025
2026-04,QUEENSTOWN,4 ROOM,94,DAWSON RD,19 TO 21,83.0,Premium Apartment,2021,94 years 06 months,1068000.0,2026
2025-10,WOODLANDS,5 ROOM,705,WOODLANDS DR 40,04 TO 06,118.0,Improved,1996,70 years 01 month,635000.0,2025
2026-04,QUEENSTOWN,4 ROOM,94,DAWSON RD,22 TO 24,83.0,Premium Apartment,2021,94 years 07 months,1050000.0,2026
2025-05,PUNGGOL,4 ROOM,267B,PUNGGOL FIELD,10 TO 12,97.0,Premium Apartment,2013,86 years 09 months,760000.0,2025
2026-01,JURONG WEST,4 ROOM,486,JURONG WEST AVE 1,04 TO 06,92.0,New Generation,1985,58 years 02 months,492000.0,2026
2025-05,QUEENSTOWN,3 ROOM,153,MEI LING ST,10 TO 12,83.0,Improved,1970,43 years 09 months,486000.0,2025
2026-01,CHOA CHU KANG,4 ROOM,683B,CHOA CHU KANG CRES,07 TO 09,90.0,Model A,2002,75 years 07 months,500000.0,2026
2025-03,WOODLANDS,4 ROOM,682B,WOODLANDS DR 62,10 TO 12,101.0,Premium Apartment,2000,73 years 11 months,598000.0,2025
2025-04,JURONG WEST,4 ROOM,668B,JURONG WEST ST 64,16 TO 18,90.0,Model A2,2000,74 years 02 months,608000.0,2025
2025-03,TOA PAYOH,3 ROOM,195,KIM KEAT AVE,04 TO 06,66.0,Improved,1973,47 years 05 months,340000.0,2025
2025-01,SENGKANG,4 ROOM,331C,ANCHORVALE ST,04 TO 06,92.0,Model A,2015,89 years 09 months,665888.0,2025
2025-06,YISHUN,5 ROOM,155,YISHUN ST 11,07 TO 09,121.0,Improved,1985,58 years 10 months,660000.0,2025
2026-01,SENGKANG,5 ROOM,123,RIVERVALE DR,01 TO 03,115.0,Improved,1999,72 years 09 months,670000.0,2026
2025-08,WOODLANDS,4 ROOM,724,WOODLANDS AVE 6,01 TO 03,101.0,Model A,1997,71 years 01 month,555000.0,2025
2025-08,BEDOK,4 ROOM,221A,BEDOK CTRL,10 TO 12,94.0,Model A,2010,83 years 10 months,968888.0,2025
2025-05,YISHUN,4 ROOM,766,YISHUN AVE 3,04 TO 06,84.0,Simplified,1985,59 years 03 months,470000.0,2025
2025-04,BUKIT BATOK,4 ROOM,448C,BT BATOK WEST AVE 9,04 TO 06,93.0,Model A,2019,92 years 11 months,630000.0,2025
2025-08,KALLANG/WHAMPOA,4 ROOM,113A,MCNAIR RD,16 TO 18,93.0,Premium Apartment,2017,91 years 04 months,1120000.0,2025
2025-04,YISHUN,4 ROOM,513C,YISHUN ST 51,10 TO 12,93.0,Model A,2018,91 years 11 months,635000.0,2025
2025-02,CHOA CHU KANG,3 ROOM,818A,CHOA CHU KANG AVE 1,10 TO 12,67.0,Model A,2017,91 years 08 months,508888.0,2025
2025-07,WOODLANDS,4 ROOM,605,WOODLANDS DR 42,07 TO 09,93.0,Model A2,1997,70 years 11 months,550000.0,2025
2026-05,SEMBAWANG,5 ROOM,350B,CANBERRA RD,10 TO 12,113.0,Improved,2001,74 years 04 months,665000.0,2026
2025-07,HOUGANG,4 ROOM,996B,BUANGKOK CRES,10 TO 12,93.0,Model A,2019,93 years 02 months,685000.0,2025
2025-03,JURONG WEST,3 ROOM,485,JURONG WEST AVE 1,10 TO 12,73.0,Model A,1984,58 years 05 months,410000.0,2025
2025-07,TOA PAYOH,5 ROOM,138B,LOR 1A TOA PAYOH,34 TO 36,117.0,DBSS,2012,85 years 09 months,1500000.0,2025
2025-12,TAMPINES,4 ROOM,421,TAMPINES ST 41,07 TO 09,104.0,Model A,1985,58 years 07 months,645888.0,2025
2026-01,TAMPINES,3 ROOM,604A,TAMPINES AVE 9,13 TO 15,68.0,Model A,2020,93 years 02 months,630000.0,2026
2026-01,TAMPINES,3 ROOM,208,TAMPINES ST 21,10 TO 12,75.0,Model A,1982,55 years 10 months,532888.0,2026
2025-05,CHOA CHU KANG,5 ROOM,809A,CHOA CHU KANG AVE 1,10 TO 12,112.0,Improved,2017,90 years 11 months,735000.0,2025
2025-07,JURONG WEST,3 ROOM,517,JURONG WEST ST 52,01 TO 03,74.0,Model A,1983,57 years 01 month,458000.0,2025
2025-04,SENGKANG,4 ROOM,158C,RIVERVALE CRES,16 TO 18,90.0,Premium Apartment,2003,77 years 06 months,585000.0,2025
2026-03,BISHAN,5 ROOM,405,SIN MING AVE,13 TO 15,120.0,Improved,1986,59 years 04 months,970000.0,2026
2025-03,TAMPINES,5 ROOM,741,TAMPINES ST 72,10 TO 12,120.0,Improved,1997,71 years 10 months,792000.0,2025
2025-12,KALLANG/WHAMPOA,3 ROOM,93,WHAMPOA DR,01 TO 03,65.0,Improved,1974,47 years 04 months,380000.0,2025
2025-11,JURONG WEST,4 ROOM,945,JURONG WEST ST 91,07 TO 09,113.0,Model A,1989,62 years 09 months,510000.0,2025
2025-09,PUNGGOL,4 ROOM,233C,SUMANG LANE,10 TO 12,93.0,Model A,2018,92 years 03 months,675000.0,2025
2025-05,BEDOK,3 ROOM,609,BEDOK RESERVOIR RD,01 TO 03,67.0,New Generation,1982,56 years 02 months,388000.0,2025
2025-03,SENGKANG,4 ROOM,410C,FERNVALE RD,13 TO 15,95.0,Premium Apartment,2012,86 years 08 months,665000.0,2025
2025-08,SEMBAWANG,5 ROOM,401,ADMIRALTY LINK,01 TO 03,110.0,Improved,2001,74 years 08 months,560000.0,2025
2025-12,QUEENSTOWN,3 ROOM,171,STIRLING RD,01 TO 03,70.0,Improved,1970,43 years 07 months,365000.0,2025
2025-07,SENGKANG,4 ROOM,215B,COMPASSVALE DR,10 TO 12,92.0,Premium Apartment,2017,90 years 10 months,835000.0,2025
2025-09,YISHUN,5 ROOM,306,YISHUN CTRL,07 TO 09,122.0,Improved,1987,61 years 04 months,660000.0,2025
2025-12,ANG MO KIO,4 ROOM,177,ANG MO KIO AVE 4,01 TO 03,92.0,New Generation,1981,54 years 05 months,540000.0,2025
2026-02,HOUGANG,4 ROOM,327,HOUGANG AVE 5,04 TO 06,93.0,New Generation,1983,56 years 02 months,580000.0,2026
2026-06,YISHUN,4 ROOM,469A,YISHUN ST 43,10 TO 12,93.0,Model A,2019,92 years 06 months,605000.0,2026
2026-03,CENTRAL AREA,4 ROOM,232,BAIN ST,16 TO 18,82.0,Improved,1980,53 years 02 months,783000.0,2026
2025-06,JURONG EAST,4 ROOM,321,JURONG EAST ST 31,10 TO 12,104.0,Model A,1984,58 years 06 months,540000.0,2025
2025-09,CHOA CHU KANG,4 ROOM,484B,CHOA CHU KANG AVE 5,04 TO 06,100.0,Model A,1999,72 years 07 months,520000.0,2025
2025-10,CHOA CHU KANG,4 ROOM,483,CHOA CHU KANG AVE 5,01 TO 03,100.0,Model A,1999,72 years 07 months,515000.0,2025
2026-05,SENGKANG,4 ROOM,471A,FERNVALE ST,01 TO 03,93.0,Model A,2016,89 years 05 months,610000.0,2026
2026-01,WOODLANDS,3 ROOM,185C,WOODLANDS ST 13,19 TO 21,68.0,Model A,2019,92 years 10 months,550000.0,2026
2026-06,BUKIT MERAH,5 ROOM,48,TELOK BLANGAH DR,16 TO 18,123.0,Standard,1976,49 years 06 months,908888.0,2026
2025-03,SEMBAWANG,4 ROOM,103B,CANBERRA ST,10 TO 12,93.0,Model A,2020,94 years 10 months,650000.0,2025
2025-03,BUKIT PANJANG,4 ROOM,459,SEGAR RD,16 TO 18,93.0,Premium Apartment,2015,89 years 06 months,650000.0,2025
2026-02,MARINE PARADE,4 ROOM,55,MARINE TER,07 TO 09,88.0,Improved,1975,48 years,580000.0,2026
2026-05,YISHUN,4 ROOM,428B,YISHUN AVE 11,07 TO 09,92.0,Model A,2015,87 years 11 months,572000.0,2026
2025-11,KALLANG/WHAMPOA,5 ROOM,39,UPP BOON KENG RD,22 TO 24,114.0,Standard,1976,49 years 10 months,630000.0,2025
2025-10,BISHAN,3 ROOM,24,SIN MING RD,04 TO 06,65.0,Improved,1973,47 years 01 month,387500.0,2025
2025-08,TAMPINES,3 ROOM,894A,TAMPINES ST 81,04 TO 06,74.0,Model A,1988,62 years 01 month,505000.0,2025
2025-08,QUEENSTOWN,3 ROOM,20,DOVER CRES,07 TO 09,65.0,Improved,1978,51 years 05 months,405000.0,2025
2025-08,JURONG WEST,4 ROOM,183A,BOON LAY AVE,01 TO 03,92.0,Model A,2015,88 years 05 months,568000.0,2025
2025-12,YISHUN,5 ROOM,505D,YISHUN ST 51,01 TO 03,113.0,Improved,2016,89 years 04 months,665000.0,2025
2025-02,SEMBAWANG,4 ROOM,126D,CANBERRA ST,01 TO 03,96.0,Model A,2020,94 years 09 months,670128.0,2025
2026-04,BEDOK,3 ROOM,19,CHAI CHEE RD,01 TO 03,65.0,Improved,1972,45 years 04 months,385000.0,2026
2025-06,BEDOK,4 ROOM,187B,BEDOK NTH ST 4,07 TO 09,93.0,Model A,2018,92 years 06 months,860000.0,2025
2025-09,CENTRAL AREA,4 ROOM,642,ROWELL RD,10 TO 12,109.0,Model A,1984,57 years 04 months,800000.0,2025
2026-01,GEYLANG,5 ROOM,126,ALJUNIED RD,10 TO 12,121.0,Improved,1983,56 years 10 months,825000.0,2026
2025-06,CLEMENTI,4 ROOM,702,WEST COAST RD,01 TO 03,93.0,New Generation,1980,54 years 04 months,538000.0,2025
2025-08,TAMPINES,4 ROOM,353,TAMPINES ST 33,07 TO 09,107.0,Model A,1996,70 years,625000.0,2025
2026-01,YISHUN,3 ROOM,782,YISHUN RING RD,01 TO 03,64.0,Simplified,1988,61 years 04 months,410000.0,2026
2025-12,WOODLANDS,4 ROOM,662,WOODLANDS RING RD,10 TO 12,101.0,Model A,1998,71 years 03 months,565000.0,2025
2026-04,CHOA CHU KANG,5 ROOM,439,CHOA CHU KANG AVE 4,07 TO 09,125.0,Improved,1993,66 years 03 months,672000.0,2026
2025-06,JURONG WEST,5 ROOM,443,JURONG WEST AVE 1,01 TO 03,135.0,Model A,1985,58 years 10 months,650000.0,2025
2026-02,SENGKANG,4 ROOM,416B,FERNVALE LINK,16 TO 18,93.0,Model A,2016,88 years 11 months,668000.0,2026
2025-02,BEDOK,5 ROOM,648,JLN TENAGA,07 TO 09,121.0,Improved,1993,67 years 04 months,888000.0,2025
2025-12,KALLANG/WHAMPOA,5 ROOM,9,BOON KENG RD,22 TO 24,119.0,DBSS,2011,84 years 02 months,1470000.0,2025
2026-05,BUKIT MERAH,4 ROOM,118A,JLN MEMBINA,28 TO 30,92.0,Model A,2003,75 years 08 months,1008000.0,2026
2025-08,QUEENSTOWN,3 ROOM,93,C'WEALTH DR,01 TO 03,58.0,Standard,1967,40 years 06 months,355100.0,2025
2025-08,SENGKANG,4 ROOM,457A,SENGKANG WEST RD,01 TO 03,93.0,Model A,2020,94 years 01 month,590000.0,2025
2026-06,WOODLANDS,3 ROOM,157,WOODLANDS ST 13,10 TO 12,73.0,Model A,1985,57 years 10 months,430000.0,2026
2025-08,KALLANG/WHAMPOA,4 ROOM,6,BOON KENG RD,07 TO 09,106.0,Model A,1996,70 years 03 months,965000.0,2025
2025-01,JURONG WEST,5 ROOM,673B,JURONG WEST ST 65,10 TO 12,110.0,Improved,2002,77 years,610000.0,2025
2025-08,QUEENSTOWN,3 ROOM,62B,STRATHMORE AVE,10 TO 12,69.0,Model A,2011,85 years,758000.0,2025
2025-11,YISHUN,4 ROOM,316B,YISHUN AVE 9,04 TO 06,92.0,Model A,2015,89 years,570000.0,2025
2026-04,BUKIT BATOK,4 ROOM,442B,BT BATOK WEST AVE 8,04 TO 06,92.0,Model A,2019,92 years,668000.0,2026
2025-02,BUKIT BATOK,3 ROOM,505,BT BATOK ST 52,04 TO 06,60.0,Improved,1988,62 years 01 month,380000.0,2025
2025-01,SENGKANG,5 ROOM,412B,FERNVALE LINK,22 TO 24,114.0,Premium Apartment,2004,78 years 06 months,762888.0,2025
2025-05,BUKIT PANJANG,4 ROOM,548A,SEGAR RD,10 TO 12,92.0,Model A,2015,89 years 07 months,573000.0,2025
2025-09,SERANGOON,4 ROOM,528,SERANGOON NTH AVE 4,04 TO 06,104.0,Model A,1992,66 years 02 months,640000.0,2025
2025-09,BUKIT PANJANG,4 ROOM,636C,SENJA RD,10 TO 12,92.0,Model A,2015,89 years 02 months,670000.0,2025
2025-01,CLEMENTI,4 ROOM,312A,CLEMENTI AVE 4,13 TO 15,93.0,Model A,2017,91 years 08 months,1000000.0,2025
2025-01,TOA PAYOH,3 ROOM,108,LOR 1 TOA PAYOH,04 TO 06,66.0,Improved,1970,44 years 02 months,370000.0,2025
2026-06,ANG MO KIO,3 ROOM,457,ANG MO KIO AVE 10,10 TO 12,75.0,New Generation,1980,52 years 08 months,432500.0,2026
2025-08,TOA PAYOH,3 ROOM,114,LOR 1 TOA PAYOH,07 TO 09,65.0,Improved,1967,40 years 10 months,355000.0,2025
2025-11,YISHUN,3 ROOM,283,YISHUN AVE 6,01 TO 03,74.0,Model A,1985,59 years,395000.0,2025
2026-01,PUNGGOL,4 ROOM,256A,SUMANG WALK,16 TO 18,93.0,Model A,2016,90 years,728888.0,2026
2025-11,CLEMENTI,5 ROOM,413,C'WEALTH AVE WEST,22 TO 24,125.0,Improved,1978,51 years 09 months,838000.0,2025
2025-04,SEMBAWANG,4 ROOM,103B,CANBERRA ST,04 TO 06,93.0,Model A,2020,94 years 09 months,610000.0,2025
2025-07,HOUGANG,4 ROOM,627,HOUGANG AVE 8,04 TO 06,84.0,Simplified,1986,60 years,490000.0,2025
2026-05,JURONG EAST,3 ROOM,329,JURONG EAST AVE 1,10 TO 12,74.0,Model A,1983,56 years 02 months,418000.0,2026
2026-02,ANG MO KIO,4 ROOM,227A,ANG MO KIO ST 23,19 TO 21,93.0,Model A,2021,94 years 07 months,1053888.0,2026
2026-05,CHOA CHU KANG,4 ROOM,544,CHOA CHU KANG ST 52,01 TO 03,107.0,Model A,1995,68 years 04 months,500000.0,2026
2025-08,ANG MO KIO,5 ROOM,588C,ANG MO KIO ST 52,22 TO 24,120.0,DBSS,2011,85 years,1370000.0,2025
2025-12,TAMPINES,3 ROOM,419,TAMPINES ST 41,07 TO 09,64.0,Simplified,1985,59 years 01 month,480000.0,2025
2025-09,JURONG WEST,5 ROOM,559,JURONG WEST ST 42,07 TO 09,139.0,Model A-Maisonette,1985,58 years 09 months,688000.0,2025
2025-03,ANG MO KIO,4 ROOM,178,ANG MO KIO AVE 4,10 TO 12,93.0,New Generation,1981,55 years 02 months,580000.0,2025
2025-01,BISHAN,4 ROOM,233,BISHAN ST 22,07 TO 09,113.0,Model A,1992,66 years 04 months,798800.0,2025
2025-07,JURONG EAST,3 ROOM,207,JURONG EAST ST 21,01 TO 03,67.0,New Generation,1983,56 years 09 months,397000.0,2025
2025-03,PASIR RIS,5 ROOM,626,PASIR RIS DR 3,01 TO 03,121.0,Improved,1995,69 years 04 months,708000.0,2025
2026-05,QUEENSTOWN,5 ROOM,131,CLARENCE LANE,10 TO 12,121.0,Improved,1996,69 years 03 months,1260000.0,2026
2025-04,TOA PAYOH,3 ROOM,195,KIM KEAT AVE,01 TO 03,66.0,Improved,1973,47 years 04 months,338000.0,2025
2025-01,WOODLANDS,4 ROOM,784C,WOODLANDS RISE,04 TO 06,93.0,Model A,2018,92 years 08 months,585000.0,2025
2025-10,SENGKANG,5 ROOM,305C,ANCHORVALE LINK,13 TO 15,110.0,Improved,2001,75 years,672888.0,2025
2026-01,PASIR RIS,5 ROOM,512,PASIR RIS ST 52,07 TO 09,127.0,Improved,1993,67 years,830000.0,2026
2025-02,JURONG WEST,5 ROOM,217A,BOON LAY AVE,04 TO 06,121.0,3Gen,2018,92 years 06 months,723000.0,2025
2026-03,QUEENSTOWN,3 ROOM,31,HOLLAND CL,07 TO 09,59.0,Improved,1974,47 years 02 months,360000.0,2026
2026-04,TOA PAYOH,3 ROOM,123,LOR 1 TOA PAYOH,04 TO 06,79.0,Improved,1970,42 years 10 months,420000.0,2026
2026-01,SENGKANG,4 ROOM,280A,SENGKANG EAST AVE,01 TO 03,92.0,Premium Apartment,2015,88 years 08 months,715000.0,2026
2026-03,JURONG WEST,3 ROOM,185,BOON LAY AVE,07 TO 09,59.0,Improved,1975,48 years 07 months,302000.0,2026
2025-09,TAMPINES,4 ROOM,868B,TAMPINES AVE 8,01 TO 03,92.0,Model A,2015,88 years 10 months,688000.0,2025
2025-05,GEYLANG,4 ROOM,34,EUNOS CRES,10 TO 12,85.0,Model A,2006,80 years 07 months,883888.0,2025
2025-08,PUNGGOL,4 ROOM,659C,PUNGGOL EAST,01 TO 03,93.0,Model A,2018,92 years 03 months,598000.0,2025
2026-04,ANG MO KIO,3 ROOM,643,ANG MO KIO AVE 5,10 TO 12,75.0,New Generation,1980,53 years 07 months,445000.0,2026
2025-12,YISHUN,4 ROOM,116,YISHUN RING RD,04 TO 06,108.0,Model A,1983,56 years 08 months,508888.0,2025
2026-01,SENGKANG,5 ROOM,413A,FERNVALE LINK,07 TO 09,114.0,Premium Apartment,2004,77 years 03 months,688000.0,2026
2026-04,BEDOK,5 ROOM,20,BEDOK STH RD,13 TO 15,114.0,Standard,1976,48 years 10 months,738000.0,2026
2025-03,TOA PAYOH,4 ROOM,264,TOA PAYOH EAST,07 TO 09,93.0,Model A,2019,93 years 10 months,945000.0,2025
2025-05,HOUGANG,3 ROOM,327,HOUGANG AVE 5,10 TO 12,67.0,New Generation,1983,56 years 10 months,455000.0,2025
2025-05,SENGKANG,4 ROOM,185C,RIVERVALE CRES,10 TO 12,85.0,Model A2,2000,74 years 07 months,570000.0,2025
2025-05,YISHUN,3 ROOM,333B,YISHUN ST 31,01 TO 03,67.0,Model A,2015,89 years 07 months,470000.0,2025
2026-05,YISHUN,5 ROOM,318B,YISHUN AVE 9,07 TO 09,112.0,Improved,2015,88 years 06 months,758888.0,2026
2025-06,QUEENSTOWN,4 ROOM,19,QUEEN'S CL,04 TO 06,109.0,Model A,1996,70 years 05 months,783000.0,2025
2025-07,YISHUN,3 ROOM,741,YISHUN AVE 5,10 TO 12,67.0,New Generation,1985,58 years 07 months,448000.0,2025
2025-10,BISHAN,4 ROOM,147,BISHAN ST 11,01 TO 03,84.0,Simplified,1987,60 years 04 months,565000.0,2025
2026-04,JURONG EAST,5 ROOM,286A,TOH GUAN RD,07 TO 09,123.0,Improved,1998,71 years 07 months,810000.0,2026
2025-12,HOUGANG,3 ROOM,241,HOUGANG ST 22,07 TO 09,74.0,Model A,1985,58 years 04 months,502000.0,2025
2025-10,BUKIT PANJANG,4 ROOM,627,SENJA RD,28 TO 30,90.0,Premium Apartment,2004,78 years 01 month,620000.0,2025
2026-04,SENGKANG,3 ROOM,180A,RIVERVALE CRES,16 TO 18,67.0,Model A,2015,88 years,536000.0,2026
2026-04,SENGKANG,5 ROOM,216D,COMPASSVALE DR,07 TO 09,112.0,Premium Apartment,2017,90 years 02 months,950000.0,2026
2025-09,TAMPINES,5 ROOM,605D,TAMPINES ST 61,01 TO 03,112.0,Improved,2020,93 years 06 months,922000.0,2025
2026-03,TAMPINES,4 ROOM,374,TAMPINES ST 34,07 TO 09,105.0,Model A,1995,68 years 07 months,655000.0,2026
2026-03,JURONG WEST,4 ROOM,953,JURONG WEST ST 91,07 TO 09,94.0,New Generation,1989,62 years 03 months,440000.0,2026
2026-01,CENTRAL AREA,3 ROOM,533,UPP CROSS ST,07 TO 09,60.0,Improved,1980,53 years 07 months,566000.0,2026
2025-06,PUNGGOL,4 ROOM,618A,PUNGGOL DR,04 TO 06,95.0,Premium Apartment,2013,87 years 03 months,660000.0,2025
2026-04,JURONG EAST,5 ROOM,267,TOH GUAN RD,19 TO 21,121.0,Improved,1998,71 years 07 months,780000.0,2026
2025-12,TAMPINES,4 ROOM,871B,TAMPINES ST 86,13 TO 15,94.0,Model A,2017,90 years 03 months,772888.0,2025
2025-03,TAMPINES,4 ROOM,606B,TAMPINES ST 61,10 TO 12,92.0,Model A,2020,94 years,773000.0,2025
2025-02,PUNGGOL,4 ROOM,310C,PUNGGOL WALK,04 TO 06,92.0,Premium Apartment,2016,90 years 05 months,725888.0,2025
2026-01,YISHUN,4 ROOM,336C,YISHUN ST 31,10 TO 12,92.0,Model A,2015,88 years 11 months,620888.0,2026
2025-07,BEDOK,4 ROOM,39,BEDOK STH RD,10 TO 12,92.0,New Generation,1978,52 years 02 months,520000.0,2025
2026-01,PUNGGOL,4 ROOM,408B,NORTHSHORE DR,16 TO 18,94.0,Model A,2021,94 years 05 months,770000.0,2026
2026-02,TAMPINES,5 ROOM,874C,TAMPINES ST 85,10 TO 12,113.0,Improved,2021,94 years 09 months,910000.0,2026
2025-02,JURONG EAST,4 ROOM,341,JURONG EAST AVE 1,07 TO 09,104.0,Model A,1983,57 years 05 months,528000.0,2025
2025-09,SENGKANG,4 ROOM,441D,FERNVALE RD,07 TO 09,92.0,Model A,2012,85 years 06 months,670000.0,2025
2025-06,SEMBAWANG,5 ROOM,317,SEMBAWANG VISTA,13 TO 15,122.0,Improved,1999,72 years 10 months,696000.0,2025
2025-01,HOUGANG,3 ROOM,110,HOUGANG AVE 1,04 TO 06,80.0,New Generation,1982,56 years 11 months,475000.0,2025
2025-09,BUKIT PANJANG,5 ROOM,625,SENJA RD,16 TO 18,110.0,Premium Apartment,2004,78 years 03 months,670000.0,2025
2026-03,SEMBAWANG,5 ROOM,413,SEMBAWANG DR,13 TO 15,110.0,Improved,2001,74 years,638000.0,2026
2025-12,BEDOK,5 ROOM,516,BEDOK NTH AVE 2,22 TO 24,119.0,Improved,1979,52 years 09 months,720000.0,2025
2025-07,SENGKANG,4 ROOM,273A,COMPASSVALE LINK,13 TO 15,90.0,Premium Apartment,2009,83 years 01 month,852000.0,2025
2025-01,SEMBAWANG,4 ROOM,126D,CANBERRA ST,10 TO 12,93.0,Model A,2020,94 years 10 months,660000.0,2025
2025-02,TAMPINES,5 ROOM,610A,TAMPINES NTH DR 1,07 TO 09,113.0,Improved,2020,94 years 09 months,903000.0,2025
2025-09,ANG MO KIO,4 ROOM,337,ANG MO KIO AVE 1,01 TO 03,91.0,New Generation,1982,55 years 05 months,530000.0,2025
2025-02,BUKIT BATOK,3 ROOM,163,BT BATOK ST 11,04 TO 06,73.0,Model A,1985,59 years,399888.0,2025
2026-03,JURONG EAST,5 ROOM,270,TOH GUAN RD,07 TO 09,120.0,Improved,1999,72 years,725000.0,2026
2025-06,PUNGGOL,5 ROOM,178,EDGEFIELD PLAINS,13 TO 15,110.0,Premium Apartment,2003,77 years 06 months,650000.0,2025
2025-11,BUKIT TIMAH,4 ROOM,13,TOH YI DR,04 TO 06,104.0,Model A,1988,61 years 11 months,960888.0,2025
2026-01,WOODLANDS,4 ROOM,843,WOODLANDS ST 82,10 TO 12,104.0,Model A,1994,67 years 06 months,575000.0,2026
2026-02,BUKIT PANJANG,5 ROOM,427,BT PANJANG RING RD,13 TO 15,122.0,Improved,1989,62 years,618000.0,2026
2026-04,TOA PAYOH,4 ROOM,7,UPP ALJUNIED LANE,07 TO 09,93.0,Model A,2017,89 years 11 months,895000.0,2026
2026-04,ANG MO KIO,5 ROOM,521,ANG MO KIO AVE 5,07 TO 09,118.0,Improved,1980,53 years 05 months,785000.0,2026
2025-03,JURONG WEST,4 ROOM,668B,JURONG WEST ST 64,01 TO 03,90.0,Model A2,2000,74 years 04 months,515000.0,2025
2026-05,BEDOK,4 ROOM,428,BEDOK NTH RD,01 TO 03,92.0,New Generation,1979,51 years 09 months,510000.0,2026
2025-02,JURONG WEST,3 ROOM,914,JURONG WEST ST 91,10 TO 12,73.0,Model A,1988,62 years 06 months,400000.0,2025
2025-07,WOODLANDS,4 ROOM,659,WOODLANDS RING RD,04 TO 06,101.0,Model A,1998,71 years 07 months,573000.0,2025
2025-01,CHOA CHU KANG,3 ROOM,111,TECK WHYE LANE,10 TO 12,73.0,Model A,1989,63 years 10 months,420000.0,2025
2026-02,BUKIT MERAH,4 ROOM,3,DELTA AVE,01 TO 03,91.0,New Generation,1985,58 years 08 months,768000.0,2026
2025-12,CLEMENTI,3 ROOM,376,CLEMENTI AVE 4,04 TO 06,67.0,New Generation,1980,53 years 11 months,438888.0,2025
2025-09,BEDOK,3 ROOM,526,BEDOK NTH ST 3,07 TO 09,67.0,New Generation,1979,52 years 11 months,430000.0,2025
2026-06,BUKIT PANJANG,3 ROOM,205,PETIR RD,04 TO 06,73.0,Model A,1988,61 years 06 months,430000.0,2026
2026-06,BUKIT PANJANG,5 ROOM,605,SENJA RD,28 TO 30,120.0,Improved,1999,72 years,1050000.0,2026
2026-06,BEDOK,4 ROOM,609,BEDOK RESERVOIR RD,04 TO 06,91.0,New Generation,1982,55 years 02 months,530000.0,2026
2025-05,JURONG WEST,4 ROOM,929,JURONG WEST ST 92,10 TO 12,103.0,Model A,1989,62 years 08 months,475000.0,2025
2025-04,PASIR RIS,3 ROOM,1,CHANGI VILLAGE RD,01 TO 03,66.0,Improved,1980,54 years 04 months,350000.0,2025
2026-03,HOUGANG,3 ROOM,623,HOUGANG AVE 8,01 TO 03,60.0,Improved,1985,58 years 05 months,375000.0,2026
2026-02,QUEENSTOWN,4 ROOM,59,STRATHMORE AVE,10 TO 12,96.0,Model A,2000,73 years 09 months,900000.0,2026
2026-04,BUKIT PANJANG,4 ROOM,178,LOMPANG RD,04 TO 06,90.0,Model A,2001,74 years 08 months,660000.0,2026
2025-08,SENGKANG,4 ROOM,451B,SENGKANG WEST WAY,10 TO 12,92.0,Model A,2015,88 years 11 months,635000.0,2025
2026-01,HOUGANG,3 ROOM,355,HOUGANG AVE 7,01 TO 03,74.0,New Generation,1985,58 years 01 month,420000.0,2026
2025-08,YISHUN,4 ROOM,276,YISHUN ST 22,10 TO 12,104.0,Model A,1985,59 years 02 months,600000.0,2025
2025-05,CHOA CHU KANG,5 ROOM,808D,CHOA CHU KANG AVE 1,13 TO 15,112.0,Improved,2017,91 years,725000.0,2025
2025-09,HOUGANG,3 ROOM,645,HOUGANG AVE 8,10 TO 12,60.0,Improved,1987,60 years 04 months,400000.0,2025
2025-04,BUKIT MERAH,4 ROOM,52,HAVELOCK RD,13 TO 15,94.0,Model A,2013,87 years 02 months,1060000.0,2025
2025-11,WOODLANDS,5 ROOM,322,WOODLANDS ST 32,07 TO 09,122.0,Improved,1994,67 years 06 months,708000.0,2025
2026-05,ANG MO KIO,4 ROOM,309A,ANG MO KIO ST 31,04 TO 06,95.0,Model A,2006,79 years,840000.0,2026
2025-05,TAMPINES,3 ROOM,201A,TAMPINES ST 21,01 TO 03,68.0,New Generation,1986,60 years 03 months,420000.0,2025
2025-07,ANG MO KIO,3 ROOM,124,ANG MO KIO AVE 6,04 TO 06,67.0,New Generation,1979,52 years 07 months,455000.0,2025
2025-05,YISHUN,4 ROOM,336B,YISHUN ST 31,01 TO 03,92.0,Model A,2015,89 years 07 months,560000.0,2025
2025-11,TAMPINES,5 ROOM,726,TAMPINES ST 71,07 TO 09,125.0,Improved,1997,70 years 10 months,518000.0,2025
2025-04,SENGKANG,5 ROOM,406C,FERNVALE RD,13 TO 15,110.0,Premium Apartment,2004,78 years 08 months,665000.0,2025
2025-02,BUKIT PANJANG,3 ROOM,486,SEGAR RD,13 TO 15,67.0,Model A,2014,88 years 11 months,505000.0,2025
2026-05,YISHUN,5 ROOM,513D,YISHUN ST 51,01 TO 03,113.0,Improved,2018,90 years 10 months,660000.0,2026
2025-05,BUKIT PANJANG,4 ROOM,176,LOMPANG RD,13 TO 15,101.0,Model A,1997,71 years 06 months,730000.0,2025
2026-06,YISHUN,4 ROOM,671B,YISHUN AVE 4,10 TO 12,93.0,Model A,2018,90 years 08 months,640000.0,2026
2025-11,BUKIT BATOK,4 ROOM,291A,BT BATOK ST 24,10 TO 12,103.0,Model A,1997,71 years 02 months,608000.0,2025
2025-07,YISHUN,3 ROOM,675A,YISHUN AVE 4,10 TO 12,68.0,Model A,2018,92 years 05 months,525000.0,2025
2025-12,GEYLANG,4 ROOM,18C,CIRCUIT RD,16 TO 18,93.0,Model A,2016,90 years,1018000.0,2025
2026-01,BISHAN,5 ROOM,275A,BISHAN ST 24,22 TO 24,120.0,DBSS,2011,84 years 08 months,1557000.0,2026
2025-08,BUKIT MERAH,4 ROOM,91A,TELOK BLANGAH ST 31,07 TO 09,93.0,Model A,2018,92 years 04 months,955888.0,2025
2025-08,TAMPINES,4 ROOM,103,TAMPINES ST 11,01 TO 03,104.0,Model A,1982,55 years 11 months,595000.0,2025
2026-05,BUKIT BATOK,4 ROOM,363,BT BATOK ST 31,10 TO 12,94.0,New Generation,1987,60 years 06 months,528000.0,2026
2025-01,BUKIT BATOK,5 ROOM,170,BT BATOK WEST AVE 8,22 TO 24,139.0,Model A,1985,59 years 09 months,790000.0,2025
2025-12,TOA PAYOH,4 ROOM,101A,BIDADARI PK DR,07 TO 09,93.0,Model A,2021,94 years 07 months,1138000.0,2025
2025-01,KALLANG/WHAMPOA,3 ROOM,34,WHAMPOA WEST,04 TO 06,68.0,Improved,1972,46 years 01 month,365000.0,2025
2026-03,WOODLANDS,4 ROOM,687B,WOODLANDS DR 75,13 TO 15,93.0,Premium Apartment,2003,76 years,575000.0,2026
2026-02,PUNGGOL,4 ROOM,670B,EDGEFIELD PLAINS,07 TO 09,93.0,Premium Apartment,2016,89 years 04 months,670000.0,2026
2025-03,SENGKANG,4 ROOM,216A,COMPASSVALE DR,13 TO 15,92.0,Premium Apartment,2017,91 years 03 months,830000.0,2025
2025-05,TAMPINES,4 ROOM,523B,TAMPINES CTRL 7,10 TO 12,93.0,Model A,2015,89 years 03 months,790000.0,2025
2025-07,BUKIT BATOK,4 ROOM,135,BT BATOK WEST AVE 6,04 TO 06,93.0,New Generation,1984,58 years 05 months,506888.0,2025
2026-02,YISHUN,3 ROOM,211,YISHUN ST 21,04 TO 06,67.0,New Generation,1985,58 years 08 months,412000.0,2026
2025-01,WOODLANDS,5 ROOM,183A,WOODLANDS ST 13,16 TO 18,113.0,Improved,2019,93 years 11 months,820000.0,2025
2026-02,BISHAN,5 ROOM,155,BISHAN ST 13,04 TO 06,130.0,Improved,1987,60 years 10 months,935000.0,2026
2025-07,BUKIT PANJANG,4 ROOM,458,SEGAR RD,13 TO 15,93.0,Premium Apartment,2012,86 years 04 months,628000.0,2025
2026-03,TAMPINES,4 ROOM,843,TAMPINES ST 83,10 TO 12,103.0,Model A,1988,60 years 11 months,590000.0,2026
2025-05,TAMPINES,5 ROOM,233,SIMEI ST 4,01 TO 03,122.0,Improved,1989,63 years 02 months,723000.0,2025
2025-04,CENTRAL AREA,4 ROOM,1C,CANTONMENT RD,31 TO 33,93.0,Type S1,2011,84 years 09 months,1380000.0,2025
2026-03,TOA PAYOH,4 ROOM,193,LOR 4 TOA PAYOH,22 TO 24,84.0,Improved,1974,47 years 05 months,616000.0,2026
2025-02,TOA PAYOH,4 ROOM,79D,TOA PAYOH CTRL,07 TO 09,91.0,Model A,2009,83 years 03 months,942888.0,2025
2025-08,BISHAN,4 ROOM,229,BISHAN ST 23,13 TO 15,104.0,Model A,1992,65 years 09 months,818000.0,2025
2025-04,TAMPINES,4 ROOM,421,TAMPINES ST 41,07 TO 09,108.0,Model A,1985,59 years 03 months,660000.0,2025
2026-03,PUNGGOL,3 ROOM,658A,PUNGGOL EAST,13 TO 15,68.0,Model A,2018,91 years 09 months,530000.0,2026
2026-03,SEMBAWANG,4 ROOM,115D,CANBERRA WALK,04 TO 06,93.0,Model A,2018,91 years 05 months,680000.0,2026
2025-01,SEMBAWANG,4 ROOM,102A,CANBERRA ST,07 TO 09,93.0,Model A,2020,95 years,600000.0,2025
2025-07,PASIR RIS,5 ROOM,149,PASIR RIS ST 13,07 TO 09,126.0,Improved,1995,68 years 08 months,680000.0,2025
2025-04,TAMPINES,4 ROOM,608C,TAMPINES NTH DR 1,07 TO 09,93.0,Model A,2020,94 years 07 months,780000.0,2025
2025-05,SERANGOON,4 ROOM,307,SERANGOON AVE 2,04 TO 06,91.0,New Generation,1985,59 years 06 months,645000.0,2025
2025-10,MARINE PARADE,3 ROOM,66,MARINE DR,10 TO 12,76.0,Improved,1976,49 years 05 months,560000.0,2025
2025-05,SEMBAWANG,3 ROOM,365C,SEMBAWANG CRES,07 TO 09,68.0,Model A,2019,92 years 11 months,510000.0,2025
2025-12,BUKIT TIMAH,3 ROOM,4,QUEEN'S RD,10 TO 12,73.0,Improved,1974,47 years 05 months,560000.0,2025
2025-09,PASIR RIS,5 ROOM,147,PASIR RIS ST 13,04 TO 06,128.0,Improved,1995,68 years 06 months,760000.0,2025
2025-10,JURONG WEST,5 ROOM,664A,JURONG WEST ST 64,16 TO 18,110.0,Improved,2000,73 years 10 months,708000.0,2025
2026-01,TAMPINES,5 ROOM,926,TAMPINES ST 91,04 TO 06,134.0,Model A,1983,56 years 11 months,765000.0,2026
2025-07,WOODLANDS,5 ROOM,355,WOODLANDS AVE 1,10 TO 12,123.0,Improved,1996,70 years 03 months,738000.0,2025
2026-02,BUKIT BATOK,4 ROOM,442B,BT BATOK WEST AVE 8,07 TO 09,92.0,Model A,2019,92 years 02 months,680000.0,2026
2025-06,YISHUN,5 ROOM,859,YISHUN AVE 4,01 TO 03,122.0,Improved,1988,62 years 02 months,690000.0,2025
2026-04,SENGKANG,4 ROOM,356B,ANCHORVALE LANE,01 TO 03,93.0,Model A,2021,93 years 11 months,645000.0,2026
2026-06,TAMPINES,4 ROOM,520C,TAMPINES CTRL 8,10 TO 12,84.0,DBSS,2014,87 years 01 month,898000.0,2026
2025-11,YISHUN,4 ROOM,449,YISHUN RING RD,04 TO 06,92.0,Model A,2012,85 years 09 months,565000.0,2025
2025-12,BUKIT MERAH,5 ROOM,2,DELTA AVE,22 TO 24,122.0,Improved,1985,58 years 09 months,1150000.0,2025
2026-02,ANG MO KIO,3 ROOM,333,ANG MO KIO AVE 1,10 TO 12,68.0,New Generation,1981,54 years,420000.0,2026
2026-02,BUKIT MERAH,3 ROOM,92B,TELOK BLANGAH ST 31,16 TO 18,68.0,Model A,2018,91 years 11 months,755000.0,2026
2026-05,JURONG WEST,4 ROOM,757,JURONG WEST ST 74,01 TO 03,109.0,Model A,1996,69 years 05 months,520000.0,2026
2025-11,BUKIT BATOK,5 ROOM,453B,BT BATOK WEST AVE 6,10 TO 12,115.0,Improved,2019,92 years 05 months,838000.0,2025
2025-11,JURONG WEST,5 ROOM,920,JURONG WEST ST 92,10 TO 12,122.0,Improved,1989,62 years 04 months,619000.0,2025
2026-05,JURONG WEST,4 ROOM,477,JURONG WEST ST 41,10 TO 12,102.0,Model A,1984,57 years 03 months,550000.0,2026
2025-10,BEDOK,3 ROOM,1,BEDOK STH AVE 1,01 TO 03,59.0,Improved,1976,49 years 03 months,370000.0,2025
2025-04,GEYLANG,3 ROOM,45,SIMS DR,04 TO 06,65.0,Improved,1977,51 years 01 month,388000.0,2025
2025-10,YISHUN,3 ROOM,136,YISHUN RING RD,07 TO 09,68.0,New Generation,1984,58 years,420000.0,2025
2026-06,WOODLANDS,3 ROOM,782C,WOODLANDS CRES,13 TO 15,67.0,Model A,2015,88 years 01 month,501000.0,2026
2025-05,TAMPINES,4 ROOM,605A,TAMPINES ST 61,10 TO 12,92.0,Model A,2020,93 years 10 months,777888.0,2025
2025-10,WOODLANDS,3 ROOM,23,MARSILING DR,13 TO 15,67.0,New Generation,1977,51 years 01 month,325000.0,2025
2026-05,YISHUN,5 ROOM,348A,YISHUN AVE 11,04 TO 06,112.0,DBSS,2013,86 years 05 months,895000.0,2026
2025-09,SENGKANG,4 ROOM,434B,FERNVALE RD,13 TO 15,94.0,Premium Apartment,2013,86 years 09 months,600000.0,2025
2025-04,TAMPINES,4 ROOM,724,TAMPINES ST 71,10 TO 12,103.0,Model A,1997,71 years 05 months,635000.0,2025
2026-04,TAMPINES,5 ROOM,619B,TAMPINES ST 61,07 TO 09,113.0,Improved,2021,94 years 07 months,950000.0,2026
2025-05,BUKIT BATOK,5 ROOM,514,BT BATOK ST 52,04 TO 06,122.0,Improved,1986,60 years 07 months,620000.0,2025
2025-11,TAMPINES,5 ROOM,232,TAMPINES ST 21,01 TO 03,121.0,Improved,1985,58 years 03 months,680000.0,2025
2025-12,CLEMENTI,5 ROOM,613,CLEMENTI WEST ST 1,07 TO 09,133.0,Model A,1984,57 years 06 months,826000.0,2025
2025-07,BEDOK,4 ROOM,127,BEDOK RESERVOIR RD,04 TO 06,104.0,Model A,1986,60 years 05 months,620000.0,2025
2025-10,QUEENSTOWN,3 ROOM,2,HOLLAND AVE,01 TO 03,65.0,Improved,1974,47 years 08 months,439000.0,2025
2025-07,HOUGANG,4 ROOM,372,HOUGANG ST 31,13 TO 15,101.0,Model A,1999,73 years 04 months,706000.0,2025
2026-02,GEYLANG,3 ROOM,49,CIRCUIT RD,01 TO 03,56.0,Standard,1969,42 years,316000.0,2026
2026-01,SENGKANG,5 ROOM,311D,ANCHORVALE LANE,16 TO 18,111.0,Premium Apartment,2002,75 years 11 months,653000.0,2026
2026-01,BUKIT MERAH,3 ROOM,32,TELOK BLANGAH RISE,07 TO 09,59.0,Improved,1976,49 years 05 months,373000.0,2026
2026-04,JURONG EAST,5 ROOM,204,JURONG EAST ST 21,04 TO 06,122.0,Improved,1983,55 years 11 months,703000.0,2026
2025-05,BEDOK,4 ROOM,187B,BEDOK NTH ST 4,16 TO 18,93.0,Model A,2018,92 years 08 months,867000.0,2025
2026-02,TAMPINES,5 ROOM,486C,TAMPINES AVE 9,07 TO 09,127.0,Improved,1993,66 years 08 months,770000.0,2026
2026-03,MARINE PARADE,4 ROOM,18,MARINE TER,13 TO 15,88.0,Improved,1975,48 years,770000.0,2026
2025-02,TAMPINES,4 ROOM,126,SIMEI ST 1,04 TO 06,103.0,Model A,1988,62 years 03 months,645000.0,2025
2025-01,TOA PAYOH,3 ROOM,205,TOA PAYOH NTH,04 TO 06,65.0,Improved,1973,47 years 07 months,363000.0,2025
2025-07,YISHUN,4 ROOM,636,YISHUN ST 61,04 TO 06,85.0,Simplified,1987,61 years 04 months,505000.0,2025
2025-01,PUNGGOL,3 ROOM,314B,PUNGGOL WAY,07 TO 09,68.0,Premium Apartment,2017,91 years 10 months,583000.0,2025
2026-04,CLEMENTI,3 ROOM,728,CLEMENTI WEST ST 2,10 TO 12,68.0,New Generation,1980,53 years 05 months,420000.0,2026
2026-05,SENGKANG,5 ROOM,223B,COMPASSVALE WALK,10 TO 12,122.0,Improved,1999,72 years,718000.0,2026
2025-09,ANG MO KIO,4 ROOM,522,ANG MO KIO AVE 5,07 TO 09,92.0,New Generation,1980,54 years,540000.0,2025
2025-12,ANG MO KIO,3 ROOM,416,ANG MO KIO AVE 10,01 TO 03,74.0,New Generation,1979,52 years 09 months,440000.0,2025
2025-04,ANG MO KIO,3 ROOM,153,ANG MO KIO AVE 5,10 TO 12,82.0,New Generation,1981,54 years 09 months,480000.0,2025
2026-01,BUKIT PANJANG,3 ROOM,442B,FAJAR RD,13 TO 15,68.0,Model A,2016,90 years,503000.0,2026
2026-04,HOUGANG,5 ROOM,984D,BUANGKOK LINK,16 TO 18,110.0,Improved,2004,77 years 02 months,682000.0,2026
2025-11,BEDOK,3 ROOM,21,CHAI CHEE RD,10 TO 12,65.0,Improved,1972,45 years 09 months,387000.0,2025
2025-06,JURONG WEST,3 ROOM,475,JURONG WEST ST 41,04 TO 06,73.0,Model A,1984,58 years 03 months,410000.0,2025
2025-03,QUEENSTOWN,3 ROOM,158,MEI LING ST,07 TO 09,66.0,Improved,1970,43 years 11 months,428000.0,2025
2025-03,YISHUN,3 ROOM,123,YISHUN ST 11,10 TO 12,68.0,New Generation,1985,59 years 04 months,420000.0,2025
2026-04,KALLANG/WHAMPOA,3 ROOM,74,WHAMPOA DR,13 TO 15,66.0,Improved,1981,54 years 03 months,400000.0,2026
2025-12,TOA PAYOH,3 ROOM,85A,LOR 4 TOA PAYOH,16 TO 18,68.0,Improved,1972,45 years 02 months,426888.0,2025
2025-01,KALLANG/WHAMPOA,3 ROOM,462,CRAWFORD LANE,07 TO 09,60.0,Improved,1981,55 years 10 months,449888.0,2025
2026-01,WOODLANDS,5 ROOM,757,WOODLANDS AVE 4,04 TO 06,122.0,Improved,1997,70 years 11 months,640000.0,2026
2025-01,SEMBAWANG,5 ROOM,359B,ADMIRALTY DR,04 TO 06,110.0,Premium Apartment,2001,75 years 10 months,618000.0,2025
2026-05,BEDOK,3 ROOM,547A,BEDOK NTH AVE 1,07 TO 09,68.0,Model A,2021,94 years 02 months,635000.0,2026
2025-12,YISHUN,3 ROOM,740,YISHUN AVE 5,07 TO 09,67.0,New Generation,1985,58 years 04 months,420000.0,2025
2025-03,TAMPINES,3 ROOM,445,TAMPINES ST 42,04 TO 06,64.0,Simplified,1986,60 years 01 month,440000.0,2025
2025-11,TOA PAYOH,4 ROOM,82,LOR 4 TOA PAYOH,01 TO 03,105.0,Model A,1996,69 years 11 months,840888.0,2025
2025-08,ANG MO KIO,4 ROOM,213,ANG MO KIO AVE 3,04 TO 06,82.0,New Generation,1976,49 years 08 months,528000.0,2025
2025-03,PUNGGOL,4 ROOM,209B,PUNGGOL PL,01 TO 03,92.0,Model A,2014,88 years 10 months,620000.0,2025
2025-06,CLEMENTI,3 ROOM,711,CLEMENTI WEST ST 2,01 TO 03,67.0,New Generation,1980,54 years 06 months,370000.0,2025
2026-01,PUNGGOL,4 ROOM,256A,SUMANG WALK,04 TO 06,93.0,Model A,2016,90 years,660000.0,2026
2025-03,BUKIT PANJANG,5 ROOM,176,LOMPANG RD,16 TO 18,121.0,Improved,1997,71 years 08 months,900000.0,2025
2026-01,TAMPINES,3 ROOM,885,TAMPINES ST 83,01 TO 03,74.0,Model A,1987,60 years 11 months,425000.0,2026
2025-07,TAMPINES,3 ROOM,422,TAMPINES ST 41,04 TO 06,64.0,Simplified,1985,59 years 03 months,453000.0,2025
2025-09,TOA PAYOH,3 ROOM,115A,ALKAFF CRES,16 TO 18,68.0,Model A,2020,94 years 04 months,800000.0,2025
2026-02,BUKIT MERAH,5 ROOM,8B,BOON TIONG RD,16 TO 18,115.0,Improved,2005,78 years 09 months,1345000.0,2026
2025-12,YISHUN,4 ROOM,658,YISHUN AVE 4,04 TO 06,83.0,Simplified,1987,60 years 09 months,460000.0,2025
2025-09,JURONG WEST,4 ROOM,197C,BOON LAY DR,10 TO 12,93.0,Model A,2015,88 years 08 months,620000.0,2025
2025-01,JURONG WEST,4 ROOM,663B,JURONG WEST ST 65,10 TO 12,91.0,Model A,2000,74 years 08 months,612000.0,2025
2025-09,BUKIT MERAH,3 ROOM,64,TELOK BLANGAH DR,07 TO 09,67.0,New Generation,1978,51 years 11 months,473000.0,2025
2025-07,PUNGGOL,5 ROOM,306B,PUNGGOL PL,16 TO 18,147.0,Premium Apartment Loft,2012,86 years,1200000.0,2025
2026-03,SENGKANG,3 ROOM,471C,FERNVALE ST,16 TO 18,68.0,Model A,2016,89 years 06 months,575000.0,2026
2026-01,PASIR RIS,4 ROOM,525A,PASIR RIS ST 51,01 TO 03,93.0,Model A,2015,88 years 07 months,735000.0,2026
2026-05,TOA PAYOH,4 ROOM,115A,ALKAFF CRES,13 TO 15,93.0,Model A,2020,93 years 07 months,1088888.0,2026
2025-01,QUEENSTOWN,3 ROOM,90,TANGLIN HALT RD,04 TO 06,60.0,Model A,2008,82 years 08 months,670000.0,2025
2025-07,TAMPINES,4 ROOM,909,TAMPINES AVE 4,10 TO 12,105.0,Model A,1984,57 years 10 months,680000.0,2025
2025-09,SENGKANG,5 ROOM,262A,COMPASSVALE ST,13 TO 15,110.0,Improved,2001,74 years 07 months,738000.0,2025
2026-01,TOA PAYOH,3 ROOM,118,POTONG PASIR AVE 1,01 TO 03,67.0,New Generation,1984,57 years 09 months,445000.0,2026
2025-09,BUKIT PANJANG,4 ROOM,625,SENJA RD,16 TO 18,90.0,Premium Apartment,2004,78 years 02 months,588888.0,2025
2025-01,TOA PAYOH,3 ROOM,130A,LOR 1 TOA PAYOH,16 TO 18,68.0,Model A,2018,92 years 08 months,780000.0,2025
2026-01,TAMPINES,3 ROOM,157,TAMPINES ST 12,07 TO 09,68.0,New Generation,1985,58 years 01 month,523000.0,2026
2025-02,SENGKANG,5 ROOM,203C,COMPASSVALE RD,07 TO 09,110.0,Improved,2001,75 years,725000.0,2025
2025-08,SEMBAWANG,4 ROOM,407,SEMBAWANG DR,07 TO 09,90.0,Model A,2001,74 years 08 months,530000.0,2025
2025-09,TAMPINES,4 ROOM,269,TAMPINES ST 21,01 TO 03,104.0,Model A,1984,57 years 07 months,650000.0,2025
2025-09,BEDOK,3 ROOM,127,BEDOK NTH ST 2,01 TO 03,67.0,New Generation,1978,51 years 08 months,410000.0,2025
2025-11,TOA PAYOH,5 ROOM,16,JOO SENG RD,10 TO 12,132.0,Model A,1984,57 years 03 months,820000.0,2025
2026-05,HOUGANG,4 ROOM,613,HOUGANG AVE 8,01 TO 03,84.0,Simplified,1986,59 years 03 months,475000.0,2026
2025-08,PUNGGOL,5 ROOM,259C,PUNGGOL FIELD,04 TO 06,113.0,Improved,2016,89 years 10 months,808888.0,2025
2025-06,BUKIT BATOK,3 ROOM,318,BT BATOK ST 32,01 TO 03,68.0,New Generation,1986,59 years 10 months,395000.0,2025
2025-04,MARINE PARADE,3 ROOM,66,MARINE DR,07 TO 09,65.0,Improved,1976,50 years,470000.0,2025
2025-09,TOA PAYOH,4 ROOM,118A,ALKAFF CRES,04 TO 06,93.0,Model A,2020,94 years 04 months,1080000.0,2025
2026-01,TAMPINES,4 ROOM,612A,TAMPINES NTH DR 1,01 TO 03,93.0,Model A,2020,93 years 10 months,750000.0,2026
2025-08,BUKIT BATOK,4 ROOM,443A,BT BATOK WEST AVE 8,04 TO 06,92.0,Model A,2019,92 years 07 months,636888.0,2025
2026-05,SENGKANG,4 ROOM,212C,COMPASSVALE DR,13 TO 15,99.0,Premium Apartment,2012,85 years 05 months,680000.0,2026
2025-05,BUKIT BATOK,3 ROOM,537,BT BATOK ST 52,01 TO 03,73.0,Model A,1987,61 years 01 month,408000.0,2025
2026-01,BEDOK,3 ROOM,542,BEDOK NTH ST 3,10 TO 12,67.0,New Generation,1985,58 years 09 months,426000.0,2026
2025-12,WOODLANDS,4 ROOM,579,WOODLANDS DR 16,07 TO 09,90.0,Model A,2001,74 years 05 months,548000.0,2025
2025-01,SEMBAWANG,5 ROOM,108C,CANBERRA WALK,01 TO 03,113.0,Improved,2018,92 years 06 months,670000.0,2025
2025-03,YISHUN,3 ROOM,237,YISHUN RING RD,04 TO 06,67.0,New Generation,1985,59 years 03 months,410000.0,2025
2025-09,PUNGGOL,4 ROOM,163A,PUNGGOL CTRL,07 TO 09,95.0,Premium Apartment,2004,77 years 09 months,615000.0,2025
2025-04,SEMBAWANG,4 ROOM,128C,CANBERRA ST,01 TO 03,93.0,Model A,2018,92 years 07 months,605000.0,2025
2026-01,WOODLANDS,4 ROOM,746,WOODLANDS CIRCLE,10 TO 12,103.0,Model A,1998,71 years,540000.0,2026
2025-01,BUKIT PANJANG,4 ROOM,547B,SEGAR RD,01 TO 03,92.0,Model A,2015,89 years 08 months,540000.0,2025
2026-04,TAMPINES,4 ROOM,874C,TAMPINES ST 85,07 TO 09,93.0,Model A,2021,94 years 07 months,770000.0,2026
2026-06,WOODLANDS,5 ROOM,624A,WOODLANDS DR 52,01 TO 03,122.0,Improved,1998,71 years 06 months,620000.0,2026
2026-04,WOODLANDS,4 ROOM,570B,WOODLANDS AVE 1,10 TO 12,92.0,Model A,2013,86 years 07 months,620000.0,2026
2026-01,JURONG WEST,4 ROOM,673C,JURONG WEST ST 65,10 TO 12,91.0,Model A,2002,76 years,545000.0,2026
2025-05,YISHUN,4 ROOM,762,YISHUN ST 72,10 TO 12,84.0,Simplified,1985,59 years 07 months,535000.0,2025
2025-07,SENGKANG,3 ROOM,467B,FERNVALE LINK,13 TO 15,68.0,Model A,2016,90 years 01 month,528000.0,2025
2025-10,SENGKANG,4 ROOM,303C,ANCHORVALE LINK,07 TO 09,86.0,Model A2,2001,75 years,605000.0,2025
2026-02,SENGKANG,4 ROOM,470A,FERNVALE LINK,25 TO 27,93.0,Model A,2016,89 years 08 months,655000.0,2026
2025-04,YISHUN,4 ROOM,754,YISHUN ST 72,10 TO 12,84.0,Simplified,1985,59 years 06 months,548000.0,2025
2026-03,YISHUN,5 ROOM,426D,YISHUN AVE 11,07 TO 09,112.0,Improved,2015,88 years 01 month,690888.0,2026
2025-11,BEDOK,3 ROOM,186B,BEDOK NTH ST 4,10 TO 12,68.0,Model A,2018,92 years 02 months,650000.0,2025
2025-07,KALLANG/WHAMPOA,3 ROOM,34,JLN BAHAGIA,01 TO 03,53.0,Standard,1970,44 years,310000.0,2025
2025-01,BUKIT MERAH,5 ROOM,72,TELOK BLANGAH HTS,16 TO 18,117.0,Standard,1978,52 years 02 months,858000.0,2025
2025-11,GEYLANG,3 ROOM,24,BALAM RD,04 TO 06,60.0,Standard,1967,40 years 03 months,317000.0,2025
2025-04,SENGKANG,5 ROOM,282C,SENGKANG EAST AVE,10 TO 12,112.0,Premium Apartment,2015,89 years 05 months,950000.0,2025
2026-04,WOODLANDS,4 ROOM,343,WOODLANDS AVE 1,01 TO 03,84.0,Simplified,1989,62 years 06 months,505000.0,2026
2025-11,BUKIT MERAH,3 ROOM,78,INDUS RD,04 TO 06,76.0,Improved,1982,55 years 11 months,473000.0,2025
2025-06,YISHUN,4 ROOM,832,YISHUN ST 81,04 TO 06,104.0,Model A,1988,61 years 10 months,608000.0,2025
2026-03,YISHUN,4 ROOM,876,YISHUN ST 81,04 TO 06,83.0,Simplified,1987,60 years 09 months,490000.0,2026
2025-06,BUKIT BATOK,5 ROOM,442C,BT BATOK WEST AVE 8,13 TO 15,112.0,Improved,2019,92 years 10 months,830000.0,2025
2026-05,CLEMENTI,4 ROOM,424,CLEMENTI AVE 1,13 TO 15,96.0,Model A,2013,86 years 04 months,928000.0,2026
2025-10,PUNGGOL,4 ROOM,301A,PUNGGOL CTRL,07 TO 09,93.0,Premium Apartment,2010,83 years 10 months,720000.0,2025
2025-01,BUKIT MERAH,4 ROOM,54,HAVELOCK RD,25 TO 27,89.0,Model A,2013,87 years 06 months,1085000.0,2025
2026-05,YISHUN,4 ROOM,426A,YISHUN AVE 11,01 TO 03,92.0,Model A,2015,87 years 11 months,568000.0,2026
2025-09,BUKIT PANJANG,4 ROOM,626,SENJA RD,13 TO 15,93.0,Premium Apartment,2005,78 years 06 months,600000.0,2025
2026-03,CHOA CHU KANG,5 ROOM,815C,CHOA CHU KANG AVE 7,07 TO 09,113.0,Improved,2017,90 years,711000.0,2026
2025-08,QUEENSTOWN,3 ROOM,85,C'WEALTH CL,01 TO 03,58.0,Standard,1967,40 years 06 months,360000.0,2025
2025-02,YISHUN,4 ROOM,655,YISHUN AVE 4,07 TO 09,104.0,Model A,1987,61 years 07 months,572500.0,2025
2025-02,ANG MO KIO,5 ROOM,460,ANG MO KIO AVE 10,01 TO 03,120.0,Improved,1980,54 years,650000.0,2025
2025-06,GEYLANG,3 ROOM,9,HAIG RD,10 TO 12,59.0,Improved,1976,50 years 01 month,370000.0,2025
2025-01,BUKIT BATOK,3 ROOM,450D,BT BATOK WEST AVE 6,04 TO 06,67.0,Model A,2019,93 years 03 months,485000.0,2025
2026-01,YISHUN,3 ROOM,734,YISHUN AVE 5,10 TO 12,82.0,New Generation,1985,58 years 02 months,485888.0,2026
2026-03,HOUGANG,4 ROOM,933A,HOUGANG AVE 9,04 TO 06,92.0,Model A,2017,90 years 08 months,720000.0,2026
2026-06,BUKIT MERAH,5 ROOM,77A,REDHILL RD,16 TO 18,115.0,Improved,2005,78 years 06 months,1110000.0,2026
2026-06,ANG MO KIO,3 ROOM,444,ANG MO KIO AVE 10,04 TO 06,67.0,New Generation,1979,52 years 03 months,398000.0,2026
2025-02,WOODLANDS,4 ROOM,899B,WOODLANDS DR 50,04 TO 06,99.0,Model A,1997,71 years 06 months,551000.0,2025
2025-01,HOUGANG,5 ROOM,616,HOUGANG AVE 8,01 TO 03,121.0,Improved,1986,60 years 08 months,658000.0,2025
2025-07,CLEMENTI,4 ROOM,311C,CLEMENTI AVE 4,13 TO 15,82.0,DBSS,2014,88 years 06 months,950000.0,2025
2026-04,WOODLANDS,4 ROOM,173,WOODLANDS ST 13,01 TO 03,93.0,New Generation,1989,62 years,475000.0,2026
2025-12,PUNGGOL,4 ROOM,678B,PUNGGOL DR,13 TO 15,93.0,Premium Apartment,2016,89 years 10 months,745000.0,2025
2025-10,YISHUN,5 ROOM,315A,YISHUN AVE 9,04 TO 06,112.0,Improved,2015,89 years 01 month,740000.0,2025
2025-06,HOUGANG,4 ROOM,997C,BUANGKOK CRES,07 TO 09,93.0,Model A,2018,92 years 05 months,660000.0,2025
2025-07,TOA PAYOH,4 ROOM,102A,BIDADARI PK DR,13 TO 15,93.0,Model A,2021,95 years,1140000.0,2025
2025-07,ANG MO KIO,3 ROOM,174,ANG MO KIO AVE 4,07 TO 09,60.0,Improved,1986,59 years 06 months,425000.0,2025
2025-05,JURONG WEST,5 ROOM,909,JURONG WEST ST 91,07 TO 09,122.0,Improved,1989,62 years 08 months,590888.0,2025
2026-03,BUKIT MERAH,4 ROOM,55,HAVELOCK RD,19 TO 21,95.0,Model A,2013,86 years 03 months,1090000.0,2026
2025-02,SEMBAWANG,4 ROOM,463C,SEMBAWANG DR,16 TO 18,92.0,Model A,2015,89 years 04 months,590000.0,2025
2025-11,CHOA CHU KANG,4 ROOM,658,CHOA CHU KANG CRES,10 TO 12,100.0,Premium Apartment,1999,72 years 05 months,538000.0,2025
2025-04,BUKIT MERAH,3 ROOM,110,BT PURMEI RD,10 TO 12,75.0,Model A,1984,58 years 06 months,520000.0,2025
2025-08,BUKIT BATOK,5 ROOM,463B,BT BATOK ST 41,04 TO 06,113.0,Improved,2021,95 years,800000.0,2025
2025-11,BUKIT BATOK,4 ROOM,536,BT BATOK ST 52,04 TO 06,103.0,Model A,1986,59 years 10 months,545000.0,2025
2025-09,PUNGGOL,3 ROOM,670C,EDGEFIELD PLAINS,07 TO 09,68.0,Premium Apartment,2016,89 years 10 months,548000.0,2025
2026-01,BUKIT PANJANG,4 ROOM,240,BT PANJANG RING RD,10 TO 12,84.0,Simplified,1988,61 years 04 months,466000.0,2026
2025-06,BEDOK,3 ROOM,1,BEDOK STH AVE 1,07 TO 09,59.0,Improved,1976,49 years 08 months,380088.0,2025
2025-01,BUKIT PANJANG,3 ROOM,459,SEGAR RD,10 TO 12,68.0,Premium Apartment,2015,89 years 08 months,495000.0,2025
2025-02,BUKIT BATOK,5 ROOM,622,BT BATOK CTRL,10 TO 12,113.0,Improved,2003,77 years 11 months,860000.0,2025
2026-01,KALLANG/WHAMPOA,3 ROOM,57,GEYLANG BAHRU,04 TO 06,65.0,Improved,1974,47 years 07 months,378000.0,2026
2025-11,TOA PAYOH,3 ROOM,2,UPP ALJUNIED LANE,10 TO 12,57.0,Standard,1968,41 years 08 months,319888.0,2025
2025-05,BEDOK,3 ROOM,525,BEDOK NTH ST 3,13 TO 15,67.0,New Generation,1979,53 years 03 months,435000.0,2025
2026-03,WOODLANDS,4 ROOM,604,WOODLANDS DR 42,04 TO 06,99.0,Model A2,1997,70 years 02 months,548000.0,2026
2026-05,ANG MO KIO,3 ROOM,611,ANG MO KIO AVE 5,04 TO 06,67.0,New Generation,1980,53 years 02 months,390000.0,2026
2025-03,CLEMENTI,3 ROOM,508,WEST COAST DR,01 TO 03,67.0,New Generation,1978,52 years 06 months,350000.0,2025
2025-09,QUEENSTOWN,3 ROOM,53,STRATHMORE AVE,37 TO 39,62.0,Premium Apartment,2020,94 years 03 months,880888.0,2025
2025-03,PUNGGOL,5 ROOM,213B,PUNGGOL WALK,13 TO 15,113.0,Improved,2015,89 years 02 months,825000.0,2025
2025-07,WOODLANDS,4 ROOM,728,WOODLANDS CIRCLE,07 TO 09,100.0,Model A2,1997,71 years 03 months,578000.0,2025
2026-03,QUEENSTOWN,4 ROOM,4,HOLLAND CL,10 TO 12,88.0,Improved,1974,47 years 03 months,650000.0,2026
2025-04,TAMPINES,3 ROOM,221,TAMPINES ST 24,10 TO 12,73.0,Model A,1984,58 years 08 months,492000.0,2025
2025-12,SENGKANG,3 ROOM,414B,FERNVALE LINK,01 TO 03,68.0,Model A,2016,89 years 03 months,490000.0,2025
2026-05,TOA PAYOH,3 ROOM,173,LOR 1 TOA PAYOH,01 TO 03,66.0,Improved,1972,45 years 02 months,338000.0,2026
2026-05,BUKIT PANJANG,4 ROOM,253,BANGKIT RD,04 TO 06,104.0,Model A,1988,61 years 07 months,598888.0,2026
2026-04,TAMPINES,4 ROOM,418,TAMPINES ST 41,01 TO 03,104.0,Model A,1985,58 years 02 months,615000.0,2026
2025-03,BUKIT BATOK,4 ROOM,439B,BT BATOK WEST AVE 8,13 TO 15,93.0,Model A,2020,94 years,720000.0,2025
2025-09,BUKIT MERAH,4 ROOM,110,BT PURMEI RD,04 TO 06,104.0,Model A,1984,58 years,698888.0,2025
2025-06,YISHUN,4 ROOM,858,YISHUN AVE 4,01 TO 03,104.0,Model A,1988,62 years 02 months,560000.0,2025
2026-03,BUKIT PANJANG,4 ROOM,225,PENDING RD,07 TO 09,84.0,Simplified,1987,60 years 03 months,474000.0,2026
2026-04,WOODLANDS,4 ROOM,8,MARSILING DR,04 TO 06,88.0,Improved,1976,48 years 10 months,407000.0,2026
2025-06,CENTRAL AREA,3 ROOM,3,TG PAGAR PLAZA,13 TO 15,59.0,Improved,1977,50 years 09 months,540000.0,2025
2025-09,WOODLANDS,4 ROOM,783B,WOODLANDS RISE,07 TO 09,93.0,Model A,2018,91 years 10 months,602888.0,2025
2026-01,BEDOK,3 ROOM,23,BEDOK STH AVE 1,10 TO 12,73.0,New Generation,1977,50 years 04 months,485000.0,2026
2026-01,SEMBAWANG,4 ROOM,365C,SEMBAWANG CRES,16 TO 18,93.0,Model A,2019,92 years 03 months,670888.0,2026
2025-03,SENGKANG,4 ROOM,405C,FERNVALE LANE,13 TO 15,93.0,Premium Apartment,2004,78 years,607000.0,2025
2025-09,TAMPINES,4 ROOM,614A,TAMPINES NTH DR 1,13 TO 15,93.0,Model A,2021,94 years 05 months,795000.0,2025
2025-07,HOUGANG,5 ROOM,616,HOUGANG AVE 8,01 TO 03,121.0,Improved,1986,60 years 02 months,745000.0,2025
2025-10,PUNGGOL,5 ROOM,173B,PUNGGOL FIELD,07 TO 09,110.0,Improved,2003,77 years 02 months,671000.0,2025
2026-03,BUKIT PANJANG,4 ROOM,509,JELAPANG RD,10 TO 12,90.0,Model A2,1998,71 years 02 months,520000.0,2026
2026-04,PUNGGOL,3 ROOM,327A,SUMANG WALK,10 TO 12,68.0,Model A,2018,91 years 08 months,562000.0,2026
2025-07,MARINE PARADE,5 ROOM,2,MARINE TER,04 TO 06,120.0,Standard,1975,48 years 06 months,850000.0,2025
2025-02,BUKIT BATOK,4 ROOM,411,BT BATOK WEST AVE 4,04 TO 06,103.0,Model A,1986,60 years 02 months,510000.0,2025
2025-01,TOA PAYOH,3 ROOM,194,KIM KEAT AVE,10 TO 12,75.0,Improved,1973,47 years 08 months,428000.0,2025
2025-03,BUKIT MERAH,5 ROOM,115,BT PURMEI RD,13 TO 15,157.0,Model A,1985,59 years 02 months,1125000.0,2025
2025-04,BUKIT BATOK,4 ROOM,293C,BT BATOK ST 21,22 TO 24,92.0,Model A,2019,92 years 10 months,770000.0,2025
2026-01,BEDOK,5 ROOM,414,BEDOK NTH AVE 2,04 TO 06,119.0,Improved,1978,51 years 11 months,685000.0,2026
2025-06,BUKIT MERAH,3 ROOM,119,BT MERAH VIEW,01 TO 03,65.0,Improved,1983,56 years 07 months,420000.0,2025
2025-03,JURONG WEST,5 ROOM,932,JURONG WEST ST 92,07 TO 09,122.0,Improved,1988,62 years 03 months,598000.0,2025
2025-07,TOA PAYOH,3 ROOM,235,LOR 8 TOA PAYOH,07 TO 09,65.0,Improved,1976,49 years 11 months,375000.0,2025
2025-09,GEYLANG,4 ROOM,344,UBI AVE 1,01 TO 03,84.0,Simplified,1985,59 years,545000.0,2025
2026-06,JURONG WEST,5 ROOM,607,JURONG WEST ST 65,01 TO 03,115.0,Premium Apartment,2001,73 years 11 months,612500.0,2026
2026-03,PASIR RIS,5 ROOM,721,PASIR RIS ST 72,01 TO 03,126.0,Improved,1996,69 years 05 months,668000.0,2026
2025-07,MARINE PARADE,5 ROOM,3,MARINE TER,04 TO 06,122.0,Standard,1975,48 years 06 months,850000.0,2025
2025-06,SEMBAWANG,4 ROOM,405,ADMIRALTY LINK,10 TO 12,86.0,Model A2,2001,74 years 07 months,528888.0,2025
2025-03,JURONG WEST,5 ROOM,276C,JURONG WEST ST 25,10 TO 12,111.0,Improved,2002,76 years 02 months,575000.0,2025
2025-06,ANG MO KIO,4 ROOM,596B,ANG MO KIO ST 52,04 TO 06,93.0,Model A,2002,76 years 06 months,750000.0,2025
2026-06,BUKIT MERAH,4 ROOM,114,BT PURMEI RD,10 TO 12,103.0,Model A,1985,57 years 10 months,690000.0,2026
2025-10,PUNGGOL,5 ROOM,101B,PUNGGOL FIELD,01 TO 03,109.0,Improved,2002,76 years,651000.0,2025
2025-04,PUNGGOL,4 ROOM,673A,EDGEFIELD PLAINS,16 TO 18,90.0,Model A,2015,89 years 09 months,668000.0,2025
2026-01,WOODLANDS,5 ROOM,736,WOODLANDS CIRCLE,10 TO 12,122.0,Improved,1998,71 years 01 month,675000.0,2026
2025-02,JURONG WEST,5 ROOM,620,JURONG WEST ST 65,01 TO 03,110.0,Improved,2000,74 years 11 months,598000.0,2025
2025-02,ANG MO KIO,4 ROOM,423,ANG MO KIO AVE 3,04 TO 06,108.0,Model A,1993,67 years 03 months,670000.0,2025
2025-05,YISHUN,5 ROOM,713,YISHUN ST 71,01 TO 03,122.0,Improved,1987,61 years 01 month,608000.0,2025
2025-06,BUKIT BATOK,3 ROOM,272,BT BATOK EAST AVE 4,01 TO 03,64.0,Simplified,1986,60 years 04 months,400000.0,2025
2026-06,BEDOK,3 ROOM,116,BEDOK NTH RD,13 TO 15,73.0,New Generation,1978,51 years 01 month,450000.0,2026
2025-01,SENGKANG,4 ROOM,322A,ANCHORVALE DR,04 TO 06,85.0,Model A2,2002,76 years 06 months,595000.0,2025
2026-05,CLEMENTI,3 ROOM,346,CLEMENTI AVE 5,10 TO 12,67.0,New Generation,1979,51 years 11 months,464500.0,2026
2025-06,TAMPINES,5 ROOM,876,TAMPINES ST 84,07 TO 09,122.0,Improved,1988,62 years 01 month,758000.0,2025
2026-06,GEYLANG,3 ROOM,24,BALAM RD,10 TO 12,60.0,Standard,1967,39 years 07 months,280000.0,2026
2025-04,SEMBAWANG,4 ROOM,362C,SEMBAWANG CRES,10 TO 12,93.0,Model A,2019,93 years 02 months,647800.0,2025
2026-05,PUNGGOL,4 ROOM,310A,PUNGGOL WALK,10 TO 12,92.0,Premium Apartment,2016,89 years 01 month,705000.0,2026
2025-09,CHOA CHU KANG,5 ROOM,14,TECK WHYE LANE,16 TO 18,119.0,Improved,1979,52 years 05 months,550000.0,2025
2025-06,YISHUN,3 ROOM,706,YISHUN AVE 5,01 TO 03,68.0,New Generation,1984,57 years 07 months,399000.0,2025
2025-06,TAMPINES,3 ROOM,469,TAMPINES ST 44,04 TO 06,74.0,Model A,1985,59 years 04 months,455000.0,2025
2025-07,SENGKANG,4 ROOM,338C,ANCHORVALE CRES,01 TO 03,93.0,Model A,2018,91 years 11 months,610000.0,2025
2025-02,YISHUN,4 ROOM,312,YISHUN RING RD,07 TO 09,84.0,Simplified,1987,61 years 04 months,488000.0,2025
2026-01,BUKIT MERAH,5 ROOM,140,JLN BT MERAH,01 TO 03,119.0,Improved,1979,52 years,690000.0,2026
2025-04,WOODLANDS,5 ROOM,582,WOODLANDS DR 16,07 TO 09,110.0,Improved,2001,75 years 01 month,641314.0,2025
2025-05,KALLANG/WHAMPOA,3 ROOM,12,UPP BOON KENG RD,01 TO 03,66.0,Improved,1980,54 years 06 months,455000.0,2025
2026-06,SENGKANG,5 ROOM,260A,SENGKANG EAST WAY,04 TO 06,110.0,Improved,2001,73 years 08 months,705000.0,2026
2025-08,BUKIT PANJANG,4 ROOM,461,SEGAR RD,10 TO 12,93.0,Premium Apartment,2015,89 years 01 month,640000.0,2025
2025-11,YISHUN,3 ROOM,468A,YISHUN ST 43,10 TO 12,67.0,Model A,2019,93 years 01 month,481000.0,2025
2025-11,BUKIT PANJANG,5 ROOM,468,SEGAR RD,04 TO 06,115.0,Premium Apartment,2002,75 years 08 months,615000.0,2025
2025-04,CHOA CHU KANG,5 ROOM,490D,CHOA CHU KANG AVE 5,07 TO 09,113.0,Improved,2016,90 years 03 months,690000.0,2025
2026-02,SERANGOON,5 ROOM,500,SERANGOON NTH AVE 4,01 TO 03,125.0,Improved,1992,65 years 10 months,745000.0,2026
2025-01,TAMPINES,5 ROOM,345,TAMPINES ST 33,04 TO 06,131.0,Model A,1996,70 years 06 months,733000.0,2025
2025-02,BEDOK,3 ROOM,39,BEDOK STH RD,07 TO 09,67.0,New Generation,1978,52 years 08 months,430000.0,2025
2025-09,HOUGANG,4 ROOM,996C,BUANGKOK CRES,10 TO 12,93.0,Model A,2019,93 years,668000.0,2025
2025-08,CLEMENTI,3 ROOM,331,CLEMENTI AVE 2,04 TO 06,67.0,New Generation,1978,52 years,450000.0,2025
2025-04,CLEMENTI,3 ROOM,703,WEST COAST RD,04 TO 06,67.0,New Generation,1980,54 years 06 months,373000.0,2025
2025-07,PUNGGOL,3 ROOM,261A,PUNGGOL WAY,04 TO 06,68.0,Model A,2016,89 years 11 months,535000.0,2025
2025-01,JURONG WEST,5 ROOM,138A,YUAN CHING RD,19 TO 21,108.0,DBSS,2014,88 years 10 months,900000.0,2025
2025-12,HOUGANG,4 ROOM,321,HOUGANG AVE 5,10 TO 12,93.0,New Generation,1983,56 years 03 months,538000.0,2025
2026-02,SENGKANG,4 ROOM,162B,RIVERVALE CRES,16 TO 18,93.0,Model A,2017,90 years 04 months,670888.0,2026
2026-06,BUKIT PANJANG,4 ROOM,550B,SEGAR RD,16 TO 18,92.0,Model A,2015,88 years 07 months,608000.0,2026
2025-08,CHOA CHU KANG,4 ROOM,609,CHOA CHU KANG ST 62,04 TO 06,107.0,Model A,1996,69 years 08 months,598888.0,2025
2025-08,SENGKANG,4 ROOM,333C,ANCHORVALE LINK,13 TO 15,92.0,Model A,2015,88 years 10 months,730000.0,2025
2026-05,BISHAN,4 ROOM,407,SIN MING AVE,04 TO 06,84.0,Simplified,1986,59 years 04 months,708000.0,2026
2026-06,SEMBAWANG,5 ROOM,492,ADMIRALTY LINK,01 TO 03,112.0,Improved,2004,76 years 11 months,540000.0,2026
2026-01,CHOA CHU KANG,4 ROOM,658,CHOA CHU KANG CRES,10 TO 12,104.0,Premium Apartment,1999,72 years 04 months,560000.0,2026
2025-12,BUKIT BATOK,4 ROOM,435C,BT BATOK WEST AVE 5,07 TO 09,93.0,Model A,2020,93 years 02 months,637888.0,2025
2025-07,KALLANG/WHAMPOA,4 ROOM,116B,JLN TENTERAM,04 TO 06,93.0,Model A,2017,91 years 04 months,798000.0,2025
2026-02,BISHAN,3 ROOM,22,SIN MING RD,01 TO 03,68.0,Improved,1973,46 years 09 months,366000.0,2026
2026-02,QUEENSTOWN,4 ROOM,53,C'WEALTH DR,01 TO 03,88.0,Model A,2015,88 years 01 month,950000.0,2026
2026-04,WOODLANDS,4 ROOM,897B,WOODLANDS DR 50,07 TO 09,100.0,Model A,1997,70 years 03 months,532000.0,2026
2025-08,JURONG EAST,4 ROOM,264,JURONG EAST ST 24,10 TO 12,95.0,New Generation,1983,56 years 09 months,498000.0,2025
2026-05,QUEENSTOWN,4 ROOM,3A,HOLLAND CL,07 TO 09,106.0,Model A,1998,71 years 07 months,983000.0,2026
2025-02,BUKIT BATOK,4 ROOM,450C,BT BATOK WEST AVE 6,16 TO 18,93.0,Model A,2019,93 years 02 months,699000.0,2025
2025-11,PUNGGOL,5 ROOM,617B,PUNGGOL DR,04 TO 06,118.0,Premium Apartment,2013,86 years 11 months,855000.0,2025
2025-07,WOODLANDS,4 ROOM,667,WOODLANDS RING RD,10 TO 12,90.0,Model A,2001,74 years 06 months,560000.0,2025
2026-06,BUKIT MERAH,4 ROOM,55,TELOK BLANGAH DR,07 TO 09,98.0,New Generation,1978,50 years 08 months,610000.0,2026
2026-01,JURONG WEST,4 ROOM,673A,JURONG WEST ST 65,07 TO 09,86.0,Model A2,2002,75 years 10 months,513000.0,2026
2025-07,SEMBAWANG,4 ROOM,470,SEMBAWANG DR,07 TO 09,91.0,Model A,2000,74 years 02 months,548000.0,2025
2026-02,ANG MO KIO,3 ROOM,174,ANG MO KIO AVE 4,04 TO 06,69.0,Improved,1986,59 years,470000.0,2026
2025-09,SENGKANG,4 ROOM,156,RIVERVALE CRES,16 TO 18,90.0,Model A,2005,79 years 04 months,595000.0,2025
2026-03,CLEMENTI,3 ROOM,607,CLEMENTI WEST ST 1,10 TO 12,82.0,New Generation,1979,52 years 09 months,460000.0,2026
2026-02,YISHUN,4 ROOM,342A,YISHUN RING RD,01 TO 03,96.0,Premium Apartment,2016,89 years,670000.0,2026
2025-06,HOUGANG,5 ROOM,956,HOUGANG ST 91,01 TO 03,116.0,Improved,1999,73 years,700000.0,2025
2025-02,TAMPINES,4 ROOM,914,TAMPINES ST 91,07 TO 09,104.0,Model A,1984,58 years 08 months,680000.0,2025
2025-03,BEDOK,3 ROOM,609,BEDOK RESERVOIR RD,04 TO 06,67.0,New Generation,1982,56 years 05 months,401888.0,2025
2025-05,ANG MO KIO,3 ROOM,649,ANG MO KIO AVE 5,04 TO 06,89.0,New Generation,1980,54 years 07 months,510000.0,2025
2025-10,TOA PAYOH,4 ROOM,118,POTONG PASIR AVE 1,01 TO 03,97.0,New Generation,1984,58 years 01 month,608888.0,2025
2026-04,HOUGANG,3 ROOM,311,HOUGANG AVE 5,07 TO 09,68.0,New Generation,1983,56 years 01 month,426000.0,2026
2025-08,WOODLANDS,5 ROOM,717,WOODLANDS DR 70,10 TO 12,120.0,Improved,1997,70 years 11 months,705888.0,2025
2026-01,SEMBAWANG,5 ROOM,120B,CANBERRA CRES,04 TO 06,113.0,Improved,2018,91 years 02 months,778000.0,2026
2026-01,BUKIT PANJANG,3 ROOM,443A,FAJAR RD,07 TO 09,68.0,Model A,2016,89 years 11 months,520000.0,2026
2025-05,SENGKANG,5 ROOM,203A,COMPASSVALE RD,01 TO 03,110.0,Improved,2000,74 years 08 months,650000.0,2025
2025-07,SENGKANG,4 ROOM,124A,RIVERVALE DR,10 TO 12,101.0,Model A,1999,73 years 01 month,600888.0,2025
2025-06,SENGKANG,5 ROOM,162C,RIVERVALE CRES,04 TO 06,113.0,Improved,2017,90 years 11 months,725000.0,2025
2025-11,BUKIT MERAH,3 ROOM,128,BT MERAH VIEW,04 TO 06,65.0,Improved,1973,46 years 09 months,418000.0,2025
2026-01,WOODLANDS,4 ROOM,427,WOODLANDS ST 41,07 TO 09,100.0,Model A,1997,70 years 02 months,510000.0,2026
2025-06,YISHUN,4 ROOM,511A,YISHUN ST 51,07 TO 09,93.0,Model A,2017,91 years 03 months,620000.0,2025
2025-07,PUNGGOL,5 ROOM,203A,PUNGGOL FIELD,04 TO 06,110.0,Improved,2004,78 years 03 months,660000.0,2025
2025-12,HOUGANG,3 ROOM,476A,UPP SERANGOON VIEW,16 TO 18,67.0,Premium Apartment,2016,89 years 04 months,610888.0,2025
2026-03,BISHAN,5 ROOM,239,BISHAN ST 22,04 TO 06,133.0,Model A,1992,65 years 05 months,1090000.0,2026
2026-03,CHOA CHU KANG,5 ROOM,807B,CHOA CHU KANG AVE 1,13 TO 15,112.0,Improved,2017,90 years 02 months,700800.0,2026
2025-04,WOODLANDS,5 ROOM,515,WOODLANDS DR 14,10 TO 12,125.0,Premium Apartment,1999,73 years,775000.0,2025
2025-01,TAMPINES,3 ROOM,609D,TAMPINES NTH DR 1,04 TO 06,68.0,Model A,2020,94 years 11 months,568888.0,2025
2026-03,JURONG WEST,4 ROOM,979,JURONG WEST ST 93,10 TO 12,113.0,Model A,1989,62 years 07 months,540000.0,2026
2025-07,BUKIT PANJANG,4 ROOM,465,SEGAR RD,04 TO 06,90.0,Premium Apartment,2002,76 years 01 month,520000.0,2025
2025-07,PASIR RIS,4 ROOM,530B,PASIR RIS DR 1,04 TO 06,86.0,DBSS,2015,88 years 11 months,795888.0,2025
2025-11,WOODLANDS,5 ROOM,731,WOODLANDS CIRCLE,10 TO 12,122.0,Improved,1997,70 years 10 months,670000.0,2025
2025-05,ANG MO KIO,5 ROOM,588B,ANG MO KIO ST 52,19 TO 21,120.0,DBSS,2011,85 years 03 months,1500000.0,2025
2025-02,JURONG WEST,3 ROOM,484,JURONG WEST AVE 1,07 TO 09,67.0,New Generation,1985,59 years 06 months,395000.0,2025
2025-06,TAMPINES,4 ROOM,609A,TAMPINES NTH DR 1,10 TO 12,93.0,Model A,2020,94 years 04 months,785000.0,2025
2025-01,QUEENSTOWN,4 ROOM,3A,HOLLAND CL,10 TO 12,105.0,Model A,1998,72 years 11 months,1040000.0,2025
2025-07,YISHUN,5 ROOM,665,YISHUN AVE 4,04 TO 06,132.0,Model A,1992,65 years 11 months,735000.0,2025
2026-01,BEDOK,3 ROOM,108,BEDOK RESERVOIR RD,04 TO 06,67.0,New Generation,1985,58 years 08 months,425000.0,2026
2025-12,CLEMENTI,4 ROOM,420,CLEMENTI AVE 1,28 TO 30,100.0,Model A,2013,86 years 10 months,980000.0,2025
2026-06,BUKIT MERAH,5 ROOM,95,HAVELOCK RD,04 TO 06,118.0,Improved,1983,56 years 03 months,982000.0,2026
2026-06,BUKIT MERAH,3 ROOM,90A,TELOK BLANGAH ST 31,16 TO 18,68.0,Model A,2018,91 years 06 months,728000.0,2026
2026-05,TAMPINES,5 ROOM,316,TAMPINES ST 33,01 TO 03,128.0,Improved,1995,68 years 04 months,695000.0,2026
2026-05,JURONG WEST,3 ROOM,208,BOON LAY PL,04 TO 06,65.0,Improved,1976,49 years 07 months,308000.0,2026
2026-04,BISHAN,4 ROOM,130,BISHAN ST 12,04 TO 06,105.0,Model A,1986,58 years 11 months,850000.0,2026
2025-06,JURONG WEST,4 ROOM,680C,JURONG WEST CTRL 1,10 TO 12,94.0,Premium Apartment,2000,74 years 03 months,550000.0,2025
2025-05,TOA PAYOH,3 ROOM,235,LOR 8 TOA PAYOH,10 TO 12,65.0,Improved,1976,50 years 01 month,380000.0,2025
2026-03,JURONG WEST,4 ROOM,561A,JURONG WEST ST 42,13 TO 15,93.0,Model A,2018,91 years,630000.0,2026
2025-07,PUNGGOL,5 ROOM,617B,PUNGGOL DR,10 TO 12,118.0,Premium Apartment,2013,87 years 02 months,965888.0,2025
2026-06,JURONG WEST,5 ROOM,989A,JURONG WEST ST 93,07 TO 09,112.0,Premium Apartment,2008,81 years 03 months,610000.0,2026
2026-03,ANG MO KIO,4 ROOM,177,ANG MO KIO AVE 4,07 TO 09,91.0,New Generation,1981,54 years 02 months,558000.0,2026
2026-02,CHOA CHU KANG,4 ROOM,286,CHOA CHU KANG AVE 3,13 TO 15,103.0,Model A,1993,66 years 04 months,600000.0,2026
2025-08,PUNGGOL,4 ROOM,406C,NORTHSHORE DR,16 TO 18,94.0,Model A,2021,94 years 09 months,760000.0,2025
2025-04,TAMPINES,4 ROOM,902,TAMPINES AVE 4,04 TO 06,104.0,Model A,1984,58 years 04 months,645000.0,2025
2025-04,JURONG WEST,5 ROOM,989A,JURONG WEST ST 93,07 TO 09,112.0,Premium Apartment,2008,82 years 04 months,631888.0,2025
2026-05,TAMPINES,5 ROOM,842H,TAMPINES ST 82,04 TO 06,128.0,Improved,1995,68 years 03 months,868000.0,2026
2025-02,JURONG WEST,4 ROOM,738,JURONG WEST ST 75,04 TO 06,105.0,Model A,1995,69 years 07 months,571888.0,2025
2025-07,SERANGOON,4 ROOM,307,SERANGOON AVE 2,10 TO 12,95.0,New Generation,1985,59 years 03 months,685000.0,2025
2025-03,SENGKANG,4 ROOM,269D,COMPASSVALE LINK,04 TO 06,91.0,Premium Apartment,2006,80 years,668000.0,2025
2025-01,BUKIT PANJANG,4 ROOM,225,PENDING RD,01 TO 03,84.0,Simplified,1987,61 years 06 months,472000.0,2025
2025-12,JURONG WEST,4 ROOM,554,JURONG WEST ST 42,07 TO 09,104.0,Model A,1984,57 years 11 months,556888.0,2025
2025-04,WOODLANDS,3 ROOM,693B,WOODLANDS AVE 6,01 TO 03,68.0,Model A,2018,92 years 06 months,472000.0,2025
2026-01,CHOA CHU KANG,3 ROOM,807A,CHOA CHU KANG AVE 1,10 TO 12,67.0,Model A,2017,90 years 04 months,503000.0,2026
2026-01,YISHUN,4 ROOM,431A,YISHUN AVE 1,13 TO 15,92.0,Model A,2015,88 years 09 months,570000.0,2026
2025-12,YISHUN,5 ROOM,511B,YISHUN ST 51,04 TO 06,113.0,Improved,2017,90 years 09 months,730000.0,2025
2025-07,QUEENSTOWN,4 ROOM,52,STRATHMORE AVE,31 TO 33,90.0,Model A,2006,80 years 06 months,1050000.0,2025
2025-08,BUKIT MERAH,4 ROOM,93A,TELOK BLANGAH ST 31,19 TO 21,93.0,Model A,2018,92 years 05 months,1018000.0,2025
2026-01,SENGKANG,4 ROOM,295A,COMPASSVALE CRES,01 TO 03,90.0,Model A,2002,75 years 01 month,520000.0,2026
2025-05,BUKIT PANJANG,5 ROOM,604,SENJA RD,25 TO 27,121.0,Improved,1999,73 years 01 month,905000.0,2025
2025-04,ANG MO KIO,4 ROOM,438,ANG MO KIO AVE 10,07 TO 09,92.0,New Generation,1979,52 years 10 months,540000.0,2025
2025-12,WOODLANDS,4 ROOM,889B,WOODLANDS DR 50,01 TO 03,93.0,Model A,2017,90 years 08 months,603888.0,2025
2025-06,JURONG EAST,4 ROOM,274,TOH GUAN RD,04 TO 06,101.0,Model A,1999,72 years 07 months,568000.0,2025
2026-01,JURONG WEST,5 ROOM,165B,YUNG KUANG RD,01 TO 03,113.0,Improved,2018,91 years 10 months,670000.0,2026
2026-02,SEMBAWANG,5 ROOM,501C,WELLINGTON CIRCLE,04 TO 06,110.0,Improved,2001,74 years 07 months,630000.0,2026
2025-01,SENGKANG,5 ROOM,192A,RIVERVALE DR,07 TO 09,115.0,Improved,2000,74 years 09 months,680000.0,2025
2025-08,BEDOK,4 ROOM,54,CHAI CHEE ST,04 TO 06,94.0,New Generation,1981,54 years 09 months,515000.0,2025
2025-11,JURONG WEST,4 ROOM,668D,JURONG WEST ST 64,01 TO 03,85.0,Model A2,2000,73 years 09 months,520000.0,2025
2026-06,KALLANG/WHAMPOA,3 ROOM,64,KALLANG BAHRU,01 TO 03,65.0,Improved,1974,46 years 07 months,400000.0,2026
2025-05,JURONG EAST,3 ROOM,208,JURONG EAST ST 21,04 TO 06,67.0,New Generation,1982,56 years 07 months,421000.0,2025
2025-08,PUNGGOL,4 ROOM,678B,PUNGGOL DR,04 TO 06,93.0,Premium Apartment,2016,90 years 01 month,721888.0,2025
2025-05,BUKIT BATOK,3 ROOM,148,BT BATOK WEST AVE 6,01 TO 03,68.0,New Generation,1984,58 years 02 months,420000.0,2025
2025-05,KALLANG/WHAMPOA,4 ROOM,113B,MCNAIR RD,07 TO 09,93.0,Premium Apartment,2017,91 years 07 months,1020000.0,2025
2026-05,CENTRAL AREA,3 ROOM,635,VEERASAMY RD,04 TO 06,72.0,Model A,1985,58 years 03 months,575000.0,2026
2026-01,SEMBAWANG,5 ROOM,327,SEMBAWANG CRES,13 TO 15,123.0,Improved,1999,72 years 05 months,680000.0,2026
2026-06,ANG MO KIO,4 ROOM,547,ANG MO KIO AVE 10,07 TO 09,92.0,New Generation,1981,53 years 08 months,530000.0,2026
2026-01,BEDOK,3 ROOM,30,NEW UPP CHANGI RD,10 TO 12,65.0,Improved,1977,50 years 04 months,395000.0,2026
2025-05,SEMBAWANG,4 ROOM,469B,ADMIRALTY DR,07 TO 09,102.0,Premium Apartment,2001,75 years 03 months,555000.0,2025
2026-03,CHOA CHU KANG,4 ROOM,802B,KEAT HONG CL,10 TO 12,92.0,Model A,2018,91 years,600000.0,2026
2025-01,ANG MO KIO,3 ROOM,322,ANG MO KIO AVE 3,04 TO 06,88.0,New Generation,1977,51 years 06 months,535000.0,2025
2025-09,YISHUN,5 ROOM,318C,YISHUN AVE 9,10 TO 12,112.0,Improved,2015,89 years 02 months,768000.0,2025
2025-03,WOODLANDS,4 ROOM,424,WOODLANDS ST 41,04 TO 06,100.0,Model A,1997,71 years 03 months,550000.0,2025
2026-05,GEYLANG,3 ROOM,45,CIRCUIT RD,07 TO 09,52.0,Standard,1971,43 years 08 months,303000.0,2026
2025-03,SENGKANG,4 ROOM,320B,ANCHORVALE DR,01 TO 03,90.0,Model A,2002,76 years 07 months,558000.0,2025
2026-06,TAMPINES,4 ROOM,853,TAMPINES ST 83,10 TO 12,105.0,Model A,1987,60 years 07 months,608000.0,2026
2025-05,CLEMENTI,3 ROOM,730,CLEMENTI WEST ST 2,04 TO 06,68.0,New Generation,1980,54 years 04 months,375000.0,2025
2025-05,SENGKANG,4 ROOM,275C,COMPASSVALE LINK,07 TO 09,90.0,Premium Apartment,2009,83 years 02 months,822200.0,2025
2025-06,QUEENSTOWN,4 ROOM,89,TANGLIN HALT RD,28 TO 30,90.0,Model A,2008,82 years 03 months,1015000.0,2025
2025-01,GEYLANG,5 ROOM,134,GEYLANG EAST AVE 1,01 TO 03,123.0,Improved,1986,60 years 11 months,850000.0,2025
2025-08,SEMBAWANG,4 ROOM,331,SEMBAWANG CL,07 TO 09,100.0,Model A,1999,72 years 11 months,545000.0,2025
2025-07,ANG MO KIO,4 ROOM,467,ANG MO KIO AVE 10,10 TO 12,92.0,New Generation,1979,53 years 05 months,555000.0,2025
2025-12,PASIR RIS,5 ROOM,525A,PASIR RIS ST 51,10 TO 12,113.0,Improved,2015,88 years 08 months,965000.0,2025
2025-04,JURONG EAST,4 ROOM,22,TEBAN GDNS RD,34 TO 36,92.0,Model A,2013,87 years 06 months,660000.0,2025
2025-10,MARINE PARADE,5 ROOM,79,MARINE DR,01 TO 03,117.0,Standard,1977,50 years 03 months,780000.0,2025
2025-11,ANG MO KIO,3 ROOM,208,ANG MO KIO AVE 1,04 TO 06,73.0,New Generation,1976,49 years 08 months,430888.0,2025
2026-06,PUNGGOL,4 ROOM,266A,PUNGGOL WAY,04 TO 06,92.0,Model A,2015,88 years 01 month,655000.0,2026
2025-05,SENGKANG,5 ROOM,468C,FERNVALE LINK,10 TO 12,113.0,Improved,2016,90 years 04 months,738000.0,2025
2026-03,QUEENSTOWN,4 ROOM,88,DAWSON RD,07 TO 09,83.0,Premium Apartment,2016,89 years 06 months,1016888.0,2026
2025-01,CHOA CHU KANG,4 ROOM,770,CHOA CHU KANG ST 54,16 TO 18,104.0,Model A,1996,70 years 10 months,550000.0,2025
2025-08,SENGKANG,4 ROOM,275D,COMPASSVALE LINK,01 TO 03,90.0,Premium Apartment,2009,82 years 11 months,800000.0,2025
2025-09,PUNGGOL,4 ROOM,673A,EDGEFIELD PLAINS,04 TO 06,90.0,Model A,2015,89 years 03 months,610000.0,2025
2026-04,WOODLANDS,3 ROOM,12,MARSILING LANE,10 TO 12,65.0,Improved,1976,49 years,340000.0,2026
2026-01,TOA PAYOH,4 ROOM,204,TOA PAYOH NTH,13 TO 15,87.0,Improved,1973,46 years 07 months,535000.0,2026
2025-10,TAMPINES,3 ROOM,897A,TAMPINES ST 81,10 TO 12,74.0,Model A,1988,61 years 10 months,500000.0,2025
2025-05,YISHUN,5 ROOM,235,YISHUN ST 21,10 TO 12,135.0,Model A,1985,59 years 02 months,730000.0,2025
2025-02,TOA PAYOH,4 ROOM,79E,TOA PAYOH CTRL,37 TO 39,90.0,Model A,2009,83 years 04 months,990000.0,2025
2026-01,QUEENSTOWN,3 ROOM,2,GHIM MOH RD,01 TO 03,65.0,Improved,1976,49 years 06 months,383000.0,2026
2025-11,TAMPINES,4 ROOM,123,SIMEI ST 1,04 TO 06,104.0,Model A,1988,62 years 01 month,678000.0,2025
2025-07,BEDOK,3 ROOM,220A,BEDOK CTRL,04 TO 06,62.0,Model A,2010,83 years 11 months,608000.0,2025
2026-05,BUKIT MERAH,4 ROOM,88,REDHILL CL,07 TO 09,113.0,Model A,1995,67 years 08 months,985000.0,2026
2025-09,KALLANG/WHAMPOA,4 ROOM,8A,UPP BOON KENG RD,01 TO 03,95.0,Premium Apartment,2017,90 years 10 months,938000.0,2025
2025-01,HOUGANG,5 ROOM,473D,UPP SERANGOON CRES,10 TO 12,113.0,Improved,2017,91 years 06 months,850000.0,2025
2025-07,BUKIT MERAH,3 ROOM,47,TELOK BLANGAH DR,01 TO 03,65.0,Improved,1976,49 years 06 months,400888.0,2025
2025-07,KALLANG/WHAMPOA,3 ROOM,34,JLN BAHAGIA,04 TO 06,56.0,Standard,1970,43 years 11 months,320000.0,2025
2025-07,PUNGGOL,5 ROOM,664B,PUNGGOL DR,01 TO 03,110.0,Improved,2016,90 years,760000.0,2025
2026-02,SENGKANG,4 ROOM,326B,ANCHORVALE RD,04 TO 06,92.0,Premium Apartment,2015,88 years 03 months,660000.0,2026
2025-07,WOODLANDS,3 ROOM,166,WOODLANDS ST 13,04 TO 06,67.0,New Generation,1986,60 years 03 months,445000.0,2025
2026-04,SENGKANG,4 ROOM,281B,SENGKANG EAST AVE,01 TO 03,92.0,Premium Apartment,2015,88 years 05 months,770000.0,2026
2025-06,BEDOK,4 ROOM,523,BEDOK NTH ST 3,01 TO 03,92.0,New Generation,1979,53 years 02 months,515000.0,2025
2025-04,WOODLANDS,3 ROOM,571C,WOODLANDS AVE 1,04 TO 06,67.0,Model A,2013,87 years 07 months,500888.0,2025
2025-04,BUKIT PANJANG,5 ROOM,631,SENJA RD,25 TO 27,110.0,Premium Apartment,2004,78 years 07 months,735000.0,2025
2026-01,HOUGANG,4 ROOM,457,HOUGANG AVE 10,10 TO 12,104.0,Model A,1992,65 years 09 months,768000.0,2026
2025-05,PUNGGOL,5 ROOM,207D,PUNGGOL PL,13 TO 15,112.0,Improved,2014,88 years 01 month,845888.0,2025
2025-09,WOODLANDS,3 ROOM,694C,WOODLANDS DR 62,10 TO 12,68.0,Model A,2018,92 years,528000.0,2025
2025-10,JURONG WEST,4 ROOM,678D,JURONG WEST ST 64,04 TO 06,92.0,Premium Apartment,2008,81 years 09 months,535000.0,2025
2025-03,WOODLANDS,5 ROOM,624A,WOODLANDS DR 52,01 TO 03,122.0,Improved,1998,72 years 07 months,625888.0,2025
2025-07,BUKIT PANJANG,4 ROOM,635A,SENJA RD,25 TO 27,92.0,Model A,2015,89 years 03 months,676000.0,2025
2025-08,KALLANG/WHAMPOA,4 ROOM,38D,BENDEMEER RD,07 TO 09,92.0,Model A,2012,85 years 10 months,910000.0,2025
2025-12,WOODLANDS,4 ROOM,172,WOODLANDS ST 13,07 TO 09,91.0,New Generation,1985,58 years 11 months,490000.0,2025
2025-03,SENGKANG,4 ROOM,225A,COMPASSVALE WALK,07 TO 09,102.0,Model A,1999,73 years 07 months,630000.0,2025
2025-01,BUKIT MERAH,5 ROOM,115,BT PURMEI RD,04 TO 06,157.0,Model A,1985,59 years 04 months,1100000.0,2025
2026-03,CHOA CHU KANG,5 ROOM,487C,CHOA CHU KANG AVE 5,01 TO 03,113.0,Improved,2016,89 years 04 months,670000.0,2026
2026-02,JURONG WEST,3 ROOM,185,BOON LAY AVE,01 TO 03,59.0,Improved,1975,48 years 09 months,310000.0,2026
2025-07,SEMBAWANG,4 ROOM,469,ADMIRALTY DR,04 TO 06,102.0,Premium Apartment,2001,75 years 01 month,580000.0,2025
2025-11,WOODLANDS,5 ROOM,653,WOODLANDS RING RD,10 TO 12,122.0,Improved,1998,71 years 05 months,705000.0,2025
2026-06,SENGKANG,4 ROOM,434A,FERNVALE RD,16 TO 18,94.0,Premium Apartment,2013,86 years 01 month,660000.0,2026
2025-07,GEYLANG,4 ROOM,18C,CIRCUIT RD,16 TO 18,93.0,Model A,2016,90 years 04 months,1010000.0,2025
2025-01,KALLANG/WHAMPOA,4 ROOM,26B,ST. GEORGE'S LANE,22 TO 24,92.0,Model A,2020,94 years 05 months,1130000.0,2025
2026-01,PUNGGOL,4 ROOM,302C,PUNGGOL PL,13 TO 15,94.0,Premium Apartment,2011,84 years 03 months,776000.0,2026
2025-03,TAMPINES,3 ROOM,139,TAMPINES ST 11,04 TO 06,75.0,Model A,1984,58 years 02 months,450000.0,2025
2026-04,CHOA CHU KANG,4 ROOM,818A,CHOA CHU KANG AVE 1,19 TO 21,92.0,Model A,2017,90 years 06 months,675000.0,2026
2025-01,BUKIT BATOK,4 ROOM,274,BT BATOK EAST AVE 4,01 TO 03,88.0,Simplified,1988,62 years 06 months,458888.0,2025
2026-03,PASIR RIS,5 ROOM,769,PASIR RIS ST 71,07 TO 09,128.0,Improved,1996,69 years 05 months,760000.0,2026
2025-06,SEMBAWANG,4 ROOM,120C,CANBERRA CRES,01 TO 03,93.0,Model A,2018,91 years 09 months,580000.0,2025
2025-01,YISHUN,4 ROOM,334C,YISHUN ST 31,10 TO 12,92.0,Model A,2015,89 years 11 months,590000.0,2025
2026-03,YISHUN,4 ROOM,479C,YISHUN ST 42,13 TO 15,93.0,Model A,2021,94 years 02 months,620000.0,2026
2025-06,BUKIT BATOK,3 ROOM,180,BT BATOK WEST AVE 8,01 TO 03,67.0,New Generation,1984,58 years 05 months,391888.0,2025
2025-07,PUNGGOL,4 ROOM,271C,PUNGGOL WALK,01 TO 03,93.0,Premium Apartment,2014,87 years 10 months,730000.0,2025
2025-07,HOUGANG,5 ROOM,610,HOUGANG AVE 8,04 TO 06,122.0,Improved,1986,60 years 01 month,702000.0,2025
2025-12,ANG MO KIO,3 ROOM,650,ANG MO KIO ST 61,19 TO 21,67.0,Model A,2015,89 years 01 month,721000.0,2025
2025-11,JURONG WEST,5 ROOM,734,JURONG WEST ST 73,04 TO 06,135.0,Model A,1995,68 years 08 months,650000.0,2025
2026-04,PASIR RIS,4 ROOM,525A,PASIR RIS ST 51,01 TO 03,93.0,Model A,2015,88 years 03 months,705000.0,2026
2025-02,BUKIT MERAH,4 ROOM,9A,BOON TIONG RD,25 TO 27,92.0,Model A,2016,90 years,1338000.0,2025
2025-04,JURONG WEST,5 ROOM,673C,JURONG WEST ST 65,13 TO 15,110.0,Improved,2002,76 years 10 months,612000.0,2025
2026-05,TAMPINES,4 ROOM,618B,TAMPINES ST 61,13 TO 15,93.0,Model A,2021,94 years 06 months,835000.0,2026
2025-08,BUKIT BATOK,4 ROOM,450C,BT BATOK WEST AVE 6,16 TO 18,93.0,Model A,2019,92 years 08 months,720888.0,2025
2025-07,PUNGGOL,4 ROOM,260A,PUNGGOL WAY,13 TO 15,93.0,Model A,2016,89 years 11 months,728000.0,2025
2025-02,SEMBAWANG,3 ROOM,131A,CANBERRA CRES,04 TO 06,68.0,Model A,2020,94 years 09 months,570000.0,2025
2026-01,TAMPINES,4 ROOM,491C,TAMPINES ST 45,01 TO 03,104.0,Model A,1993,66 years 07 months,625000.0,2026
2025-07,PASIR RIS,3 ROOM,530A,PASIR RIS DR 1,04 TO 06,65.0,DBSS,2015,88 years 11 months,620000.0,2025
2025-05,HOUGANG,4 ROOM,994B,BUANGKOK LINK,10 TO 12,93.0,Model A,2021,94 years 09 months,670000.0,2025
2026-03,WOODLANDS,5 ROOM,515,WOODLANDS DR 14,07 TO 09,125.0,Premium Apartment,1999,72 years 01 month,750000.0,2026
2025-03,SENGKANG,4 ROOM,157D,RIVERVALE CRES,13 TO 15,94.0,Premium Apartment,2003,77 years 08 months,583000.0,2025
2025-06,SENGKANG,5 ROOM,239,COMPASSVALE WALK,01 TO 03,116.0,Improved,1999,73 years 03 months,660000.0,2025
2025-02,GEYLANG,3 ROOM,22,HAIG RD,01 TO 03,74.0,New Generation,1981,55 years 10 months,480000.0,2025
2025-12,PASIR RIS,5 ROOM,273,PASIR RIS ST 21,07 TO 09,127.0,Improved,1994,67 years 05 months,710000.0,2025
2026-02,JURONG WEST,5 ROOM,275A,JURONG WEST ST 25,04 TO 06,111.0,Improved,2002,74 years 11 months,550000.0,2026
2025-03,TAMPINES,4 ROOM,149,SIMEI ST 1,04 TO 06,84.0,Simplified,1988,62 years 01 month,590000.0,2025
2026-05,ANG MO KIO,3 ROOM,117,ANG MO KIO AVE 4,01 TO 03,74.0,New Generation,1978,51 years 01 month,390000.0,2026
2025-10,JURONG WEST,4 ROOM,263,BOON LAY DR,01 TO 03,109.0,Model A,1995,68 years 09 months,555000.0,2025
2025-07,WOODLANDS,4 ROOM,886A,WOODLANDS DR 50,13 TO 15,92.0,Premium Apartment,2015,88 years 08 months,695000.0,2025
2025-09,TOA PAYOH,4 ROOM,118A,ALKAFF CRES,01 TO 03,93.0,Model A,2020,94 years 04 months,1008000.0,2025
2026-02,KALLANG/WHAMPOA,4 ROOM,108C,MCNAIR RD,13 TO 15,95.0,Model A,2005,77 years 11 months,970000.0,2026
2025-08,YISHUN,4 ROOM,703,YISHUN AVE 5,10 TO 12,93.0,New Generation,1984,57 years 06 months,550000.0,2025
2026-01,PASIR RIS,5 ROOM,112,PASIR RIS ST 11,07 TO 09,123.0,Improved,1990,63 years 04 months,735000.0,2026
2026-05,BUKIT PANJANG,4 ROOM,417,FAJAR RD,01 TO 03,111.0,Model A,1989,61 years 10 months,532000.0,2026
2025-11,TOA PAYOH,4 ROOM,79A,TOA PAYOH CTRL,28 TO 30,76.0,Model A,2009,82 years 06 months,910000.0,2025
2025-02,CLEMENTI,4 ROOM,410,C'WEALTH AVE WEST,04 TO 06,97.0,New Generation,1978,52 years 02 months,600888.0,2025
2026-03,YISHUN,4 ROOM,752,YISHUN ST 72,10 TO 12,91.0,New Generation,1984,57 years 02 months,550000.0,2026
2026-02,TAMPINES,4 ROOM,496B,TAMPINES ST 43,07 TO 09,106.0,Model A,1993,66 years 06 months,640000.0,2026
2025-01,WOODLANDS,4 ROOM,786E,WOODLANDS DR 60,04 TO 06,91.0,Model A2,1997,71 years 08 months,526000.0,2025
2025-06,JURONG WEST,3 ROOM,915,JURONG WEST ST 91,01 TO 03,73.0,Model A,1988,62 years 02 months,395000.0,2025
2026-06,CHOA CHU KANG,4 ROOM,613,CHOA CHU KANG ST 62,01 TO 03,108.0,Model A,1996,69 years 01 month,540000.0,2026
2025-05,SENGKANG,5 ROOM,241,COMPASSVALE WALK,10 TO 12,122.0,Improved,1999,73 years 06 months,715000.0,2025
2025-09,SEMBAWANG,4 ROOM,314,SEMBAWANG DR,01 TO 03,90.0,Model A2,1999,72 years 05 months,535000.0,2025
2025-02,BUKIT MERAH,3 ROOM,119,BT MERAH VIEW,07 TO 09,65.0,Improved,1983,57 years 01 month,420000.0,2025
2025-04,ANG MO KIO,3 ROOM,444,ANG MO KIO AVE 10,01 TO 03,67.0,New Generation,1979,53 years 05 months,390000.0,2025
2026-04,HOUGANG,4 ROOM,698,HOUGANG ST 61,01 TO 03,85.0,Simplified,1986,59 years 06 months,490000.0,2026
2026-01,BUKIT PANJANG,3 ROOM,636A,SENJA RD,04 TO 06,67.0,Model A,2015,88 years 11 months,500000.0,2026
2025-11,KALLANG/WHAMPOA,3 ROOM,28,JLN BAHAGIA,07 TO 09,56.0,Standard,1971,44 years 03 months,320000.0,2025
2026-06,JURONG WEST,4 ROOM,140C,CORPORATION DR,10 TO 12,93.0,Model A,2019,92 years 01 month,668000.0,2026
2025-09,QUEENSTOWN,3 ROOM,19,GHIM MOH RD,04 TO 06,65.0,Improved,1977,50 years 08 months,432000.0,2025
2025-06,CENTRAL AREA,4 ROOM,668,CHANDER RD,10 TO 12,103.0,Model A,1984,58 years 05 months,690000.0,2025
2026-03,PUNGGOL,4 ROOM,303B,PUNGGOL CTRL,10 TO 12,93.0,Premium Apartment,2010,83 years 04 months,725000.0,2026
2025-11,BUKIT MERAH,3 ROOM,22,HAVELOCK RD,13 TO 15,73.0,Standard,1969,42 years 09 months,448000.0,2025
2025-02,BUKIT BATOK,4 ROOM,453A,BT BATOK WEST AVE 6,01 TO 03,93.0,Model A,2019,93 years 02 months,588000.0,2025
2026-01,HOUGANG,4 ROOM,456,HOUGANG AVE 10,10 TO 12,104.0,Model A,1992,65 years 09 months,645000.0,2026
2025-01,TAMPINES,5 ROOM,405,TAMPINES ST 41,01 TO 03,138.0,Model A,1985,59 years 11 months,741000.0,2025
2025-09,ANG MO KIO,4 ROOM,455C,ANG MO KIO ST 44,19 TO 21,93.0,Model A,2018,91 years 07 months,960000.0,2025
2025-07,TAMPINES,3 ROOM,408,TAMPINES ST 41,04 TO 06,60.0,Improved,1985,59 years,458000.0,2025
2025-05,ANG MO KIO,4 ROOM,440,ANG MO KIO AVE 10,01 TO 03,92.0,New Generation,1979,52 years 09 months,488000.0,2025
2026-06,SENGKANG,4 ROOM,130,RIVERVALE ST,07 TO 09,100.0,Model A,1999,71 years 10 months,580000.0,2026
2026-01,BEDOK,4 ROOM,613B,BEDOK RESERVOIR RD,07 TO 09,102.0,Model A,1998,71 years 01 month,770000.0,2026
2025-01,WOODLANDS,4 ROOM,758,WOODLANDS AVE 6,07 TO 09,102.0,Model A,1998,72 years 02 months,530000.0,2025
2025-01,PUNGGOL,4 ROOM,161B,PUNGGOL CTRL,01 TO 03,94.0,Premium Apartment,2004,78 years 06 months,588000.0,2025
2026-03,WOODLANDS,4 ROOM,740,WOODLANDS CIRCLE,10 TO 12,102.0,Model A,1997,70 years 09 months,538000.0,2026
2025-08,HOUGANG,4 ROOM,919,HOUGANG AVE 4,07 TO 09,100.0,Model A,1998,72 years,630000.0,2025
2026-06,JURONG WEST,4 ROOM,686B,JURONG WEST CTRL 1,07 TO 09,94.0,Premium Apartment,2000,73 years 05 months,609000.0,2026
2025-06,HOUGANG,5 ROOM,698B,HOUGANG ST 61,13 TO 15,120.0,Improved,1999,72 years 09 months,825000.0,2025
2025-03,TAMPINES,4 ROOM,228,SIMEI ST 4,04 TO 06,104.0,Model A,1988,62 years 05 months,660000.0,2025
2025-01,SENGKANG,5 ROOM,197,RIVERVALE DR,10 TO 12,111.0,Improved,2001,75 years 06 months,675000.0,2025
2025-08,TOA PAYOH,3 ROOM,233,LOR 8 TOA PAYOH,10 TO 12,66.0,Improved,1981,55 years 02 months,390088.0,2025
2025-08,BUKIT MERAH,4 ROOM,54,LENGKOK BAHRU,01 TO 03,84.0,Simplified,1986,60 years,680000.0,2025
2025-03,CENTRAL AREA,4 ROOM,1G,CANTONMENT RD,22 TO 24,95.0,Type S1,2011,84 years 11 months,1300000.0,2025
2026-02,TAMPINES,4 ROOM,605C,TAMPINES ST 61,01 TO 03,92.0,Model A,2020,93 years 01 month,730000.0,2026
2025-11,QUEENSTOWN,4 ROOM,86,DAWSON RD,16 TO 18,83.0,Premium Apartment,2016,89 years 10 months,985000.0,2025
2025-03,SENGKANG,5 ROOM,435C,FERNVALE RD,22 TO 24,113.0,Premium Apartment,2013,87 years 04 months,855000.0,2025
2026-01,YISHUN,4 ROOM,479C,YISHUN ST 42,04 TO 06,93.0,Model A,2021,94 years 04 months,608000.0,2026
2026-06,HOUGANG,4 ROOM,328,HOUGANG AVE 5,04 TO 06,93.0,New Generation,1983,56 years 02 months,570000.0,2026
2025-01,BUKIT MERAH,4 ROOM,126C,KIM TIAN RD,13 TO 15,93.0,Model A,2013,87 years 03 months,990000.0,2025
2026-03,CENTRAL AREA,3 ROOM,34,UPP CROSS ST,07 TO 09,65.0,Improved,1975,48 years 03 months,460000.0,2026
2025-05,JURONG WEST,5 ROOM,408,JURONG WEST ST 42,07 TO 09,139.0,Model A-Maisonette,1984,57 years 11 months,700000.0,2025
2025-10,PUNGGOL,4 ROOM,684D,EDGEDALE PLAINS,13 TO 15,93.0,Premium Apartment,2018,91 years 11 months,740000.0,2025
2025-02,SENGKANG,5 ROOM,325B,SENGKANG EAST WAY,04 TO 06,110.0,Improved,2003,77 years 04 months,750000.0,2025
2025-06,BUKIT PANJANG,4 ROOM,485,SEGAR RD,10 TO 12,93.0,Model A,2014,88 years 06 months,618888.0,2025
2025-01,WOODLANDS,5 ROOM,538,WOODLANDS DR 16,10 TO 12,115.0,Improved,2000,74 years 07 months,688000.0,2025
2025-04,BUKIT MERAH,5 ROOM,48,TELOK BLANGAH DR,04 TO 06,123.0,Standard,1976,50 years 08 months,795000.0,2025
2025-04,CHOA CHU KANG,4 ROOM,285,CHOA CHU KANG AVE 3,07 TO 09,104.0,Model A,1993,67 years 03 months,575000.0,2025
2025-09,YISHUN,3 ROOM,141,YISHUN RING RD,07 TO 09,68.0,New Generation,1984,58 years 03 months,433000.0,2025
2025-07,BEDOK,3 ROOM,39,BEDOK STH RD,01 TO 03,67.0,New Generation,1978,52 years 02 months,410000.0,2025
2025-03,YISHUN,4 ROOM,275,YISHUN ST 22,04 TO 06,84.0,Simplified,1986,59 years 11 months,490000.0,2025
2025-04,YISHUN,4 ROOM,426A,YISHUN AVE 11,10 TO 12,92.0,Model A,2015,89 years,628000.0,2025
2026-06,TOA PAYOH,5 ROOM,153,LOR 2 TOA PAYOH,10 TO 12,124.0,Improved,1999,72 years 02 months,1165000.0,2026
2026-02,SENGKANG,3 ROOM,447A,JLN KAYU,13 TO 15,67.0,Model A,2013,86 years 10 months,555888.0,2026
2026-01,HOUGANG,3 ROOM,626,HOUGANG AVE 8,01 TO 03,64.0,Simplified,1986,59 years 10 months,455000.0,2026
2025-12,WOODLANDS,3 ROOM,694A,WOODLANDS DR 62,04 TO 06,68.0,Model A,2018,91 years 10 months,505000.0,2025
2025-02,ANG MO KIO,3 ROOM,424,ANG MO KIO AVE 3,04 TO 06,73.0,New Generation,1979,53 years,485000.0,2025
2026-06,BUKIT MERAH,3 ROOM,62,TELOK BLANGAH HTS,07 TO 09,73.0,New Generation,1976,49 years 04 months,430000.0,2026
2025-07,TAMPINES,5 ROOM,349,TAMPINES ST 33,04 TO 06,126.0,Improved,1996,69 years 10 months,740000.0,2025
2025-09,JURONG WEST,3 ROOM,481,JURONG WEST ST 41,01 TO 03,67.0,New Generation,1985,58 years 07 months,395000.0,2025
2025-02,BUKIT BATOK,5 ROOM,202,BT BATOK ST 21,19 TO 21,149.0,Model A,1985,59 years 06 months,830000.0,2025
2025-10,WOODLANDS,3 ROOM,302A,WOODLANDS ST 31,04 TO 06,67.0,Model A,2016,90 years,500888.0,2025
2025-12,BUKIT PANJANG,4 ROOM,253,BANGKIT RD,04 TO 06,104.0,Model A,1988,62 years,540000.0,2025
2025-07,YISHUN,3 ROOM,455,YISHUN ST 41,10 TO 12,67.0,Model A,2013,87 years 01 month,485000.0,2025
2025-11,KALLANG/WHAMPOA,4 ROOM,25A,ST. GEORGE'S LANE,25 TO 27,92.0,Model A,2020,93 years 07 months,1150000.0,2025
2025-11,BUKIT MERAH,4 ROOM,10A,BOON TIONG RD,13 TO 15,92.0,Model A,2016,89 years 03 months,1188888.0,2025
2025-11,PASIR RIS,4 ROOM,634,PASIR RIS DR 1,10 TO 12,104.0,Model A,1995,68 years 09 months,648000.0,2025
2025-03,BUKIT PANJANG,4 ROOM,471,SEGAR RD,01 TO 03,90.0,Premium Apartment,2002,76 years 02 months,480000.0,2025
2025-08,CLEMENTI,4 ROOM,113,CLEMENTI ST 13,07 TO 09,104.0,Model A,1984,58 years 03 months,783000.0,2025
2025-02,BUKIT MERAH,3 ROOM,2,JLN BT MERAH,04 TO 06,63.0,Improved,1975,49 years 06 months,355000.0,2025
2026-01,BISHAN,4 ROOM,506,BISHAN ST 11,01 TO 03,103.0,Model A,1989,62 years 08 months,860000.0,2026
2026-06,HOUGANG,3 ROOM,109,HOUGANG AVE 1,04 TO 06,67.0,New Generation,1983,55 years 10 months,442888.0,2026
2025-06,BUKIT BATOK,5 ROOM,201,BT BATOK ST 21,16 TO 18,133.0,Model A,1985,59 years 02 months,838000.0,2025
2026-03,ANG MO KIO,3 ROOM,121,ANG MO KIO AVE 3,04 TO 06,67.0,New Generation,1978,51 years 08 months,405000.0,2026
2026-01,BUKIT PANJANG,4 ROOM,471,SEGAR RD,01 TO 03,90.0,Premium Apartment,2002,75 years 04 months,488000.0,2026
2025-05,SEMBAWANG,5 ROOM,126C,CANBERRA ST,13 TO 15,116.0,Improved,2020,94 years 05 months,835000.0,2025
2025-06,KALLANG/WHAMPOA,5 ROOM,39,UPP BOON KENG RD,13 TO 15,119.0,Standard,1976,50 years 03 months,610000.0,2025
2025-07,WOODLANDS,4 ROOM,824,WOODLANDS ST 81,07 TO 09,103.0,Model A,1989,63 years 03 months,558000.0,2025
2026-02,BUKIT BATOK,4 ROOM,395,BT BATOK WEST AVE 5,16 TO 18,92.0,Model A,2004,77 years 07 months,600000.0,2026
2025-10,BUKIT MERAH,4 ROOM,5,DELTA AVE,07 TO 09,91.0,New Generation,1985,59 years 02 months,770000.0,2025
2025-11,SENGKANG,4 ROOM,215B,COMPASSVALE DR,04 TO 06,92.0,Premium Apartment,2017,90 years 07 months,758000.0,2025
2025-06,SEMBAWANG,4 ROOM,362B,SEMBAWANG CRES,10 TO 12,93.0,Model A,2019,93 years,653000.0,2025
2025-03,JURONG EAST,4 ROOM,236,JURONG EAST ST 21,01 TO 03,93.0,New Generation,1982,55 years 11 months,505000.0,2025
2025-07,SENGKANG,4 ROOM,224A,COMPASSVALE WALK,07 TO 09,102.0,Model A,1999,72 years 08 months,620000.0,2025
2025-09,WOODLANDS,4 ROOM,335,WOODLANDS ST 32,01 TO 03,90.0,Simplified,1985,59 years 03 months,495000.0,2025
2025-06,YISHUN,4 ROOM,280,YISHUN ST 22,04 TO 06,84.0,Simplified,1985,59 years,470000.0,2025
2026-03,SERANGOON,5 ROOM,205,SERANGOON CTRL,01 TO 03,122.0,Improved,1986,59 years 08 months,925000.0,2026
2025-03,SENGKANG,4 ROOM,329A,ANCHORVALE ST,04 TO 06,92.0,Model A,2015,89 years 05 months,638000.0,2025
2025-06,WOODLANDS,4 ROOM,363,WOODLANDS AVE 5,01 TO 03,107.0,Model A,1996,70 years 06 months,650000.0,2025
2025-09,TOA PAYOH,4 ROOM,139A,LOR 1A TOA PAYOH,40 TO 42,91.0,DBSS,2012,85 years 09 months,1218888.0,2025
2025-04,BUKIT BATOK,5 ROOM,254,BT BATOK EAST AVE 4,07 TO 09,121.0,Improved,1985,59 years 01 month,628888.0,2025
2025-08,TOA PAYOH,5 ROOM,16,JOO SENG RD,04 TO 06,132.0,Model A,1984,57 years 06 months,838000.0,2025
2026-04,TAMPINES,5 ROOM,876C,TAMPINES AVE 8,01 TO 03,113.0,Improved,2021,94 years 07 months,850000.0,2026
2025-08,GEYLANG,4 ROOM,319,UBI AVE 1,10 TO 12,90.0,Simplified,1985,58 years 11 months,600000.0,2025
2025-04,TAMPINES,3 ROOM,818,TAMPINES ST 81,01 TO 03,73.0,Model A,1984,58 years 03 months,475000.0,2025
2025-11,TAMPINES,3 ROOM,407,TAMPINES ST 41,07 TO 09,69.0,Improved,1985,59 years,515000.0,2025
2025-04,BUKIT MERAH,3 ROOM,54,HAVELOCK RD,28 TO 30,69.0,Model A,2013,87 years 01 month,835000.0,2025
2025-08,SENGKANG,4 ROOM,471B,FERNVALE ST,19 TO 21,93.0,Model A,2016,90 years 02 months,645000.0,2025
2025-08,HOUGANG,4 ROOM,929,HOUGANG ST 91,13 TO 15,100.0,Model A,1998,71 years 11 months,630000.0,2025
2025-04,TAMPINES,4 ROOM,497B,TAMPINES ST 45,04 TO 06,109.0,Premium Apartment,1996,70 years 03 months,650000.0,2025
2025-09,BUKIT MERAH,5 ROOM,9A,BOON TIONG RD,31 TO 33,112.0,Improved,2016,89 years 05 months,1580000.0,2025
2025-05,YISHUN,4 ROOM,244,YISHUN RING RD,01 TO 03,84.0,Simplified,1985,58 years 11 months,470000.0,2025
2025-01,PASIR RIS,4 ROOM,450,PASIR RIS DR 6,04 TO 06,114.0,Model A,1989,63 years 08 months,638888.0,2025
2026-02,JURONG WEST,5 ROOM,989D,JURONG WEST ST 93,04 TO 06,110.0,Premium Apartment,2008,81 years 07 months,610000.0,2026
2025-10,BUKIT BATOK,5 ROOM,388,BT BATOK WEST AVE 5,07 TO 09,118.0,Improved,2005,78 years 03 months,688888.0,2025
2025-04,QUEENSTOWN,3 ROOM,50,C'WEALTH DR,22 TO 24,63.0,Model A,2015,88 years 11 months,745888.0,2025
2025-12,PASIR RIS,5 ROOM,254,PASIR RIS ST 21,07 TO 09,126.0,Improved,1993,67 years 01 month,732000.0,2025
2026-04,SEMBAWANG,5 ROOM,507B,WELLINGTON CIRCLE,07 TO 09,111.0,Improved,2001,74 years 09 months,650000.0,2026
2025-09,BUKIT PANJANG,4 ROOM,629,SENJA RD,07 TO 09,90.0,Premium Apartment,2004,78 years 01 month,588888.0,2025
2025-11,BUKIT BATOK,4 ROOM,438A,BT BATOK WEST AVE 8,04 TO 06,93.0,Model A,2020,93 years 04 months,655000.0,2025
2026-02,TAMPINES,4 ROOM,875B,TAMPINES ST 86,04 TO 06,93.0,Model A,2021,94 years 09 months,783333.0,2026
2025-02,QUEENSTOWN,3 ROOM,11,HOLLAND DR,22 TO 24,73.0,Improved,1975,49 years,558000.0,2025
2026-05,BUKIT MERAH,3 ROOM,31,TELOK BLANGAH RISE,01 TO 03,70.0,Improved,1976,49 years 01 month,320000.0,2026
2025-02,BUKIT MERAH,4 ROOM,93A,TELOK BLANGAH ST 31,28 TO 30,93.0,Model A,2018,92 years 11 months,1068888.0,2025
2025-02,GEYLANG,3 ROOM,66,CIRCUIT RD,10 TO 12,56.0,Standard,1967,41 years,355000.0,2025
2026-06,YISHUN,4 ROOM,504D,YISHUN ST 51,10 TO 12,92.0,Model A,2016,88 years 09 months,622000.0,2026
2026-05,CLEMENTI,4 ROOM,311C,CLEMENTI AVE 4,13 TO 15,80.0,DBSS,2014,87 years 08 months,950000.0,2026
2025-04,SEMBAWANG,4 ROOM,126D,CANBERRA ST,04 TO 06,93.0,Model A,2020,94 years 07 months,632000.0,2025
2025-10,BUKIT PANJANG,4 ROOM,502,JELAPANG RD,07 TO 09,103.0,Model A,1998,71 years 05 months,560000.0,2025
2026-03,CLEMENTI,5 ROOM,312B,CLEMENTI AVE 4,31 TO 33,113.0,Improved,2017,90 years 06 months,1380000.0,2026
2025-09,TAMPINES,5 ROOM,741,TAMPINES ST 72,07 TO 09,122.0,Improved,1997,71 years 03 months,780766.0,2025
2026-04,HOUGANG,5 ROOM,837,HOUGANG CTRL,07 TO 09,117.0,Improved,1997,70 years 02 months,888000.0,2026
2026-05,TOA PAYOH,4 ROOM,130A,LOR 1 TOA PAYOH,37 TO 39,93.0,Model A,2018,91 years 03 months,1200000.0,2026
2025-09,TAMPINES,4 ROOM,437,TAMPINES ST 43,07 TO 09,105.0,Model A,1986,59 years 11 months,638000.0,2025
2025-09,GEYLANG,3 ROOM,19,EUNOS CRES,04 TO 06,65.0,Improved,1977,50 years 08 months,375000.0,2025
2025-12,PUNGGOL,5 ROOM,638C,PUNGGOL DR,10 TO 12,110.0,Premium Apartment,2005,78 years 02 months,698000.0,2025
2025-04,BUKIT MERAH,3 ROOM,18,TELOK BLANGAH CRES,10 TO 12,76.0,Improved,1975,49 years,428000.0,2025
2025-12,GEYLANG,3 ROOM,58,CIRCUIT RD,07 TO 09,56.0,Standard,1969,42 years 02 months,308000.0,2025
2026-02,JURONG EAST,4 ROOM,20,TEBAN GDNS RD,13 TO 15,92.0,Model A,2013,86 years 08 months,610000.0,2026
2026-03,QUEENSTOWN,3 ROOM,97,C'WEALTH CRES,07 TO 09,59.0,Standard,1970,43 years 04 months,305000.0,2026
2025-05,YISHUN,4 ROOM,273,YISHUN ST 22,04 TO 06,104.0,Model A,1986,60 years 03 months,530000.0,2025
2026-01,GEYLANG,3 ROOM,63,SIMS PL,01 TO 03,68.0,Model A,2016,90 years,630000.0,2026
2025-11,YISHUN,4 ROOM,424D,YISHUN AVE 11,04 TO 06,92.0,Model A,2015,89 years 02 months,547000.0,2025
2026-01,BEDOK,4 ROOM,428,BEDOK NTH RD,04 TO 06,92.0,New Generation,1979,52 years 01 month,560000.0,2026
2025-09,PUNGGOL,4 ROOM,669B,EDGEFIELD PLAINS,04 TO 06,93.0,Premium Apartment,2016,89 years 10 months,675000.0,2025
2026-04,TOA PAYOH,3 ROOM,168,LOR 1 TOA PAYOH,07 TO 09,65.0,Improved,1972,45 years 04 months,372500.0,2026
2025-11,CHOA CHU KANG,5 ROOM,816B,KEAT HONG LINK,04 TO 06,112.0,Improved,2017,90 years 11 months,700000.0,2025
2026-02,WOODLANDS,4 ROOM,12A,MARSILING LANE,13 TO 15,93.0,Model A,2013,86 years 05 months,593888.0,2026
2026-02,BUKIT MERAH,3 ROOM,77,INDUS RD,04 TO 06,63.0,Improved,1973,46 years,438888.0,2026
2025-09,QUEENSTOWN,3 ROOM,2,GHIM MOH RD,01 TO 03,65.0,Improved,1976,49 years 10 months,380000.0,2025
2025-09,JURONG WEST,3 ROOM,528,JURONG WEST ST 52,04 TO 06,67.0,New Generation,1983,56 years 09 months,395000.0,2025
2026-03,JURONG WEST,4 ROOM,561A,JURONG WEST ST 42,07 TO 09,93.0,Model A,2018,91 years,655000.0,2026
2025-01,QUEENSTOWN,4 ROOM,19,DOVER CRES,01 TO 03,87.0,Model A,2003,77 years 09 months,738888.0,2025
2026-01,QUEENSTOWN,4 ROOM,92,DAWSON RD,19 TO 21,95.0,Premium Apartment Loft,2016,89 years 04 months,1258000.0,2026
2025-03,SERANGOON,5 ROOM,121,SERANGOON NTH AVE 1,01 TO 03,121.0,Improved,1985,59 years 06 months,660000.0,2025
2026-05,YISHUN,3 ROOM,671A,YISHUN AVE 4,07 TO 09,68.0,Model A,2018,90 years 09 months,513888.0,2026
2025-10,GEYLANG,4 ROOM,36,EUNOS CRES,07 TO 09,85.0,Model A,2006,80 years 03 months,920000.0,2025
2026-01,PUNGGOL,5 ROOM,114,EDGEFIELD PLAINS,07 TO 09,113.0,Premium Apartment,2003,76 years 07 months,665000.0,2026
2025-01,GEYLANG,3 ROOM,48,CIRCUIT RD,01 TO 03,60.0,Standard,1969,43 years 01 month,345000.0,2025
2025-04,PUNGGOL,3 ROOM,212B,PUNGGOL WALK,13 TO 15,67.0,Model A,2015,89 years 01 month,555000.0,2025
2026-05,HOUGANG,4 ROOM,996B,BUANGKOK CRES,13 TO 15,92.0,Model A,2019,92 years 04 months,708888.0,2026
2026-03,QUEENSTOWN,4 ROOM,92,DAWSON RD,10 TO 12,95.0,Premium Apartment Loft,2016,89 years 02 months,1140000.0,2026
2025-12,TAMPINES,3 ROOM,410,TAMPINES ST 41,01 TO 03,69.0,Improved,1985,58 years 10 months,450000.0,2025
2025-02,CHOA CHU KANG,4 ROOM,406,CHOA CHU KANG AVE 3,04 TO 06,103.0,Model A,1993,67 years 05 months,530000.0,2025
2025-03,BUKIT MERAH,3 ROOM,93B,TELOK BLANGAH ST 31,25 TO 27,68.0,Model A,2018,92 years 10 months,800000.0,2025
2025-03,CLEMENTI,4 ROOM,417,CLEMENTI AVE 1,07 TO 09,100.0,Model A,2013,87 years 07 months,935000.0,2025
2025-05,SENGKANG,5 ROOM,192A,RIVERVALE DR,10 TO 12,115.0,Improved,2000,74 years 05 months,640000.0,2025
2026-02,ANG MO KIO,3 ROOM,255,ANG MO KIO AVE 4,01 TO 03,73.0,New Generation,1977,50 years 06 months,418000.0,2026
2025-08,CHOA CHU KANG,4 ROOM,20,TECK WHYE LANE,07 TO 09,92.0,New Generation,1981,55 years 01 month,452000.0,2025
2025-01,ANG MO KIO,3 ROOM,557,ANG MO KIO AVE 10,13 TO 15,68.0,New Generation,1980,54 years 02 months,415000.0,2025
2025-05,BEDOK,3 ROOM,554,BEDOK NTH ST 3,07 TO 09,68.0,New Generation,1980,54 years 02 months,430000.0,2025
2025-03,SEMBAWANG,3 ROOM,590C,MONTREAL LINK,16 TO 18,68.0,Model A,2015,89 years 02 months,510000.0,2025
2025-12,JURONG WEST,3 ROOM,186,BOON LAY AVE,04 TO 06,59.0,Improved,1975,48 years 11 months,308000.0,2025
2025-05,MARINE PARADE,5 ROOM,77,MARINE DR,13 TO 15,120.0,Standard,1977,50 years 08 months,1055000.0,2025
2026-01,WOODLANDS,4 ROOM,308,WOODLANDS AVE 1,01 TO 03,103.0,Model A,1994,67 years 01 month,515000.0,2026
2026-01,TAMPINES,4 ROOM,713,TAMPINES ST 71,10 TO 12,102.0,Model A,1997,70 years 02 months,655000.0,2026
2025-11,SEMBAWANG,5 ROOM,360B,ADMIRALTY DR,01 TO 03,111.0,Premium Apartment,2001,74 years 11 months,545000.0,2025
2025-06,HOUGANG,3 ROOM,476A,UPP SERANGOON VIEW,13 TO 15,68.0,Premium Apartment,2016,90 years 01 month,575000.0,2025
2025-04,YISHUN,3 ROOM,217,YISHUN ST 21,01 TO 03,68.0,New Generation,1985,59 years 06 months,410000.0,2025
2026-03,WOODLANDS,5 ROOM,796,WOODLANDS DR 72,13 TO 15,121.0,Improved,1997,70 years 08 months,650000.0,2026
2025-05,JURONG WEST,3 ROOM,121,YUAN CHING RD,07 TO 09,69.0,Improved,1974,48 years 01 month,340000.0,2025
2025-04,SENGKANG,4 ROOM,295C,COMPASSVALE CRES,01 TO 03,89.0,Model A,2002,76 years,535000.0,2025
2026-06,BUKIT BATOK,4 ROOM,293D,BT BATOK ST 21,28 TO 30,93.0,Model A,2019,91 years 08 months,800000.0,2026
2025-10,TOA PAYOH,3 ROOM,1,LOR 7 TOA PAYOH,07 TO 09,67.0,Improved,1969,42 years 09 months,408000.0,2025
2026-05,CHOA CHU KANG,5 ROOM,489B,CHOA CHU KANG AVE 5,07 TO 09,113.0,Improved,2016,89 years 02 months,710000.0,2026
2025-03,CLEMENTI,4 ROOM,418,CLEMENTI AVE 1,04 TO 06,99.0,Model A,2013,87 years 06 months,905000.0,2025
2025-04,SENGKANG,5 ROOM,338A,ANCHORVALE CRES,10 TO 12,113.0,Improved,2018,92 years 02 months,820000.0,2025
2025-11,ANG MO KIO,3 ROOM,313,ANG MO KIO AVE 3,10 TO 12,73.0,New Generation,1978,51 years 03 months,487000.0,2025
2025-07,SENGKANG,4 ROOM,275A,COMPASSVALE LINK,13 TO 15,90.0,Premium Apartment,2009,83 years,858888.0,2025
2025-08,KALLANG/WHAMPOA,3 ROOM,10C,BENDEMEER RD,34 TO 36,68.0,Model A,2017,91 years 05 months,870000.0,2025
2025-07,SERANGOON,5 ROOM,331,SERANGOON AVE 3,01 TO 03,121.0,Improved,1986,59 years 11 months,800000.0,2025
2025-01,KALLANG/WHAMPOA,4 ROOM,117B,JLN TENTERAM,28 TO 30,93.0,Model A,2017,91 years 11 months,882000.0,2025
2025-05,TAMPINES,5 ROOM,865,TAMPINES ST 83,10 TO 12,127.0,Improved,1989,63 years,850000.0,2025
2025-03,BUKIT BATOK,3 ROOM,163,BT BATOK ST 11,10 TO 12,73.0,Model A,1985,59 years,433000.0,2025
2025-12,SENGKANG,4 ROOM,268C,COMPASSVALE LINK,16 TO 18,90.0,Premium Apartment,2006,79 years 03 months,718000.0,2025
2025-08,WOODLANDS,4 ROOM,791,WOODLANDS AVE 6,07 TO 09,100.0,Model A,1997,71 years 04 months,565888.0,2025
2025-08,YISHUN,5 ROOM,677B,YISHUN RING RD,13 TO 15,113.0,Improved,2018,92 years 02 months,822000.0,2025
2025-09,GEYLANG,4 ROOM,11,EUNOS CRES,13 TO 15,91.0,New Generation,1977,50 years 09 months,630000.0,2025
2025-04,BUKIT MERAH,4 ROOM,91A,TELOK BLANGAH ST 31,07 TO 09,93.0,Model A,2018,92 years 09 months,950000.0,2025
2026-01,QUEENSTOWN,4 ROOM,89,TANGLIN HALT RD,28 TO 30,90.0,Model A,2008,81 years 08 months,1050000.0,2026
2025-06,TOA PAYOH,3 ROOM,157,LOR 1 TOA PAYOH,10 TO 12,67.0,Improved,1971,45 years 03 months,408000.0,2025
2026-03,YISHUN,4 ROOM,314,YISHUN RING RD,01 TO 03,108.0,Model A,1995,67 years 11 months,550000.0,2026
2026-03,WOODLANDS,4 ROOM,408,WOODLANDS ST 41,07 TO 09,106.0,Model A,1996,68 years 11 months,566000.0,2026
2025-06,CHOA CHU KANG,4 ROOM,25,TECK WHYE LANE,01 TO 03,92.0,New Generation,1979,52 years 11 months,475000.0,2025
2025-07,BUKIT BATOK,5 ROOM,290A,BT BATOK ST 24,19 TO 21,121.0,Improved,1998,71 years 08 months,730000.0,2025
2025-03,BEDOK,3 ROOM,525,BEDOK NTH ST 3,07 TO 09,67.0,New Generation,1979,53 years 05 months,420000.0,2025
2025-05,SEMBAWANG,4 ROOM,120C,CANBERRA CRES,01 TO 03,93.0,Model A,2018,91 years 09 months,590000.0,2025
2026-06,PUNGGOL,4 ROOM,193,EDGEFIELD PLAINS,07 TO 09,90.0,Premium Apartment,2003,76 years 06 months,600000.0,2026
2025-06,TOA PAYOH,3 ROOM,4,LOR 7 TOA PAYOH,07 TO 09,68.0,Improved,1969,43 years 01 month,350000.0,2025
2025-09,TAMPINES,4 ROOM,450D,TAMPINES ST 42,07 TO 09,105.0,Model A,1996,70 years,640000.0,2025
2026-06,JURONG WEST,3 ROOM,514,JURONG WEST ST 52,13 TO 15,74.0,Model A,1984,57 years,435000.0,2026
2025-05,HOUGANG,5 ROOM,541,HOUGANG AVE 8,10 TO 12,121.0,Improved,1989,63 years 05 months,720000.0,2025
2025-01,HOUGANG,5 ROOM,997B,BUANGKOK CRES,04 TO 06,120.0,3Gen,2018,92 years 11 months,728000.0,2025
2025-05,WOODLANDS,4 ROOM,794,WOODLANDS DR 72,01 TO 03,100.0,Model A,1998,71 years 08 months,550000.0,2025
2025-08,TOA PAYOH,5 ROOM,224,LOR 8 TOA PAYOH,04 TO 06,117.0,Standard,1976,49 years 08 months,695000.0,2025
2025-07,WOODLANDS,4 ROOM,787D,WOODLANDS CRES,10 TO 12,100.0,Model A,1997,71 years 02 months,570000.0,2025
2025-06,CLEMENTI,4 ROOM,311A,CLEMENTI AVE 4,04 TO 06,80.0,DBSS,2014,88 years 07 months,868000.0,2025
2025-03,GEYLANG,3 ROOM,1,HAIG RD,13 TO 15,59.0,Improved,1982,56 years 09 months,445000.0,2025
2026-06,ANG MO KIO,4 ROOM,226,ANG MO KIO AVE 1,04 TO 06,91.0,New Generation,1978,50 years 08 months,515000.0,2026
2026-01,QUEENSTOWN,4 ROOM,87,DAWSON RD,10 TO 12,83.0,Premium Apartment,2016,89 years 08 months,1010000.0,2026
2026-05,CLEMENTI,3 ROOM,702,WEST COAST RD,07 TO 09,67.0,New Generation,1980,53 years 05 months,358000.0,2026
2025-03,CHOA CHU KANG,4 ROOM,684C,CHOA CHU KANG CRES,01 TO 03,91.0,Model A,2002,76 years 08 months,510000.0,2025
2026-02,WOODLANDS,4 ROOM,780E,WOODLANDS CRES,07 TO 09,92.0,Model A,2015,88 years 06 months,568777.0,2026
2025-05,GEYLANG,3 ROOM,61,CIRCUIT RD,07 TO 09,61.0,Standard,1969,42 years 09 months,355000.0,2025
2025-04,BEDOK,3 ROOM,29,NEW UPP CHANGI RD,10 TO 12,65.0,Improved,1977,51 years 02 months,418000.0,2025
2025-11,MARINE PARADE,5 ROOM,78,MARINE DR,04 TO 06,120.0,Standard,1977,50 years 03 months,920000.0,2025
2025-07,BUKIT BATOK,4 ROOM,439B,BT BATOK WEST AVE 8,10 TO 12,93.0,Model A,2020,93 years 07 months,670000.0,2025
2026-01,HOUGANG,4 ROOM,475A,UPP SERANGOON CRES,04 TO 06,92.0,DBSS,2014,87 years 11 months,726888.0,2026
2026-05,PUNGGOL,5 ROOM,258C,PUNGGOL FIELD,13 TO 15,113.0,Improved,2016,89 years 02 months,835000.0,2026
2026-03,WOODLANDS,5 ROOM,506,WOODLANDS DR 14,04 TO 06,121.0,Improved,1999,71 years 11 months,665000.0,2026
2026-04,WOODLANDS,4 ROOM,542,WOODLANDS DR 16,04 TO 06,101.0,Model A,2000,73 years 01 month,580000.0,2026
2026-06,PUNGGOL,3 ROOM,256D,SUMANG WALK,07 TO 09,68.0,Model A,2016,89 years 07 months,575000.0,2026
2025-05,YISHUN,4 ROOM,726,YISHUN ST 71,04 TO 06,84.0,Simplified,1985,59 years 06 months,490000.0,2025
2025-01,BUKIT PANJANG,5 ROOM,152,GANGSA RD,01 TO 03,122.0,Improved,1998,73 years,688888.0,2025
2025-07,ANG MO KIO,4 ROOM,411,ANG MO KIO AVE 10,07 TO 09,92.0,New Generation,1979,53 years 01 month,568000.0,2025
2025-04,BUKIT BATOK,4 ROOM,383,BT BATOK WEST AVE 5,19 TO 21,92.0,Model A,2005,78 years 11 months,620000.0,2025
2025-05,QUEENSTOWN,3 ROOM,12,HOLLAND AVE,04 TO 06,65.0,Improved,1975,48 years 08 months,510000.0,2025
2025-02,BUKIT BATOK,3 ROOM,324,BT BATOK ST 33,04 TO 06,64.0,Simplified,1988,62 years 03 months,400000.0,2025
2025-06,CHOA CHU KANG,3 ROOM,110,TECK WHYE LANE,07 TO 09,73.0,Model A,1989,63 years 04 months,420000.0,2025
2026-02,TAMPINES,4 ROOM,279,TAMPINES ST 22,04 TO 06,104.0,Model A,1985,58 years,550000.0,2026
2025-11,WOODLANDS,3 ROOM,161,WOODLANDS ST 13,10 TO 12,73.0,Model A,1990,63 years 06 months,489000.0,2025
2025-01,YISHUN,4 ROOM,431B,YISHUN AVE 1,01 TO 03,92.0,Model A,2015,89 years 09 months,532000.0,2025
2026-06,BISHAN,3 ROOM,406,SIN MING AVE,04 TO 06,64.0,Simplified,1987,59 years 11 months,498000.0,2026
2026-03,SENGKANG,5 ROOM,184A,RIVERVALE CRES,13 TO 15,110.0,Improved,2003,76 years 03 months,630000.0,2026
2025-08,ANG MO KIO,3 ROOM,129,ANG MO KIO AVE 3,07 TO 09,73.0,New Generation,1979,52 years 05 months,445000.0,2025
2025-03,PUNGGOL,4 ROOM,303C,PUNGGOL CTRL,01 TO 03,93.0,Premium Apartment,2010,84 years 05 months,655000.0,2025
2026-05,JURONG WEST,5 ROOM,619,JURONG WEST ST 65,13 TO 15,110.0,Improved,2000,73 years 08 months,632000.0,2026
2026-01,PASIR RIS,5 ROOM,122,PASIR RIS ST 11,10 TO 12,132.0,Improved,1989,62 years 05 months,688800.0,2026
2025-05,SENGKANG,4 ROOM,293A,COMPASSVALE CRES,07 TO 09,93.0,Model A,2016,90 years 06 months,698000.0,2025
2026-06,WOODLANDS,3 ROOM,310,WOODLANDS ST 31,07 TO 09,73.0,Model A,1993,66 years 04 months,418000.0,2026
2025-04,YISHUN,5 ROOM,315C,YISHUN AVE 9,07 TO 09,112.0,Improved,2015,89 years 07 months,745000.0,2025
2026-05,PUNGGOL,4 ROOM,210A,PUNGGOL PL,10 TO 12,92.0,Model A,2014,87 years 07 months,675000.0,2026
2025-07,WOODLANDS,4 ROOM,785C,WOODLANDS RISE,01 TO 03,93.0,Model A,2018,92 years,560000.0,2025
2026-02,TOA PAYOH,5 ROOM,154,LOR 2 TOA PAYOH,13 TO 15,124.0,Improved,2001,74 years 01 month,1218000.0,2026
2026-02,YISHUN,4 ROOM,350,YISHUN AVE 11,01 TO 03,108.0,Model A,1988,61 years 07 months,485000.0,2026
2026-03,WOODLANDS,3 ROOM,12,MARSILING LANE,01 TO 03,78.0,Improved,1976,49 years 01 month,350000.0,2026
2025-11,CLEMENTI,4 ROOM,440C,CLEMENTI AVE 3,10 TO 12,94.0,Model A,2018,91 years 10 months,1150000.0,2025
2025-07,BUKIT MERAH,5 ROOM,104B,DEPOT RD,10 TO 12,116.0,Improved,2000,74 years 01 month,900000.0,2025
2025-12,YISHUN,4 ROOM,672C,YISHUN AVE 4,13 TO 15,93.0,Model A,2018,91 years 02 months,670000.0,2025
2025-01,BUKIT BATOK,3 ROOM,228,BT BATOK CTRL,04 TO 06,67.0,New Generation,1985,59 years 05 months,392000.0,2025
2025-12,YISHUN,5 ROOM,257,YISHUN RING RD,04 TO 06,122.0,Improved,1986,59 years 04 months,620000.0,2025
2025-12,JURONG EAST,3 ROOM,264,JURONG EAST ST 24,07 TO 09,68.0,New Generation,1983,56 years 04 months,390000.0,2025
2025-10,TAMPINES,4 ROOM,605B,TAMPINES ST 61,04 TO 06,92.0,Model A,2020,93 years 05 months,725000.0,2025
2025-08,BEDOK,3 ROOM,37,CHAI CHEE AVE,10 TO 12,66.0,Improved,1983,56 years 10 months,415000.0,2025
2025-09,WOODLANDS,3 ROOM,15,MARSILING LANE,04 TO 06,65.0,Improved,1976,49 years 05 months,345000.0,2025
2025-05,SEMBAWANG,5 ROOM,126D,CANBERRA ST,04 TO 06,116.0,Improved,2020,94 years 06 months,820000.0,2025
2025-12,SEMBAWANG,4 ROOM,485,ADMIRALTY LINK,07 TO 09,85.0,Model A2,2003,76 years 07 months,525000.0,2025
2025-12,BUKIT BATOK,4 ROOM,423,BT BATOK WEST AVE 2,01 TO 03,99.0,New Generation,1988,61 years 09 months,485000.0,2025
2026-02,QUEENSTOWN,3 ROOM,79,DAWSON RD,04 TO 06,62.0,Model A,2020,93 years 09 months,682000.0,2026
2025-06,YISHUN,4 ROOM,674B,YISHUN AVE 4,04 TO 06,93.0,Model A,2018,92 years 06 months,616000.0,2025
2025-05,CLEMENTI,3 ROOM,346,CLEMENTI AVE 5,04 TO 06,67.0,New Generation,1979,52 years 10 months,400000.0,2025
2025-02,SERANGOON,4 ROOM,109,SERANGOON NTH AVE 1,04 TO 06,91.0,New Generation,1985,59 years 04 months,585000.0,2025
2025-06,BEDOK,3 ROOM,45,CHAI CHEE ST,04 TO 06,68.0,New Generation,1980,54 years 01 month,425000.0,2025
2025-04,BUKIT MERAH,4 ROOM,10A,BOON TIONG RD,16 TO 18,92.0,Model A,2016,89 years 11 months,1200000.0,2025
2025-08,SERANGOON,3 ROOM,209,SERANGOON CTRL,10 TO 12,64.0,Simplified,1985,59 years 02 months,545000.0,2025
2026-02,WOODLANDS,4 ROOM,843,WOODLANDS ST 82,01 TO 03,84.0,Simplified,1994,67 years 04 months,465000.0,2026
2025-12,WOODLANDS,4 ROOM,786D,WOODLANDS DR 60,07 TO 09,100.0,Model A,1997,70 years 09 months,525000.0,2025
2026-06,BUKIT BATOK,5 ROOM,292B,BT BATOK EAST AVE 6,25 TO 27,113.0,Improved,2019,91 years 08 months,960000.0,2026
2026-01,GEYLANG,4 ROOM,338,UBI AVE 1,04 TO 06,84.0,Simplified,1986,59 years 03 months,530000.0,2026
2026-02,SENGKANG,3 ROOM,436D,FERNVALE RD,16 TO 18,69.0,Model A,2010,83 years 01 month,578000.0,2026
2026-03,KALLANG/WHAMPOA,4 ROOM,22,BOON KENG RD,01 TO 03,89.0,Improved,1974,46 years 10 months,600000.0,2026
2025-06,BEDOK,3 ROOM,104,BEDOK NTH AVE 4,04 TO 06,67.0,New Generation,1977,51 years 02 months,400000.0,2025
2026-01,PUNGGOL,5 ROOM,295,PUNGGOL CTRL,04 TO 06,110.0,Premium Apartment,2003,76 years 11 months,668888.0,2026
2025-08,TOA PAYOH,4 ROOM,14B,LOR 7 TOA PAYOH,04 TO 06,104.0,Model A,1998,72 years,782000.0,2025
2026-01,QUEENSTOWN,3 ROOM,9,HOLLAND AVE,19 TO 21,65.0,Improved,1974,47 years 05 months,568000.0,2026
2025-11,YISHUN,5 ROOM,654,YISHUN AVE 4,04 TO 06,134.0,Model A,1992,65 years 08 months,738888.0,2025
2025-10,KALLANG/WHAMPOA,3 ROOM,97,WHAMPOA DR,01 TO 03,66.0,Improved,1980,53 years 10 months,378000.0,2025
2025-12,YISHUN,3 ROOM,201,YISHUN ST 21,07 TO 09,67.0,New Generation,1985,58 years 06 months,465000.0,2025
2025-05,JURONG EAST,4 ROOM,21,TEBAN GDNS RD,37 TO 39,92.0,Model A,2013,87 years 05 months,685000.0,2025
2025-06,BUKIT MERAH,4 ROOM,96B,HENDERSON RD,10 TO 12,83.0,Model A,2019,93 years,980000.0,2025
2026-03,CENTRAL AREA,4 ROOM,661,BUFFALO RD,16 TO 18,82.0,Improved,1982,55 years 03 months,598000.0,2026
2026-06,QUEENSTOWN,4 ROOM,88,DAWSON RD,46 TO 48,83.0,Premium Apartment,2016,89 years 03 months,1088000.0,2026
2025-07,TOA PAYOH,4 ROOM,249,KIM KEAT LINK,01 TO 03,104.0,Model A,1988,62 years 06 months,640000.0,2025
2025-05,SENGKANG,5 ROOM,194,RIVERVALE DR,07 TO 09,111.0,Improved,2001,75 years,642000.0,2025
2026-02,YISHUN,4 ROOM,146,YISHUN ST 11,07 TO 09,93.0,New Generation,1985,58 years 03 months,565000.0,2026
2025-06,BEDOK,3 ROOM,125,BEDOK NTH RD,10 TO 12,82.0,New Generation,1978,52 years,510000.0,2025
2025-09,JURONG EAST,5 ROOM,204,JURONG EAST ST 21,04 TO 06,123.0,Improved,1983,56 years 07 months,738000.0,2025
2025-09,TOA PAYOH,4 ROOM,264,TOA PAYOH EAST,25 TO 27,93.0,Model A,2019,93 years 03 months,1090000.0,2025
2025-06,TOA PAYOH,3 ROOM,26,TOA PAYOH EAST,10 TO 12,67.0,Improved,1971,44 years 08 months,360000.0,2025
2025-02,BEDOK,4 ROOM,35,BEDOK STH AVE 2,10 TO 12,90.0,Improved,1977,51 years 08 months,510000.0,2025
2025-10,BUKIT BATOK,3 ROOM,416,BT BATOK WEST AVE 4,07 TO 09,73.0,Model A,1987,61 years 02 months,420000.0,2025
2026-04,SEMBAWANG,4 ROOM,132B,CANBERRA VIEW,04 TO 06,95.0,Model A,2020,93 years 06 months,793000.0,2026
2025-07,WOODLANDS,4 ROOM,110,WOODLANDS ST 13,07 TO 09,91.0,New Generation,1987,60 years 07 months,525000.0,2025
2025-04,MARINE PARADE,5 ROOM,14,MARINE TER,13 TO 15,117.0,Standard,1975,48 years 11 months,955000.0,2025
2026-05,QUEENSTOWN,3 ROOM,166,STIRLING RD,07 TO 09,60.0,Improved,1970,43 years 03 months,302000.0,2026
2026-03,YISHUN,4 ROOM,816,YISHUN ST 81,01 TO 03,104.0,Model A,1988,61 years 05 months,550000.0,2026
2025-05,SENGKANG,5 ROOM,336D,ANCHORVALE CRES,04 TO 06,115.0,Premium Apartment,2015,89 years 08 months,870000.0,2025
2025-02,ANG MO KIO,5 ROOM,618,ANG MO KIO AVE 4,13 TO 15,133.0,Model A,1996,70 years 05 months,945000.0,2025
2026-05,HOUGANG,4 ROOM,992A,BUANGKOK LINK,07 TO 09,93.0,Model A,2019,92 years 01 month,642888.0,2026
2026-06,GEYLANG,3 ROOM,52,CASSIA CRES,10 TO 12,62.0,Model A,2018,90 years 08 months,710000.0,2026
2026-06,PASIR RIS,4 ROOM,525C,PASIR RIS ST 51,07 TO 09,93.0,Model A,2015,88 years 02 months,770000.0,2026
2025-04,PUNGGOL,4 ROOM,106B,PUNGGOL FIELD,04 TO 06,90.0,Model A,2003,76 years 11 months,575000.0,2025
2025-03,WOODLANDS,4 ROOM,899C,WOODLANDS DR 50,01 TO 03,100.0,Model A,1997,71 years 07 months,545000.0,2025
2025-01,PUNGGOL,5 ROOM,666B,PUNGGOL DR,07 TO 09,113.0,Premium Apartment,2016,90 years 02 months,828000.0,2025
2026-01,TOA PAYOH,3 ROOM,118,LOR 1 TOA PAYOH,07 TO 09,65.0,Improved,1968,41 years 06 months,400000.0,2026
2025-05,WOODLANDS,4 ROOM,743,WOODLANDS CIRCLE,04 TO 06,103.0,Model A2,1997,71 years 06 months,575000.0,2025
2025-04,BUKIT BATOK,4 ROOM,464A,BT BATOK WEST AVE 8,13 TO 15,93.0,Model A,2021,95 years 04 months,718000.0,2025
2026-03,HOUGANG,4 ROOM,169,HOUGANG AVE 1,10 TO 12,101.0,Model A,1997,70 years 09 months,656888.0,2026
2025-08,JURONG WEST,3 ROOM,561B,JURONG WEST ST 42,04 TO 06,68.0,Model A,2018,91 years 06 months,475000.0,2025
2025-08,TAMPINES,4 ROOM,601C,TAMPINES AVE 9,07 TO 09,92.0,Model A,2020,93 years 07 months,785000.0,2025
2026-04,CHOA CHU KANG,4 ROOM,410,CHOA CHU KANG AVE 3,07 TO 09,105.0,Model A,1992,65 years 03 months,480000.0,2026
2026-04,TAMPINES,5 ROOM,316,TAMPINES ST 33,07 TO 09,132.0,Model A,1995,68 years 05 months,733000.0,2026
2025-12,BUKIT PANJANG,4 ROOM,521,JELAPANG RD,01 TO 03,102.0,Model A,1998,72 years,518000.0,2025
2026-05,BUKIT MERAH,5 ROOM,73A,REDHILL RD,10 TO 12,115.0,Improved,2005,78 years 06 months,1190000.0,2026
2025-07,WOODLANDS,5 ROOM,351,WOODLANDS AVE 1,04 TO 06,123.0,Improved,1996,70 years 02 months,740000.0,2025
2026-05,BUKIT BATOK,4 ROOM,204,BT BATOK ST 21,07 TO 09,116.0,Model A,1985,57 years 11 months,655000.0,2026
2025-11,GEYLANG,4 ROOM,121,PAYA LEBAR WAY,01 TO 03,91.0,New Generation,1980,53 years 10 months,500000.0,2025
2025-12,GEYLANG,3 ROOM,43,CIRCUIT RD,04 TO 06,52.0,Standard,1971,44 years 01 month,305000.0,2025
2025-07,BUKIT MERAH,3 ROOM,80C,TELOK BLANGAH ST 31,16 TO 18,68.0,Premium Apartment,2013,87 years 01 month,760000.0,2025
2025-05,YISHUN,3 ROOM,617,YISHUN RING RD,10 TO 12,73.0,Model A,1988,61 years 09 months,495000.0,2025
2026-05,YISHUN,3 ROOM,201,YISHUN ST 21,10 TO 12,67.0,New Generation,1985,58 years 02 months,445000.0,2026
2026-06,PUNGGOL,5 ROOM,289D,PUNGGOL PL,07 TO 09,116.0,Premium Apartment,2013,85 years 10 months,940000.0,2026
2025-03,WOODLANDS,4 ROOM,775,WOODLANDS CRES,01 TO 03,93.0,Model A2,1997,71 years 08 months,510000.0,2025
2026-02,PUNGGOL,5 ROOM,316D,PUNGGOL WAY,01 TO 03,113.0,Premium Apartment,2017,90 years 08 months,745000.0,2026
2026-04,YISHUN,3 ROOM,852,YISHUN ST 81,07 TO 09,74.0,Model A,1988,60 years 11 months,488888.0,2026
2026-01,KALLANG/WHAMPOA,4 ROOM,78,LOR LIMAU,10 TO 12,93.0,Model A,2018,91 years 05 months,948000.0,2026
2026-05,PASIR RIS,5 ROOM,614,ELIAS RD,04 TO 06,129.0,Improved,1996,69 years 02 months,800000.0,2026
2025-01,ANG MO KIO,3 ROOM,444,ANG MO KIO AVE 10,10 TO 12,82.0,New Generation,1979,53 years 09 months,490888.0,2025
2025-03,JURONG WEST,4 ROOM,655A,JURONG WEST ST 61,13 TO 15,86.0,Model A2,2002,76 years 08 months,539000.0,2025
2026-03,PUNGGOL,4 ROOM,406C,NORTHSHORE DR,22 TO 24,94.0,Model A,2021,94 years 03 months,790000.0,2026
2025-08,BEDOK,3 ROOM,27,NEW UPP CHANGI RD,07 TO 09,74.0,Improved,1982,56 years 02 months,439999.0,2025
2025-04,BUKIT MERAH,4 ROOM,70A,TELOK BLANGAH HTS,16 TO 18,93.0,Model A,2017,91 years 02 months,960000.0,2025
2025-05,BEDOK,5 ROOM,603,BEDOK RESERVOIR RD,01 TO 03,120.0,Improved,1982,56 years 01 month,650000.0,2025
2026-01,SEMBAWANG,4 ROOM,590C,MONTREAL LINK,10 TO 12,93.0,Model A,2015,88 years 03 months,605000.0,2026
2026-02,JURONG WEST,5 ROOM,437,JURONG WEST AVE 1,10 TO 12,133.0,Model A,1985,58 years 03 months,660000.0,2026
2025-02,YISHUN,4 ROOM,395,YISHUN RING RD,07 TO 09,104.0,Model A,1988,62 years 08 months,519888.0,2025
2025-01,BEDOK,3 ROOM,525,BEDOK NTH ST 3,13 TO 15,67.0,New Generation,1979,53 years 07 months,412000.0,2025
2025-05,PUNGGOL,5 ROOM,226B,SUMANG LANE,13 TO 15,114.0,Premium Apartment,2018,91 years 10 months,815000.0,2025
2025-03,JURONG WEST,3 ROOM,214,BOON LAY PL,10 TO 12,66.0,Improved,1974,48 years 08 months,328000.0,2025
2026-06,BUKIT BATOK,4 ROOM,460D,BT BATOK WEST AVE 9,07 TO 09,93.0,Model A,2020,92 years 11 months,702000.0,2026
2026-03,WOODLANDS,4 ROOM,322,WOODLANDS ST 32,07 TO 09,86.0,Simplified,1994,67 years 02 months,522000.0,2026
2025-06,BISHAN,3 ROOM,22,SIN MING RD,10 TO 12,68.0,Improved,1973,47 years 04 months,388888.0,2025
2025-03,SEMBAWANG,5 ROOM,357A,ADMIRALTY DR,01 TO 03,111.0,Premium Apartment,2001,75 years 04 months,580000.0,2025
2026-05,BISHAN,3 ROOM,309,SHUNFU RD,07 TO 09,67.0,New Generation,1984,57 years 06 months,542000.0,2026
2025-11,HOUGANG,4 ROOM,630,HOUGANG AVE 8,10 TO 12,103.0,Model A,1986,60 years 02 months,640000.0,2025
2025-11,ANG MO KIO,3 ROOM,644,ANG MO KIO AVE 4,04 TO 06,75.0,New Generation,1980,54 years 01 month,440000.0,2025
2026-02,BUKIT BATOK,5 ROOM,293A,BT BATOK ST 21,19 TO 21,113.0,Improved,2019,92 years,920000.0,2026
2026-03,JURONG WEST,4 ROOM,217B,BOON LAY AVE,07 TO 09,94.0,Model A,2018,91 years 04 months,635000.0,2026
2025-02,JURONG WEST,3 ROOM,502,JURONG WEST AVE 1,01 TO 03,88.0,Model A,1986,60 years 02 months,445000.0,2025
2025-02,PUNGGOL,4 ROOM,612A,PUNGGOL DR,16 TO 18,93.0,Model A,2012,87 years,708000.0,2025
2025-01,BUKIT BATOK,5 ROOM,296A,BT BATOK ST 22,31 TO 33,115.0,Premium Apartment,2018,92 years 04 months,950000.0,2025
2025-12,BUKIT MERAH,3 ROOM,2,JLN BT MERAH,04 TO 06,63.0,Improved,1975,48 years 07 months,390000.0,2025
2025-03,QUEENSTOWN,4 ROOM,86,DAWSON RD,10 TO 12,87.0,Premium Apartment,2016,90 years 06 months,1017778.0,2025
2025-02,PUNGGOL,5 ROOM,658A,PUNGGOL EAST,10 TO 12,113.0,Improved,2018,92 years 11 months,805000.0,2025
2025-06,CHOA CHU KANG,4 ROOM,811B,CHOA CHU KANG AVE 7,10 TO 12,93.0,Model A,2017,91 years 05 months,635888.0,2025
2025-04,WOODLANDS,3 ROOM,887C,WOODLANDS DR 50,07 TO 09,67.0,Premium Apartment,2015,88 years 11 months,530000.0,2025
2025-09,TOA PAYOH,4 ROOM,139A,LOR 1A TOA PAYOH,28 TO 30,91.0,DBSS,2012,85 years 09 months,1070000.0,2025
2025-12,BEDOK,3 ROOM,504,BEDOK NTH ST 3,10 TO 12,59.0,Improved,1978,51 years 05 months,385000.0,2025
2025-12,WOODLANDS,5 ROOM,511,WOODLANDS DR 14,01 TO 03,125.0,Premium Apartment,1999,72 years 04 months,700000.0,2025
2026-06,HOUGANG,3 ROOM,321,HOUGANG AVE 5,07 TO 09,67.0,New Generation,1983,55 years 09 months,412000.0,2026
2025-07,ANG MO KIO,3 ROOM,571,ANG MO KIO AVE 3,07 TO 09,67.0,New Generation,1979,52 years 10 months,410000.0,2025
2025-08,SERANGOON,4 ROOM,222,SERANGOON AVE 4,07 TO 09,94.0,New Generation,1985,59 years 02 months,645000.0,2025
2025-05,TAMPINES,4 ROOM,247,TAMPINES ST 21,01 TO 03,91.0,New Generation,1984,58 years,610000.0,2025
2025-08,TOA PAYOH,3 ROOM,73,LOR 4 TOA PAYOH,07 TO 09,62.0,Standard,1973,46 years 05 months,378000.0,2025
2025-11,WOODLANDS,5 ROOM,777,WOODLANDS CRES,04 TO 06,121.0,Improved,1998,71 years 03 months,625000.0,2025
2025-05,CENTRAL AREA,3 ROOM,34,UPP CROSS ST,19 TO 21,65.0,Improved,1975,49 years 01 month,460000.0,2025
2025-06,BUKIT MERAH,4 ROOM,4B,BOON TIONG RD,19 TO 21,100.0,Model A,2005,79 years 04 months,1080000.0,2025
2025-02,BEDOK,3 ROOM,116,BEDOK NTH RD,13 TO 15,88.0,New Generation,1978,52 years 04 months,518000.0,2025
2025-08,HOUGANG,4 ROOM,996A,BUANGKOK CRES,13 TO 15,92.0,Model A,2019,93 years 01 month,662000.0,2025
2025-11,YISHUN,3 ROOM,121,YISHUN ST 11,10 TO 12,67.0,New Generation,1984,58 years 02 months,428000.0,2025
2025-06,TAMPINES,3 ROOM,105,TAMPINES ST 11,10 TO 12,79.0,Model A,1982,56 years 06 months,505000.0,2025
2025-11,SENGKANG,5 ROOM,416A,FERNVALE LINK,16 TO 18,113.0,Improved,2016,89 years 03 months,820000.0,2025
2026-05,MARINE PARADE,3 ROOM,33,MARINE CRES,04 TO 06,65.0,Improved,1975,48 years 01 month,428000.0,2026
2025-03,CHOA CHU KANG,5 ROOM,803C,KEAT HONG CL,01 TO 03,113.0,Improved,2017,91 years 03 months,632000.0,2025
2025-01,MARINE PARADE,3 ROOM,46,MARINE CRES,01 TO 03,76.0,Improved,1975,49 years 07 months,510000.0,2025
2025-08,BEDOK,3 ROOM,109,BEDOK NTH RD,04 TO 06,67.0,New Generation,1977,51 years,420888.0,2025
2025-03,PUNGGOL,4 ROOM,682A,EDGEDALE PLAINS,07 TO 09,93.0,Premium Apartment,2018,92 years 06 months,708888.0,2025
2025-07,HOUGANG,4 ROOM,704,HOUGANG AVE 2,04 TO 06,93.0,New Generation,1985,59 years 05 months,570000.0,2025
2025-09,CLEMENTI,4 ROOM,364,CLEMENTI AVE 2,04 TO 06,90.0,New Generation,1978,51 years 04 months,646000.0,2025
2025-08,TAMPINES,4 ROOM,706,TAMPINES ST 71,01 TO 03,99.0,Model A,1997,71 years,607000.0,2025
2025-10,BUKIT MERAH,4 ROOM,109,JLN BT MERAH,07 TO 09,104.0,Model A,1984,57 years 10 months,728000.0,2025
2026-01,SENGKANG,4 ROOM,440C,FERNVALE LINK,07 TO 09,92.0,Model A,2015,88 years 07 months,625000.0,2026
2025-07,WOODLANDS,4 ROOM,786E,WOODLANDS DR 60,04 TO 06,90.0,Model A2,1997,71 years 02 months,540000.0,2025
2025-08,BUKIT MERAH,4 ROOM,90A,TELOK BLANGAH ST 31,25 TO 27,93.0,Model A,2018,92 years 04 months,1120000.0,2025
2025-05,TAMPINES,5 ROOM,609A,TAMPINES NTH DR 1,10 TO 12,113.0,Improved,2020,94 years 06 months,925000.0,2025
2025-03,GEYLANG,3 ROOM,67,CIRCUIT RD,07 TO 09,61.0,Standard,1969,42 years 11 months,350888.0,2025
2026-06,JURONG EAST,3 ROOM,23,TEBAN GDNS RD,37 TO 39,72.0,Model A,2013,86 years 04 months,530000.0,2026
2025-08,SENGKANG,4 ROOM,329B,ANCHORVALE ST,04 TO 06,93.0,Model A,2015,89 years,688000.0,2025
2026-02,CHOA CHU KANG,3 ROOM,6,TECK WHYE AVE,10 TO 12,74.0,Model A,1984,57 years 02 months,435000.0,2026
2025-04,BUKIT MERAH,3 ROOM,36,BEO CRES,04 TO 06,59.0,Standard,1971,45 years 04 months,362888.0,2025
2025-03,TAMPINES,4 ROOM,608A,TAMPINES NTH DR 1,04 TO 06,93.0,Model A,2020,94 years 08 months,715000.0,2025
2026-02,BEDOK,5 ROOM,63,CHAI CHEE RD,07 TO 09,133.0,Model A,1984,57 years 03 months,755000.0,2026
2025-11,MARINE PARADE,4 ROOM,61,MARINE DR,13 TO 15,87.0,Improved,1976,49 years 03 months,680000.0,2025
2025-10,WOODLANDS,4 ROOM,715,WOODLANDS DR 70,07 TO 09,100.0,Model A,1997,70 years 07 months,612000.0,2025
2025-02,WOODLANDS,4 ROOM,363,WOODLANDS AVE 5,07 TO 09,106.0,Model A,1996,70 years 09 months,658888.88,2025
2026-02,BUKIT MERAH,3 ROOM,96B,HENDERSON RD,07 TO 09,68.0,Model A,2019,92 years 04 months,775000.0,2026
2026-06,PUNGGOL,3 ROOM,322C,SUMANG WALK,16 TO 18,68.0,Premium Apartment,2019,91 years 10 months,550000.0,2026
2025-07,ANG MO KIO,4 ROOM,214,ANG MO KIO AVE 3,07 TO 09,82.0,New Generation,1976,49 years 09 months,530000.0,2025
2025-05,BUKIT BATOK,3 ROOM,138,BT BATOK WEST AVE 6,04 TO 06,68.0,New Generation,1984,58 years 04 months,400000.0,2025
2025-03,WOODLANDS,4 ROOM,543,WOODLANDS DR 16,07 TO 09,101.0,Model A,2000,74 years 04 months,575000.0,2025
2025-12,WOODLANDS,3 ROOM,1,MARSILING DR,04 TO 06,65.0,Improved,1974,47 years 08 months,285000.0,2025
2025-05,YISHUN,4 ROOM,479B,YISHUN ST 42,10 TO 12,93.0,Model A,2021,94 years 11 months,626888.0,2025
2025-12,SENGKANG,5 ROOM,259C,COMPASSVALE RD,10 TO 12,110.0,Improved,2000,74 years,735000.0,2025
2025-12,BEDOK,3 ROOM,3,BEDOK STH AVE 1,10 TO 12,59.0,Improved,1976,49 years 02 months,410000.0,2025
2025-03,PUNGGOL,4 ROOM,671A,EDGEFIELD PLAINS,10 TO 12,90.0,Model A,2015,89 years 10 months,670000.0,2025
2025-04,CHOA CHU KANG,5 ROOM,567,CHOA CHU KANG ST 52,04 TO 06,129.0,Improved,1995,69 years 09 months,658000.0,2025
2026-06,HOUGANG,4 ROOM,988C,BUANGKOK GREEN,07 TO 09,93.0,Model A,2015,87 years 09 months,634000.0,2026
2026-01,TAMPINES,4 ROOM,717,TAMPINES ST 72,07 TO 09,100.0,Model A,1997,70 years 05 months,635000.0,2026
2025-08,KALLANG/WHAMPOA,3 ROOM,8B,UPP BOON KENG RD,01 TO 03,70.0,Premium Apartment,2017,90 years 11 months,718000.0,2025
2025-12,SENGKANG,4 ROOM,272D,SENGKANG CTRL,13 TO 15,90.0,Premium Apartment,2009,83 years 01 month,840000.0,2025
2026-06,SERANGOON,5 ROOM,257,SERANGOON CTRL DR,04 TO 06,115.0,Improved,1999,72 years,1000000.0,2026
2025-12,PUNGGOL,4 ROOM,617C,PUNGGOL DR,07 TO 09,93.0,Premium Apartment,2013,86 years 10 months,682000.0,2025
2025-06,CLEMENTI,4 ROOM,454,CLEMENTI AVE 3,16 TO 18,90.0,Model A,2002,76 years 07 months,852000.0,2025
2025-07,JURONG WEST,5 ROOM,158,YUNG LOH RD,13 TO 15,123.0,Improved,1996,69 years 08 months,722500.0,2025
2025-04,YISHUN,4 ROOM,719,YISHUN ST 71,01 TO 03,89.0,Simplified,1987,61 years 06 months,505000.0,2025
2026-05,QUEENSTOWN,4 ROOM,143,MEI LING ST,04 TO 06,109.0,Model A,1995,68 years 04 months,888000.0,2026
2025-08,TOA PAYOH,3 ROOM,142,POTONG PASIR AVE 3,04 TO 06,74.0,Model A,1984,57 years 11 months,625000.0,2025
2025-09,TOA PAYOH,4 ROOM,11,LOR 8 TOA PAYOH,13 TO 15,101.0,Model A,1998,71 years 05 months,737000.0,2025
2026-04,YISHUN,3 ROOM,478B,YISHUN ST 44,01 TO 03,67.0,Model A,2021,93 years 10 months,445000.0,2026
2025-05,PUNGGOL,4 ROOM,260B,PUNGGOL WAY,13 TO 15,93.0,Model A,2016,90 years 02 months,685000.0,2025
2026-05,PUNGGOL,3 ROOM,413C,NORTHSHORE DR,16 TO 18,67.0,Model A,2022,94 years 08 months,610000.0,2026
2025-04,BEDOK,4 ROOM,89,BEDOK NTH ST 4,04 TO 06,89.0,New Generation,1978,52 years 01 month,530000.0,2025
2025-12,MARINE PARADE,3 ROOM,66,MARINE DR,10 TO 12,65.0,Improved,1976,49 years 04 months,495000.0,2025
2025-09,QUEENSTOWN,4 ROOM,48,STRATHMORE AVE,19 TO 21,90.0,Model A,2006,80 years 03 months,990000.0,2025
2026-05,TAMPINES,4 ROOM,842C,TAMPINES ST 82,01 TO 03,108.0,Model A,1995,67 years 09 months,645000.0,2026
2025-11,JURONG WEST,5 ROOM,677C,JURONG WEST ST 64,04 TO 06,110.0,Premium Apartment,2008,81 years 08 months,615000.0,2025
2025-02,HOUGANG,3 ROOM,652,HOUGANG AVE 8,01 TO 03,60.0,Improved,1988,62 years 04 months,380000.0,2025
2026-03,BUKIT PANJANG,5 ROOM,177,LOMPANG RD,04 TO 06,110.0,Improved,2001,74 years 10 months,768000.0,2026
2026-04,WOODLANDS,5 ROOM,622,WOODLANDS DR 52,10 TO 12,121.0,Improved,1998,71 years 04 months,648500.0,2026
2025-08,BEDOK,3 ROOM,522,BEDOK NTH AVE 1,07 TO 09,67.0,New Generation,1979,53 years 02 months,425000.0,2025
2026-01,YISHUN,4 ROOM,671A,YISHUN AVE 4,04 TO 06,93.0,Model A,2018,91 years 01 month,588000.0,2026
2025-12,JURONG WEST,5 ROOM,652B,JURONG WEST ST 61,16 TO 18,110.0,Improved,2002,75 years 07 months,668000.0,2025
2026-02,SENGKANG,4 ROOM,311C,ANCHORVALE LANE,13 TO 15,90.0,Premium Apartment,2002,75 years 10 months,582000.0,2026
2025-05,CHOA CHU KANG,4 ROOM,804A,KEAT HONG CL,07 TO 09,93.0,Model A,2017,91 years 01 month,585000.0,2025
2025-10,WOODLANDS,4 ROOM,887B,WOODLANDS DR 50,13 TO 15,92.0,Premium Apartment,2015,88 years 05 months,680000.0,2025
2025-09,WOODLANDS,3 ROOM,180A,MARSILING RD,25 TO 27,66.0,Model A,2015,88 years 10 months,490000.0,2025
2025-04,WOODLANDS,5 ROOM,134,MARSILING RD,01 TO 03,134.0,Model A,1995,69 years 01 month,680000.0,2025
2025-01,KALLANG/WHAMPOA,4 ROOM,26B,ST. GEORGE'S LANE,31 TO 33,92.0,Model A,2020,94 years 05 months,1250000.0,2025
2025-07,GEYLANG,3 ROOM,97,JLN DUA,07 TO 09,56.0,Standard,1969,42 years 07 months,350000.0,2025
2026-04,YISHUN,4 ROOM,273,YISHUN ST 22,10 TO 12,104.0,Model A,1986,59 years 04 months,538000.0,2026
2026-04,CHOA CHU KANG,4 ROOM,817C,KEAT HONG LINK,22 TO 24,92.0,Model A,2017,90 years 05 months,700000.0,2026
2025-04,WOODLANDS,5 ROOM,168,WOODLANDS ST 11,07 TO 09,121.0,Improved,1986,60 years 08 months,650000.0,2025
2025-10,BUKIT MERAH,3 ROOM,57,HAVELOCK RD,22 TO 24,69.0,Model A,2013,86 years 08 months,840000.0,2025
2025-08,TOA PAYOH,4 ROOM,152,LOR 2 TOA PAYOH,22 TO 24,91.0,Model A,2006,79 years 06 months,928000.0,2025
2026-05,PUNGGOL,4 ROOM,637B,PUNGGOL DR,16 TO 18,90.0,Premium Apartment,2005,77 years 09 months,615000.0,2026
2026-03,SENGKANG,4 ROOM,163A,RIVERVALE CRES,13 TO 15,93.0,Model A,2017,90 years 02 months,638000.0,2026
2025-09,ANG MO KIO,5 ROOM,315B,ANG MO KIO ST 31,01 TO 03,110.0,Improved,2006,79 years 04 months,838000.0,2025
2026-03,BUKIT BATOK,3 ROOM,275,BT BATOK EAST AVE 4,04 TO 06,64.0,Simplified,1987,60 years 09 months,370000.0,2026
2025-11,TOA PAYOH,4 ROOM,130B,LOR 1 TOA PAYOH,16 TO 18,93.0,Model A,2018,91 years 10 months,1110000.0,2025
2026-04,BUKIT BATOK,4 ROOM,453A,BT BATOK WEST AVE 6,19 TO 21,93.0,Model A,2019,92 years,718888.0,2026
2025-05,BISHAN,4 ROOM,269,BISHAN ST 24,13 TO 15,106.0,Model A,1992,66 years 04 months,875000.0,2025
2026-06,TAMPINES,4 ROOM,875B,TAMPINES ST 86,01 TO 03,93.0,Model A,2021,94 years 05 months,700000.0,2026
2025-01,PUNGGOL,5 ROOM,310A,PUNGGOL WALK,04 TO 06,112.0,Premium Apartment,2016,90 years 07 months,840000.0,2025
2025-07,HOUGANG,4 ROOM,996B,BUANGKOK CRES,10 TO 12,93.0,Model A,2019,93 years 03 months,675000.0,2025
2026-02,BUKIT PANJANG,4 ROOM,485,SEGAR RD,13 TO 15,92.0,Model A,2014,87 years 11 months,618000.0,2026
2025-10,SENGKANG,5 ROOM,223C,COMPASSVALE WALK,10 TO 12,121.0,Improved,1999,72 years 06 months,738000.0,2025
2025-09,BEDOK,3 ROOM,134,BEDOK NTH ST 2,01 TO 03,67.0,New Generation,1978,51 years 08 months,420000.0,2025
2025-06,PUNGGOL,4 ROOM,659B,PUNGGOL EAST,01 TO 03,93.0,Model A,2018,92 years 05 months,635000.0,2025
2026-06,PASIR RIS,4 ROOM,253,PASIR RIS ST 21,04 TO 06,107.0,Model A,1993,66 years 07 months,608888.0,2026
2026-02,PASIR RIS,4 ROOM,119,PASIR RIS ST 11,01 TO 03,105.0,Model A,1989,62 years 06 months,600000.0,2026
2025-06,TOA PAYOH,3 ROOM,232,LOR 8 TOA PAYOH,04 TO 06,65.0,Improved,1976,50 years 06 months,363000.0,2025
2025-04,YISHUN,4 ROOM,130,YISHUN ST 11,04 TO 06,108.0,Model A,1985,58 years 11 months,539999.0,2025
2026-03,ANG MO KIO,5 ROOM,714,ANG MO KIO AVE 6,04 TO 06,119.0,Improved,1980,53 years 04 months,740000.0,2026
2026-04,TOA PAYOH,4 ROOM,186,TOA PAYOH CTRL,04 TO 06,78.0,Improved,1972,45 years 04 months,528000.0,2026
2025-03,WOODLANDS,3 ROOM,573C,WOODLANDS DR 16,13 TO 15,68.0,Model A,2018,92 years 04 months,525000.0,2025
2025-03,BUKIT BATOK,5 ROOM,443C,BT BATOK WEST AVE 8,13 TO 15,112.0,Improved,2019,93 years 01 month,838888.0,2025
2025-04,PUNGGOL,5 ROOM,203A,PUNGGOL FIELD,13 TO 15,110.0,Improved,2004,78 years 07 months,730000.0,2025
2025-12,TOA PAYOH,3 ROOM,116,POTONG PASIR AVE 1,04 TO 06,67.0,New Generation,1984,57 years 11 months,412000.0,2025
2026-04,HOUGANG,3 ROOM,991A,BUANGKOK LINK,13 TO 15,68.0,Model A,2019,92 years 03 months,526000.0,2026
2025-10,TOA PAYOH,3 ROOM,118,LOR 1 TOA PAYOH,04 TO 06,65.0,Improved,1968,41 years 08 months,338888.0,2025
2026-01,BUKIT BATOK,5 ROOM,463B,BT BATOK ST 41,10 TO 12,113.0,Improved,2021,94 years 07 months,810000.0,2026
2025-02,TOA PAYOH,5 ROOM,105A,BIDADARI PK DR,13 TO 15,113.0,Improved,2020,94 years 07 months,1370000.0,2025
2026-04,ANG MO KIO,3 ROOM,603,ANG MO KIO AVE 5,07 TO 09,81.0,New Generation,1980,53 years 02 months,475000.0,2026
2026-01,CLEMENTI,4 ROOM,511,WEST COAST DR,07 TO 09,91.0,New Generation,1978,51 years,545000.0,2026
2025-02,PUNGGOL,4 ROOM,211B,PUNGGOL WALK,04 TO 06,92.0,Model A,2014,88 years 03 months,640000.0,2025
2026-01,YISHUN,3 ROOM,431C,YISHUN AVE 1,04 TO 06,67.0,Model A,2015,88 years 08 months,470000.0,2026
2026-03,BUKIT PANJANG,5 ROOM,443C,FAJAR RD,16 TO 18,113.0,Improved,2016,89 years 09 months,788000.0,2026
2025-04,TAMPINES,5 ROOM,352,TAMPINES ST 33,07 TO 09,132.0,Model A,1996,70 years 04 months,747000.0,2025
2025-06,HOUGANG,3 ROOM,698,HOUGANG ST 61,04 TO 06,64.0,Simplified,1986,60 years 04 months,450000.0,2025
2025-01,BUKIT MERAH,3 ROOM,40,BEO CRES,01 TO 03,59.0,Standard,1971,45 years 01 month,358000.0,2025
2025-11,GEYLANG,4 ROOM,330,UBI AVE 1,07 TO 09,84.0,Simplified,1985,59 years 02 months,568888.0,2025
2026-04,WOODLANDS,4 ROOM,897B,WOODLANDS DR 50,01 TO 03,100.0,Model A,1997,70 years 03 months,515000.0,2026
2025-01,BEDOK,4 ROOM,808A,CHAI CHEE RD,01 TO 03,93.0,Model A,2016,91 years,745000.0,2025
2026-02,BUKIT BATOK,3 ROOM,421,BT BATOK WEST AVE 2,10 TO 12,68.0,New Generation,1988,61 years 03 months,389888.0,2026
2026-03,SEMBAWANG,4 ROOM,470,SEMBAWANG DR,04 TO 06,90.0,Model A,2000,73 years 06 months,515000.0,2026
2026-06,YISHUN,5 ROOM,318C,YISHUN AVE 9,04 TO 06,112.0,Improved,2015,88 years 05 months,730000.0,2026
2025-01,BUKIT BATOK,4 ROOM,238,BT BATOK EAST AVE 5,04 TO 06,99.0,New Generation,1986,61 years,515000.0,2025
2026-03,HOUGANG,4 ROOM,477A,UPP SERANGOON VIEW,10 TO 12,95.0,Premium Apartment,2016,89 years,845888.0,2026
2025-04,HOUGANG,4 ROOM,341,HOUGANG AVE 7,10 TO 12,93.0,New Generation,1985,59 years 05 months,585000.0,2025
2025-01,BUKIT MERAH,3 ROOM,105,HENDERSON CRES,10 TO 12,65.0,Improved,1975,49 years 02 months,360000.0,2025
2026-03,QUEENSTOWN,4 ROOM,87,DAWSON RD,22 TO 24,83.0,Premium Apartment,2016,89 years 06 months,1038000.0,2026
2026-04,TOA PAYOH,3 ROOM,118A,ALKAFF CRES,13 TO 15,72.0,Model A,2020,93 years 08 months,880000.0,2026
2025-01,CHOA CHU KANG,5 ROOM,812C,CHOA CHU KANG AVE 7,07 TO 09,113.0,Improved,2017,92 years,690000.0,2025
2025-02,YISHUN,5 ROOM,367,YISHUN RING RD,01 TO 03,122.0,Improved,1988,62 years 07 months,645000.0,2025
2026-05,KALLANG/WHAMPOA,4 ROOM,11,ST. GEORGE'S RD,01 TO 03,84.0,Simplified,1985,57 years 11 months,563000.0,2026
2025-08,BUKIT PANJANG,5 ROOM,501,JELAPANG RD,16 TO 18,124.0,Improved,1998,71 years 09 months,788888.0,2025
2025-09,TAMPINES,5 ROOM,131,SIMEI ST 1,07 TO 09,121.0,Improved,1988,62 years,788000.0,2025
2025-08,TOA PAYOH,4 ROOM,172A,LOR 1 TOA PAYOH,04 TO 06,105.0,Model A,1995,68 years 08 months,760000.0,2025
2026-02,BUKIT PANJANG,5 ROOM,241,BT PANJANG RING RD,04 TO 06,122.0,Improved,1988,61 years 06 months,600000.0,2026
2025-09,WOODLANDS,5 ROOM,785C,WOODLANDS RISE,13 TO 15,113.0,Improved,2018,91 years 11 months,745000.0,2025
2025-10,PUNGGOL,4 ROOM,619C,PUNGGOL DR,10 TO 12,93.0,Premium Apartment,2013,87 years,720000.0,2025
2025-03,YISHUN,3 ROOM,131,YISHUN ST 11,04 TO 06,74.0,Model A,1985,59 years,450000.0,2025
2025-02,ANG MO KIO,3 ROOM,465,ANG MO KIO AVE 10,01 TO 03,68.0,New Generation,1980,54 years 01 month,360000.0,2025
2025-03,SENGKANG,4 ROOM,121A,RIVERVALE DR,01 TO 03,89.0,Model A,2000,74 years 04 months,515000.0,2025
2025-04,ANG MO KIO,3 ROOM,150,ANG MO KIO AVE 5,07 TO 09,68.0,New Generation,1981,54 years 10 months,408000.0,2025
2026-01,WOODLANDS,3 ROOM,204,MARSILING DR,04 TO 06,68.0,New Generation,1981,54 years 04 months,381988.0,2026
2025-07,JURONG WEST,3 ROOM,476,JURONG WEST ST 41,10 TO 12,73.0,Model A,1984,58 years 03 months,445000.0,2025
2026-04,WOODLANDS,5 ROOM,653,WOODLANDS RING RD,01 TO 03,122.0,Improved,1998,71 years,578688.0,2026
2025-02,WOODLANDS,4 ROOM,612,WOODLANDS AVE 4,10 TO 12,101.0,Model A,1998,72 years 07 months,575000.0,2025
2026-02,BUKIT BATOK,4 ROOM,323,BT BATOK ST 33,07 TO 09,89.0,Simplified,1987,60 years 10 months,508000.0,2026
2026-03,BUKIT PANJANG,3 ROOM,636A,SENJA RD,25 TO 27,67.0,Model A,2015,88 years 09 months,558888.0,2026
2025-04,BISHAN,5 ROOM,310,SHUNFU RD,01 TO 03,121.0,Improved,1984,58 years 09 months,905000.0,2025
2025-05,GEYLANG,3 ROOM,82A,CIRCUIT RD,04 TO 06,68.0,Model A,2020,94 years 01 month,748000.0,2025
2025-10,SENGKANG,4 ROOM,471B,FERNVALE ST,13 TO 15,93.0,Model A,2016,89 years 11 months,690000.0,2025
2025-03,BEDOK,3 ROOM,92,BEDOK NTH AVE 4,07 TO 09,82.0,New Generation,1979,53 years 03 months,488000.0,2025
2025-12,SENGKANG,4 ROOM,317B,ANCHORVALE RD,10 TO 12,92.0,Premium Apartment,2003,76 years 07 months,622000.0,2025
2025-12,BEDOK,4 ROOM,766,BEDOK RESERVOIR VIEW,13 TO 15,105.0,Premium Apartment,2000,74 years 01 month,798000.0,2025
2025-11,PUNGGOL,4 ROOM,624A,PUNGGOL CTRL,13 TO 15,96.0,Model A,2014,87 years 06 months,708000.0,2025
2026-05,WOODLANDS,5 ROOM,694C,WOODLANDS DR 62,07 TO 09,113.0,Improved,2018,91 years 04 months,778000.0,2026
2025-03,BUKIT PANJANG,4 ROOM,620,BT PANJANG RING RD,19 TO 21,90.0,Model A,2001,75 years 08 months,563000.0,2025
2026-03,SEMBAWANG,4 ROOM,363A,SEMBAWANG CRES,01 TO 03,93.0,Model A,2019,92 years 03 months,599000.0,2026
2025-12,HOUGANG,3 ROOM,115,HOUGANG AVE 1,04 TO 06,82.0,New Generation,1981,54 years 09 months,470000.0,2025
2026-01,PUNGGOL,4 ROOM,199B,PUNGGOL FIELD,10 TO 12,90.0,Model A,2003,76 years 05 months,588000.0,2026
2025-07,YISHUN,5 ROOM,348B,YISHUN AVE 11,10 TO 12,112.0,DBSS,2013,87 years 03 months,925000.0,2025
2025-06,KALLANG/WHAMPOA,4 ROOM,99,WHAMPOA DR,04 TO 06,91.0,Improved,1974,47 years 09 months,518000.0,2025
2025-10,JURONG WEST,4 ROOM,817,JURONG WEST ST 81,10 TO 12,106.0,Model A,1993,67 years,541000.0,2025
2026-03,GEYLANG,5 ROOM,3,PINE CL,16 TO 18,110.0,Improved,2000,73 years 04 months,1360000.0,2026
2026-05,TAMPINES,4 ROOM,888A,TAMPINES ST 81,10 TO 12,104.0,Model A,1989,61 years 10 months,668000.0,2026
2026-02,SENGKANG,4 ROOM,203E,COMPASSVALE RD,04 TO 06,90.0,Model A,2000,73 years 11 months,577000.0,2026
2025-09,SENGKANG,4 ROOM,209C,COMPASSVALE LANE,07 TO 09,92.0,Model A,2011,85 years 03 months,648000.0,2025
2026-05,BUKIT BATOK,4 ROOM,194B,BT BATOK WEST AVE 6,10 TO 12,92.0,Premium Apartment,2017,90 years 02 months,739000.0,2026
2026-03,HOUGANG,4 ROOM,999B,BUANGKOK CRES,13 TO 15,94.0,Model A,2019,92 years 09 months,688000.0,2026
2025-07,CHOA CHU KANG,4 ROOM,162,JLN TECK WHYE,01 TO 03,101.0,Model A,1998,71 years 08 months,545000.0,2025
2026-01,YISHUN,3 ROOM,673C,YISHUN AVE 4,01 TO 03,68.0,Model A,2018,91 years 11 months,485000.0,2026
2025-04,SENGKANG,4 ROOM,273B,COMPASSVALE LINK,07 TO 09,90.0,Premium Apartment,2009,83 years 05 months,815000.0,2025
2025-09,ANG MO KIO,4 ROOM,588D,ANG MO KIO ST 52,25 TO 27,91.0,DBSS,2011,85 years,1000000.0,2025
2025-12,SENGKANG,5 ROOM,405C,FERNVALE LANE,22 TO 24,112.0,Premium Apartment,2004,77 years 04 months,720888.0,2025
2025-06,TAMPINES,5 ROOM,477,TAMPINES ST 43,01 TO 03,132.0,Model A,1993,67 years 02 months,745000.0,2025
2026-04,YISHUN,3 ROOM,243,YISHUN RING RD,07 TO 09,64.0,Simplified,1985,58 years 06 months,412000.0,2026
2026-05,BUKIT MERAH,4 ROOM,21,JLN MEMBINA,22 TO 24,90.0,Model A,2003,76 years 04 months,1020000.0,2026
2025-03,SERANGOON,3 ROOM,302,SERANGOON AVE 2,01 TO 03,69.0,Improved,1985,59 years,450000.0,2025
2025-07,CLEMENTI,3 ROOM,728,CLEMENTI WEST ST 2,04 TO 06,82.0,New Generation,1980,54 years 01 month,460000.0,2025
2025-12,YISHUN,4 ROOM,507A,YISHUN AVE 4,10 TO 12,93.0,Model A,2018,91 years 05 months,668888.0,2025
2025-12,SENGKANG,5 ROOM,244,COMPASSVALE RD,13 TO 15,116.0,Improved,2000,73 years 09 months,695000.0,2025
2025-06,BEDOK,4 ROOM,431A,BEDOK NTH RD,04 TO 06,94.0,Model A,2021,94 years 11 months,820000.0,2025
2025-01,CHOA CHU KANG,4 ROOM,484A,CHOA CHU KANG AVE 5,04 TO 06,92.0,Model A2,1999,73 years 04 months,525000.0,2025
2025-11,HOUGANG,5 ROOM,655,HOUGANG AVE 8,07 TO 09,120.0,Improved,1987,60 years 11 months,730000.0,2025
2025-03,TOA PAYOH,3 ROOM,53,LOR 5 TOA PAYOH,04 TO 06,68.0,Improved,1968,42 years 04 months,380000.0,2025
2025-02,BUKIT BATOK,5 ROOM,296C,BT BATOK ST 22,22 TO 24,115.0,Premium Apartment,2018,92 years 03 months,992000.0,2025
2026-01,GEYLANG,3 ROOM,17,EUNOS CRES,01 TO 03,59.0,Improved,1977,50 years 05 months,340000.0,2026
2025-01,JURONG WEST,5 ROOM,323,TAH CHING RD,07 TO 09,121.0,Improved,1997,71 years 05 months,645000.0,2025
2025-01,SEMBAWANG,5 ROOM,312,SEMBAWANG DR,13 TO 15,120.0,Improved,1999,73 years 04 months,650000.0,2025
2025-11,BISHAN,4 ROOM,271,BISHAN ST 24,04 TO 06,104.0,Model A,1992,65 years 10 months,845000.0,2025
2025-04,WOODLANDS,4 ROOM,183C,WOODLANDS ST 13,22 TO 24,93.0,Model A,2019,93 years 07 months,708000.0,2025
2025-06,BUKIT PANJANG,5 ROOM,611,BT PANJANG RING RD,19 TO 21,111.0,Improved,2002,76 years,762388.0,2025
2025-04,CHOA CHU KANG,4 ROOM,818B,CHOA CHU KANG AVE 1,16 TO 18,92.0,Model A,2017,91 years 06 months,673888.0,2025
2026-06,ANG MO KIO,4 ROOM,227A,ANG MO KIO ST 23,01 TO 03,93.0,Model A,2021,94 years 04 months,940000.0,2026
2025-05,CLEMENTI,4 ROOM,312C,CLEMENTI AVE 4,25 TO 27,93.0,Model A,2017,91 years 04 months,1085888.0,2025
2025-12,SENGKANG,5 ROOM,314A,ANCHORVALE LINK,07 TO 09,110.0,Premium Apartment,2003,76 years 05 months,671000.0,2025
2026-02,CHOA CHU KANG,4 ROOM,682,CHOA CHU KANG CRES,07 TO 09,106.0,Premium Apartment,1999,72 years 08 months,535000.0,2026
2025-12,GEYLANG,4 ROOM,99,ALJUNIED CRES,01 TO 03,92.0,New Generation,1978,51 years 02 months,548000.0,2025
2025-05,YISHUN,4 ROOM,425,YISHUN AVE 11,04 TO 06,104.0,Model A,1988,62 years 04 months,550000.0,2025
2026-01,TAMPINES,5 ROOM,455,TAMPINES ST 42,04 TO 06,122.0,Improved,1988,61 years 01 month,780000.0,2026
2026-01,SENGKANG,4 ROOM,326B,ANCHORVALE RD,01 TO 03,92.0,Premium Apartment,2015,88 years 04 months,640000.0,2026
2025-05,PASIR RIS,4 ROOM,640,PASIR RIS DR 1,01 TO 03,110.0,Model A,1995,69 years,643000.0,2025
2025-11,SEMBAWANG,3 ROOM,103A,CANBERRA ST,04 TO 06,69.0,Model A,2020,94 years 02 months,518000.0,2025
2025-02,BUKIT BATOK,4 ROOM,391,BT BATOK WEST AVE 5,19 TO 21,90.0,Model A,2004,78 years 08 months,588000.0,2025
2025-07,KALLANG/WHAMPOA,3 ROOM,34,JLN BAHAGIA,04 TO 06,56.0,Standard,1970,44 years,324000.0,2025
2026-04,BUKIT PANJANG,5 ROOM,651,SENJA LINK,13 TO 15,110.0,Premium Apartment,2001,74 years 06 months,685000.0,2026
2025-01,PUNGGOL,3 ROOM,325B,SUMANG WALK,01 TO 03,68.0,Premium Apartment,2020,94 years 02 months,485000.0,2025
2025-08,WOODLANDS,4 ROOM,780C,WOODLANDS CRES,07 TO 09,92.0,Model A,2015,88 years 11 months,575000.0,2025
2025-04,TAMPINES,3 ROOM,242,TAMPINES ST 21,04 TO 06,67.0,New Generation,1984,58 years 07 months,495000.0,2025
2025-04,YISHUN,4 ROOM,208,YISHUN ST 21,04 TO 06,96.0,New Generation,1985,59 years 06 months,580888.0,2025
2026-06,KALLANG/WHAMPOA,3 ROOM,20,ST. GEORGE'S RD,04 TO 06,67.0,New Generation,1984,57 years 05 months,445000.0,2026
2025-11,SERANGOON,4 ROOM,221,SERANGOON AVE 4,07 TO 09,92.0,New Generation,1984,58 years 02 months,593888.0,2025
2025-05,PUNGGOL,5 ROOM,162B,PUNGGOL CTRL,13 TO 15,114.0,Premium Apartment,2004,78 years 01 month,760000.0,2025
2025-11,TOA PAYOH,3 ROOM,66,LOR 4 TOA PAYOH,01 TO 03,72.0,Standard,1969,42 years 03 months,438000.0,2025
2025-05,CHOA CHU KANG,3 ROOM,811B,CHOA CHU KANG AVE 7,10 TO 12,68.0,Model A,2017,91 years 06 months,505000.0,2025
2025-10,BEDOK,3 ROOM,103,BEDOK NTH AVE 4,04 TO 06,67.0,New Generation,1977,50 years 10 months,400000.0,2025
2025-03,SERANGOON,4 ROOM,301,SERANGOON AVE 2,04 TO 06,93.0,New Generation,1985,58 years 11 months,668000.0,2025
2025-12,SENGKANG,5 ROOM,148,RIVERVALE CRES,07 TO 09,116.0,Improved,1999,72 years 08 months,670000.0,2025
2025-02,KALLANG/WHAMPOA,3 ROOM,26A,ST. GEORGE'S LANE,04 TO 06,68.0,Model A,2020,94 years 04 months,767000.0,2025
2025-07,WOODLANDS,4 ROOM,311,WOODLANDS ST 31,04 TO 06,103.0,Model A,1993,67 years 03 months,555000.0,2025
2026-04,CHOA CHU KANG,4 ROOM,811B,CHOA CHU KANG AVE 7,04 TO 06,93.0,Model A,2017,90 years 07 months,570000.0,2026
2026-02,WOODLANDS,4 ROOM,896A,WOODLANDS DR 50,04 TO 06,99.0,Model A,1997,69 years 11 months,545000.0,2026
2025-02,BUKIT PANJANG,4 ROOM,618,SENJA RD,04 TO 06,85.0,Model A2,2002,76 years 03 months,535000.0,2025
2025-02,JURONG WEST,5 ROOM,678D,JURONG WEST ST 64,13 TO 15,110.0,Premium Apartment,2008,82 years 05 months,618000.0,2025
2025-01,CLEMENTI,4 ROOM,440B,CLEMENTI AVE 3,10 TO 12,94.0,Model A,2018,92 years 09 months,1100000.0,2025
2025-02,SENGKANG,4 ROOM,356A,ANCHORVALE LANE,01 TO 03,93.0,Model A,2021,95 years 01 month,645000.0,2025
2025-07,PUNGGOL,3 ROOM,120B,EDGEDALE PLAINS,04 TO 06,68.0,Model A,2017,90 years 10 months,540000.0,2025
2025-08,PUNGGOL,4 ROOM,168C,PUNGGOL FIELD,07 TO 09,93.0,Model A,2014,87 years 09 months,638000.0,2025
2025-07,CLEMENTI,4 ROOM,610,CLEMENTI WEST ST 1,01 TO 03,104.0,Model A,1983,57 years 02 months,530000.0,2025
2025-06,CLEMENTI,5 ROOM,103,CLEMENTI ST 14,07 TO 09,121.0,Improved,1984,58 years 07 months,980000.0,2025
2026-03,TOA PAYOH,3 ROOM,20,LOR 7 TOA PAYOH,04 TO 06,67.0,Improved,1970,43 years 05 months,325000.0,2026
2025-02,PUNGGOL,4 ROOM,312B,SUMANG LINK,10 TO 12,92.0,Model A,2015,89 years 06 months,700000.0,2025
2025-07,ANG MO KIO,3 ROOM,621,ANG MO KIO AVE 9,07 TO 09,68.0,New Generation,1980,54 years 03 months,450000.0,2025
2025-03,SENGKANG,4 ROOM,445B,FERNVALE RD,13 TO 15,94.0,Model A,2012,86 years 09 months,668000.0,2025
2025-07,JURONG EAST,5 ROOM,228,JURONG EAST ST 21,10 TO 12,122.0,Improved,1987,61 years 05 months,725000.0,2025
2025-11,CENTRAL AREA,3 ROOM,533,UPP CROSS ST,07 TO 09,60.0,Improved,1980,53 years 10 months,570000.0,2025
2025-01,SENGKANG,4 ROOM,271A,SENGKANG CTRL,10 TO 12,93.0,Premium Apartment,2010,84 years 05 months,816000.0,2025
2025-07,PUNGGOL,4 ROOM,308C,PUNGGOL WALK,04 TO 06,92.0,Premium Apartment,2016,89 years 09 months,708000.0,2025
2026-06,HOUGANG,5 ROOM,927,HOUGANG ST 91,10 TO 12,120.0,Improved,1998,71 years 07 months,785000.0,2026
2025-10,CHOA CHU KANG,5 ROOM,507,CHOA CHU KANG ST 51,10 TO 12,135.0,Model A,1994,68 years 01 month,720000.0,2025
2025-01,BUKIT PANJANG,4 ROOM,459,SEGAR RD,07 TO 09,93.0,Premium Apartment,2015,89 years 09 months,605000.0,2025
2026-03,JURONG WEST,5 ROOM,517A,JURONG WEST ST 52,07 TO 09,115.0,Improved,2000,73 years 02 months,818000.0,2026
2025-09,BEDOK,5 ROOM,97,BEDOK NTH AVE 4,25 TO 27,125.0,Standard,1978,52 years 02 months,750000.0,2025
2026-03,ANG MO KIO,3 ROOM,650,ANG MO KIO ST 61,19 TO 21,67.0,Model A,2015,88 years 09 months,713000.0,2026
2026-01,GEYLANG,5 ROOM,128,GEYLANG EAST AVE 1,07 TO 09,132.0,Model A,1983,56 years 08 months,910000.0,2026
2025-11,WOODLANDS,4 ROOM,703,WOODLANDS DR 40,07 TO 09,100.0,Model A,1996,70 years,566000.0,2025
2025-04,SEMBAWANG,4 ROOM,501C,WELLINGTON CIRCLE,10 TO 12,90.0,Model A,2001,75 years 05 months,560000.0,2025
2025-03,BUKIT BATOK,4 ROOM,229,BT BATOK EAST AVE 3,01 TO 03,97.0,New Generation,1985,59 years 01 month,490000.0,2025
2026-03,TOA PAYOH,4 ROOM,86,LOR 2 TOA PAYOH,01 TO 03,104.0,Model A,1997,70 years 02 months,775088.0,2026
2025-04,BUKIT MERAH,3 ROOM,136,JLN BT MERAH,01 TO 03,70.0,Improved,1975,49 years 02 months,351000.0,2025
2026-01,SEMBAWANG,5 ROOM,484,ADMIRALTY LINK,01 TO 03,110.0,Improved,2003,76 years 07 months,550000.0,2026
2026-05,SEMBAWANG,4 ROOM,126B,CANBERRA ST,10 TO 12,93.0,Model A,2021,93 years 08 months,718000.0,2026
2026-05,GEYLANG,5 ROOM,417,EUNOS RD 5,04 TO 06,142.0,Model A-Maisonette,1984,57 years 06 months,988000.0,2026
2026-03,YISHUN,4 ROOM,728,YISHUN ST 71,01 TO 03,84.0,Simplified,1987,59 years 10 months,475000.0,2026
2025-05,BUKIT PANJANG,4 ROOM,625,SENJA RD,16 TO 18,90.0,Premium Apartment,2004,78 years 06 months,578000.0,2025
2025-04,WOODLANDS,4 ROOM,183C,WOODLANDS ST 13,10 TO 12,93.0,Model A,2019,93 years 07 months,705000.0,2025
2026-01,TAMPINES,4 ROOM,876C,TAMPINES AVE 8,13 TO 15,93.0,Model A,2021,94 years 09 months,768000.0,2026
2025-05,HOUGANG,4 ROOM,994A,BUANGKOK LINK,13 TO 15,93.0,Model A,2021,94 years 09 months,675888.0,2025
2025-07,CHOA CHU KANG,4 ROOM,804B,KEAT HONG CL,04 TO 06,93.0,Model A,2017,90 years 11 months,585000.0,2025
2025-07,CLEMENTI,3 ROOM,427,CLEMENTI AVE 3,10 TO 12,67.0,New Generation,1978,51 years 11 months,472000.0,2025
2026-02,TAMPINES,5 ROOM,167A,SIMEI LANE,04 TO 06,107.0,DBSS,2011,84 years 02 months,942888.0,2026
2025-09,GEYLANG,4 ROOM,341,UBI AVE 1,07 TO 09,104.0,Model A,1985,59 years,645000.0,2025
2025-02,BEDOK,3 ROOM,550,BEDOK NTH AVE 1,10 TO 12,68.0,New Generation,1980,54 years 05 months,415000.0,2025
2026-05,PUNGGOL,4 ROOM,305D,PUNGGOL DR,16 TO 18,97.0,Premium Apartment,2012,85 years 03 months,738000.0,2026
2026-01,BUKIT MERAH,4 ROOM,102,HENDERSON CRES,01 TO 03,80.0,Standard,1970,43 years 07 months,498000.0,2026
2025-05,YISHUN,3 ROOM,287,YISHUN AVE 6,07 TO 09,74.0,Model A,1985,59 years 04 months,420000.0,2025
2026-06,BUKIT MERAH,5 ROOM,94,HAVELOCK RD,10 TO 12,118.0,Improved,1983,56 years 03 months,975000.0,2026
2026-01,PUNGGOL,4 ROOM,270A,PUNGGOL FIELD,16 TO 18,97.0,Premium Apartment,2013,86 years 01 month,805000.0,2026
2025-10,PUNGGOL,5 ROOM,618C,PUNGGOL DR,13 TO 15,118.0,Premium Apartment,2013,87 years,900000.0,2025
2026-01,CHOA CHU KANG,5 ROOM,485A,CHOA CHU KANG AVE 5,16 TO 18,116.0,Improved,1999,72 years 05 months,700000.0,2026
2025-01,YISHUN,5 ROOM,511B,YISHUN ST 51,13 TO 15,113.0,Improved,2017,91 years 08 months,755000.0,2025
2025-01,BEDOK,5 ROOM,413,BEDOK NTH AVE 2,07 TO 09,119.0,Improved,1979,53 years 05 months,720000.0,2025
2025-05,PASIR RIS,4 ROOM,476,PASIR RIS DR 6,10 TO 12,114.0,Model A,1989,63 years 06 months,650000.0,2025
2025-11,BUKIT MERAH,3 ROOM,21,TELOK BLANGAH CRES,07 TO 09,65.0,Improved,1975,48 years 07 months,370000.0,2025
2025-02,CLEMENTI,5 ROOM,605,CLEMENTI WEST ST 1,10 TO 12,119.0,Improved,1979,53 years 10 months,678000.0,2025
2025-04,PUNGGOL,4 ROOM,612D,PUNGGOL DR,10 TO 12,93.0,Model A,2012,86 years 08 months,690888.0,2025
2025-06,SEMBAWANG,5 ROOM,467B,ADMIRALTY DR,01 TO 03,118.0,Premium Apartment,2001,75 years 01 month,572500.0,2025
2026-05,SENGKANG,5 ROOM,252,COMPASSVALE ST,04 TO 06,116.0,Improved,2000,73 years 06 months,595000.0,2026
2025-09,SENGKANG,4 ROOM,207A,COMPASSVALE LANE,10 TO 12,92.0,Model A,2005,78 years 05 months,585000.0,2025
2025-04,PASIR RIS,4 ROOM,772,PASIR RIS ST 71,01 TO 03,105.0,Model A,1996,70 years 05 months,610888.0,2025
2025-08,WOODLANDS,5 ROOM,787E,WOODLANDS CRES,10 TO 12,122.0,Improved,1997,71 years 03 months,665000.0,2025
2026-03,JURONG WEST,4 ROOM,276B,JURONG WEST AVE 3,01 TO 03,90.0,Model A,2002,75 years 01 month,490000.0,2026
2025-03,QUEENSTOWN,4 ROOM,79,DAWSON RD,34 TO 36,88.0,Model A,2020,94 years 09 months,1150000.0,2025
2025-12,SEMBAWANG,5 ROOM,341B,SEMBAWANG CL,07 TO 09,111.0,Premium Apartment,2001,74 years 07 months,680000.0,2025
2026-06,TOA PAYOH,5 ROOM,81,LOR 4 TOA PAYOH,04 TO 06,121.0,Improved,1997,69 years 10 months,1020888.0,2026
2025-08,PUNGGOL,4 ROOM,663C,PUNGGOL DR,07 TO 09,90.0,Model A,2016,89 years 11 months,675000.0,2025
2026-02,CLEMENTI,4 ROOM,461,CLEMENTI AVE 3,10 TO 12,90.0,Model A,2006,79 years 09 months,908888.0,2026
2025-02,BEDOK,3 ROOM,220A,BEDOK CTRL,04 TO 06,62.0,Model A,2010,84 years 05 months,655000.0,2025
2025-10,BEDOK,3 ROOM,55,CHAI CHEE DR,10 TO 12,76.0,Model A,1984,57 years 07 months,460000.0,2025
2025-01,WOODLANDS,5 ROOM,684D,WOODLANDS DR 73,10 TO 12,120.0,Premium Apartment,2000,74 years 03 months,660000.0,2025
2025-04,SEMBAWANG,4 ROOM,126D,CANBERRA ST,07 TO 09,93.0,Model A,2020,94 years 07 months,700000.0,2025
2025-06,ANG MO KIO,4 ROOM,204,ANG MO KIO AVE 3,01 TO 03,92.0,New Generation,1977,50 years 08 months,548000.0,2025
2025-12,TOA PAYOH,3 ROOM,105,POTONG PASIR AVE 1,10 TO 12,74.0,Model A,1984,57 years 07 months,573000.0,2025
2025-04,SEMBAWANG,5 ROOM,312,SEMBAWANG DR,04 TO 06,121.0,Improved,1999,73 years,674000.0,2025
2026-01,JURONG WEST,4 ROOM,617,JURONG WEST ST 65,13 TO 15,85.0,Model A2,2000,73 years 11 months,525000.0,2026
2025-05,BEDOK,3 ROOM,748C,BEDOK RESERVOIR CRES,13 TO 15,66.0,DBSS,2014,88 years 04 months,683000.0,2025
2025-04,QUEENSTOWN,3 ROOM,33,GHIM MOH LINK,04 TO 06,68.0,Model A,2018,92 years 03 months,630000.0,2025
2025-09,BUKIT PANJANG,4 ROOM,546B,SEGAR RD,07 TO 09,92.0,Model A,2015,88 years 10 months,608888.0,2025
2025-05,WOODLANDS,4 ROOM,651,WOODLANDS RING RD,10 TO 12,101.0,Model A,1998,72 years 02 months,630000.0,2025
2026-06,PUNGGOL,3 ROOM,310B,PUNGGOL WALK,07 TO 09,67.0,Premium Apartment,2016,89 years 01 month,550000.0,2026
2026-04,WOODLANDS,5 ROOM,711,WOODLANDS DR 70,04 TO 06,119.0,Improved,1997,70 years,630000.0,2026
2025-06,TAMPINES,3 ROOM,467,TAMPINES ST 44,10 TO 12,74.0,Model A,1987,61 years,458000.0,2025
2025-03,KALLANG/WHAMPOA,4 ROOM,5,BOON KENG RD,04 TO 06,108.0,Model A,1996,70 years 07 months,850000.0,2025
2025-05,HOUGANG,5 ROOM,643,HOUGANG AVE 8,16 TO 18,120.0,Improved,1987,61 years 04 months,800088.0,2025
2025-03,CLEMENTI,4 ROOM,202,CLEMENTI AVE 6,04 TO 06,93.0,New Generation,1985,58 years 11 months,575000.0,2025
2025-07,ANG MO KIO,3 ROOM,590B,ANG MO KIO ST 51,04 TO 06,68.0,Model A,2019,92 years 08 months,638000.0,2025
2025-11,YISHUN,4 ROOM,511B,YISHUN ST 51,10 TO 12,93.0,Model A,2017,90 years 09 months,575000.0,2025
2025-11,SENGKANG,4 ROOM,324B,SENGKANG EAST WAY,04 TO 06,90.0,Model A,2003,76 years 06 months,600000.0,2025
2025-04,SERANGOON,4 ROOM,204,SERANGOON CTRL,01 TO 03,89.0,Simplified,1985,59 years 06 months,670000.0,2025
2026-05,TOA PAYOH,4 ROOM,104A,BIDADARI PK DR,04 TO 06,93.0,Model A,2021,94 years 02 months,1063888.0,2026
2025-04,YISHUN,3 ROOM,219,YISHUN ST 21,04 TO 06,68.0,New Generation,1985,59 years 07 months,439888.0,2025
2026-02,WOODLANDS,4 ROOM,786E,WOODLANDS DR 60,10 TO 12,91.0,Model A2,1997,70 years 07 months,530000.0,2026
2026-05,JURONG EAST,3 ROOM,257,JURONG EAST ST 24,01 TO 03,67.0,New Generation,1983,55 years 09 months,408000.0,2026
2025-06,JURONG WEST,4 ROOM,441,JURONG WEST AVE 1,01 TO 03,103.0,Model A,1984,58 years 02 months,505000.0,2025
2026-05,WOODLANDS,4 ROOM,840,WOODLANDS ST 82,01 TO 03,84.0,Simplified,1994,67 years 01 month,475000.0,2026
2025-09,WOODLANDS,4 ROOM,872,WOODLANDS ST 81,07 TO 09,115.0,Model A,1996,69 years 08 months,580000.0,2025
2025-05,WOODLANDS,5 ROOM,687B,WOODLANDS DR 75,10 TO 12,114.0,Premium Apartment,2003,76 years 10 months,615000.0,2025
2026-01,WOODLANDS,4 ROOM,183C,WOODLANDS ST 13,04 TO 06,93.0,Model A,2019,92 years 10 months,650000.0,2026
2025-04,ANG MO KIO,5 ROOM,551,ANG MO KIO AVE 10,19 TO 21,118.0,Improved,1981,54 years 10 months,740000.0,2025
2025-01,BUKIT BATOK,4 ROOM,369,BT BATOK ST 31,01 TO 03,84.0,Simplified,1985,60 years 01 month,495000.0,2025
2025-02,SENGKANG,5 ROOM,434B,FERNVALE RD,16 TO 18,113.0,Premium Apartment,2013,87 years 05 months,780000.0,2025
2026-04,BISHAN,5 ROOM,288,BISHAN ST 24,13 TO 15,123.0,Premium Apartment,1998,71 years 03 months,1138888.0,2026
2025-12,BUKIT MERAH,3 ROOM,86,REDHILL CL,07 TO 09,59.0,Improved,1973,46 years 01 month,410000.0,2025
2025-03,TOA PAYOH,3 ROOM,115A,ALKAFF CRES,10 TO 12,68.0,Model A,2020,94 years 10 months,801000.0,2025
2025-09,CLEMENTI,3 ROOM,711,CLEMENTI WEST ST 2,10 TO 12,67.0,New Generation,1980,54 years 02 months,400000.0,2025
2025-06,BUKIT BATOK,5 ROOM,463A,BT BATOK ST 41,13 TO 15,113.0,Improved,2021,95 years 02 months,870000.0,2025
2025-02,TAMPINES,3 ROOM,217,TAMPINES ST 23,04 TO 06,67.0,New Generation,1986,60 years 01 month,460000.0,2025
2025-07,PUNGGOL,4 ROOM,138,EDGEDALE PLAINS,16 TO 18,91.0,Premium Apartment,2003,77 years 04 months,600000.0,2025
2025-09,WOODLANDS,4 ROOM,694A,WOODLANDS DR 62,07 TO 09,92.0,Model A,2018,92 years 01 month,656000.0,2025
2025-03,TOA PAYOH,4 ROOM,118A,ALKAFF CRES,10 TO 12,93.0,Model A,2020,94 years 09 months,1080000.0,2025
2026-01,CLEMENTI,4 ROOM,445B,CLEMENTI AVE 3,31 TO 33,93.0,Model A,2021,94 years 06 months,1300088.0,2026
2026-01,WOODLANDS,4 ROOM,168,WOODLANDS ST 11,07 TO 09,98.0,New Generation,1986,59 years 11 months,502000.0,2026
2025-01,KALLANG/WHAMPOA,4 ROOM,113A,MCNAIR RD,16 TO 18,93.0,Premium Apartment,2017,92 years 01 month,1040000.0,2025
2025-01,ANG MO KIO,4 ROOM,438,ANG MO KIO AVE 10,07 TO 09,92.0,New Generation,1979,53 years 01 month,575000.0,2025
2026-04,JURONG WEST,4 ROOM,183A,BOON LAY AVE,07 TO 09,92.0,Model A,2015,87 years 09 months,612888.0,2026
2026-04,WOODLANDS,5 ROOM,576,WOODLANDS DR 16,04 TO 06,110.0,Improved,2000,73 years 09 months,588000.0,2026
2025-02,WOODLANDS,5 ROOM,719,WOODLANDS AVE 6,04 TO 06,120.0,Improved,1997,71 years 04 months,688888.0,2025
2025-06,TAMPINES,4 ROOM,148,SIMEI ST 1,10 TO 12,103.0,Model A,1988,61 years 10 months,662500.0,2025
2025-07,SENGKANG,5 ROOM,293B,COMPASSVALE CRES,07 TO 09,113.0,Improved,2016,90 years 04 months,835000.0,2025
2025-09,BEDOK,3 ROOM,128,BEDOK NTH ST 2,10 TO 12,67.0,New Generation,1978,51 years 08 months,410000.0,2025
2025-11,TAMPINES,4 ROOM,250,TAMPINES ST 21,04 TO 06,103.0,Model A,1984,58 years 02 months,600000.0,2025
2025-06,BEDOK,5 ROOM,147,BEDOK RESERVOIR RD,13 TO 15,122.0,Improved,1987,60 years 09 months,765000.0,2025
2025-11,GEYLANG,3 ROOM,62,CIRCUIT RD,04 TO 06,56.0,Standard,1967,40 years 03 months,326500.0,2025
2025-01,WOODLANDS,4 ROOM,727,WOODLANDS CIRCLE,10 TO 12,103.0,Model A,1997,71 years 07 months,580666.0,2025
2025-01,JURONG WEST,4 ROOM,484,JURONG WEST AVE 1,04 TO 06,93.0,New Generation,1985,59 years 07 months,490000.0,2025
2026-04,CLEMENTI,5 ROOM,416,CLEMENTI AVE 1,31 TO 33,113.0,Improved,2013,86 years 05 months,1208000.0,2026
2026-01,PUNGGOL,4 ROOM,612D,PUNGGOL DR,10 TO 12,93.0,Model A,2012,86 years,692000.0,2026
2026-05,PUNGGOL,4 ROOM,314A,PUNGGOL WAY,04 TO 06,93.0,Premium Apartment,2017,90 years 05 months,680000.0,2026
2025-08,CHOA CHU KANG,4 ROOM,293,CHOA CHU KANG AVE 3,10 TO 12,104.0,Model A,1993,66 years 11 months,572300.0,2025
2026-04,BUKIT PANJANG,5 ROOM,443B,FAJAR RD,16 TO 18,113.0,Improved,2016,89 years 09 months,838000.0,2026
2025-07,BUKIT MERAH,5 ROOM,48,TELOK BLANGAH DR,04 TO 06,123.0,Standard,1976,50 years 05 months,720000.0,2025
2025-04,PUNGGOL,5 ROOM,105A,EDGEFIELD PLAINS,04 TO 06,110.0,Improved,2003,77 years 03 months,644000.0,2025
2025-10,ANG MO KIO,4 ROOM,229,ANG MO KIO AVE 3,04 TO 06,92.0,New Generation,1978,51 years 04 months,570000.0,2025
2025-11,PUNGGOL,3 ROOM,683A,EDGEDALE PLAINS,16 TO 18,68.0,Premium Apartment,2018,91 years 10 months,600000.0,2025
2025-08,ANG MO KIO,3 ROOM,345,ANG MO KIO AVE 3,10 TO 12,88.0,New Generation,1978,51 years 09 months,553000.0,2025
2025-02,GEYLANG,3 ROOM,31,EUNOS CRES,01 TO 03,60.0,Model A,2007,81 years 01 month,630000.0,2025
2026-06,TOA PAYOH,3 ROOM,126,LOR 1 TOA PAYOH,04 TO 06,67.0,Improved,1970,42 years 08 months,370000.0,2026
2026-01,WOODLANDS,5 ROOM,742,WOODLANDS CIRCLE,07 TO 09,122.0,Improved,1997,70 years 07 months,648888.0,2026
2025-01,BUKIT BATOK,3 ROOM,242,BT BATOK EAST AVE 5,10 TO 12,67.0,New Generation,1985,60 years,403888.0,2025
2025-08,PUNGGOL,4 ROOM,677A,PUNGGOL DR,16 TO 18,93.0,Premium Apartment,2016,90 years 02 months,750000.0,2025
2025-07,TOA PAYOH,3 ROOM,105,POTONG PASIR AVE 1,07 TO 09,74.0,Model A,1984,58 years,590000.0,2025
2025-07,PUNGGOL,5 ROOM,288A,PUNGGOL PL,13 TO 15,115.0,Premium Apartment,2013,86 years 08 months,980000.0,2025
2026-04,TAMPINES,4 ROOM,874D,TAMPINES ST 85,07 TO 09,93.0,Model A,2021,94 years 07 months,750000.0,2026
2025-08,CLEMENTI,4 ROOM,311B,CLEMENTI AVE 4,37 TO 39,80.0,DBSS,2014,88 years 05 months,1020000.0,2025
2025-08,CLEMENTI,5 ROOM,311B,CLEMENTI AVE 4,16 TO 18,105.0,DBSS,2014,88 years 04 months,1275000.0,2025
2026-02,JURONG WEST,4 ROOM,447,JURONG WEST ST 42,10 TO 12,103.0,Model A,1984,57 years 05 months,535000.0,2026
2025-01,JURONG WEST,5 ROOM,517E,JURONG WEST ST 52,01 TO 03,115.0,Improved,2000,74 years 06 months,735000.0,2025
2026-04,BUKIT MERAH,4 ROOM,91A,TELOK BLANGAH ST 31,28 TO 30,93.0,Model A,2018,91 years 09 months,1028000.0,2026
2025-07,SEMBAWANG,3 ROOM,365A,SEMBAWANG CRES,13 TO 15,68.0,Model A,2019,92 years 09 months,525000.0,2025
2025-06,ANG MO KIO,3 ROOM,421,ANG MO KIO AVE 10,04 TO 06,74.0,New Generation,1979,53 years 03 months,450000.0,2025
2026-04,TAMPINES,5 ROOM,364,TAMPINES ST 34,04 TO 06,120.0,Improved,1997,70 years 01 month,728888.0,2026
2025-06,SENGKANG,5 ROOM,157D,RIVERVALE CRES,07 TO 09,110.0,Premium Apartment,2003,77 years 05 months,630000.0,2025
2025-02,TAMPINES,5 ROOM,216,TAMPINES ST 23,01 TO 03,121.0,Improved,1985,59 years 02 months,708888.0,2025
2025-02,HOUGANG,4 ROOM,464,UPP SERANGOON RD,07 TO 09,104.0,Model A,1992,66 years 09 months,652000.0,2025
2025-07,BUKIT BATOK,5 ROOM,451B,BT BATOK WEST AVE 6,19 TO 21,115.0,Improved,2019,92 years 08 months,838000.0,2025
2026-06,PUNGGOL,4 ROOM,663B,PUNGGOL DR,07 TO 09,90.0,Model A,2016,89 years 01 month,640000.0,2026
2026-03,TOA PAYOH,4 ROOM,102B,BIDADARI PK DR,04 TO 06,93.0,Model A,2021,94 years 03 months,1025000.0,2026
2025-02,KALLANG/WHAMPOA,3 ROOM,76,LOR LIMAU,13 TO 15,65.0,Improved,1973,47 years 06 months,380000.0,2025
2025-12,JURONG WEST,3 ROOM,185,BOON LAY AVE,13 TO 15,68.0,Improved,1975,48 years 11 months,342500.0,2025
2025-02,SERANGOON,4 ROOM,145,SERANGOON NTH AVE 1,01 TO 03,83.0,Simplified,1986,60 years 08 months,500000.0,2025
2026-02,BUKIT BATOK,3 ROOM,534,BT BATOK ST 51,10 TO 12,69.0,Improved,1987,60 years 05 months,410000.0,2026
2025-08,HOUGANG,4 ROOM,970,HOUGANG ST 91,10 TO 12,101.0,Model A,1999,73 years 06 months,618888.0,2025
2025-02,SEMBAWANG,4 ROOM,101B,CANBERRA ST,10 TO 12,93.0,Model A,2020,94 years 10 months,640000.0,2025
2025-12,WOODLANDS,4 ROOM,573A,WOODLANDS DR 16,07 TO 09,93.0,Model A,2018,91 years 06 months,653000.0,2025
2026-04,PUNGGOL,4 ROOM,227A,SUMANG LANE,13 TO 15,92.0,Premium Apartment,2018,90 years 11 months,645888.0,2026
2025-10,JURONG WEST,4 ROOM,851,JURONG WEST ST 81,04 TO 06,108.0,Model A,1996,69 years 07 months,503888.0,2025
2025-01,JURONG WEST,4 ROOM,902,JURONG WEST ST 91,01 TO 03,103.0,Model A,1988,62 years 08 months,470000.0,2025
2025-03,WOODLANDS,4 ROOM,739,WOODLANDS CIRCLE,10 TO 12,100.0,Model A2,1997,71 years 06 months,553000.0,2025
2026-06,BEDOK,4 ROOM,65,NEW UPP CHANGI RD,07 TO 09,92.0,New Generation,1978,51 years,485000.0,2026
2026-01,CHOA CHU KANG,5 ROOM,487B,CHOA CHU KANG AVE 5,07 TO 09,113.0,Improved,2016,89 years 05 months,708000.0,2026
2026-06,HOUGANG,3 ROOM,174A,HOUGANG AVE 1,13 TO 15,66.0,Model A,2014,86 years 08 months,530000.0,2026
2025-04,CHOA CHU KANG,4 ROOM,676A,CHOA CHU KANG CRES,01 TO 03,104.0,Premium Apartment,1999,73 years 09 months,550000.0,2025
2025-12,YISHUN,3 ROOM,801,YISHUN RING RD,01 TO 03,64.0,Simplified,1986,59 years 08 months,435000.0,2025
2025-04,BUKIT MERAH,4 ROOM,70C,TELOK BLANGAH HTS,19 TO 21,93.0,Model A,2017,91 years 02 months,1000000.0,2025
2025-09,BEDOK,3 ROOM,144,BEDOK RESERVOIR RD,04 TO 06,64.0,Simplified,1987,60 years 06 months,475000.0,2025
2025-05,BISHAN,4 ROOM,503,BISHAN ST 11,04 TO 06,113.0,Model A,1989,63 years 06 months,980000.0,2025
2025-12,HOUGANG,4 ROOM,547,HOUGANG ST 51,04 TO 06,106.0,Model A,1992,65 years 10 months,635000.0,2025
2025-07,PUNGGOL,5 ROOM,202A,PUNGGOL FIELD,04 TO 06,110.0,Improved,2004,77 years 11 months,658000.0,2025
2025-07,SEMBAWANG,5 ROOM,126B,CANBERRA ST,01 TO 03,113.0,Improved,2021,94 years 07 months,780000.0,2025
2025-01,PASIR RIS,4 ROOM,479,PASIR RIS DR 4,04 TO 06,112.0,Model A,1992,66 years 11 months,648000.0,2025
2025-04,BEDOK,5 ROOM,98,BEDOK NTH AVE 4,25 TO 27,125.0,Standard,1978,52 years 08 months,770000.0,2025
2025-02,WOODLANDS,4 ROOM,782A,WOODLANDS CRES,04 TO 06,92.0,Model A,2015,89 years 06 months,560000.0,2025
2025-12,TOA PAYOH,3 ROOM,168,LOR 1 TOA PAYOH,07 TO 09,65.0,Improved,1972,45 years 08 months,373000.0,2025
2025-04,BUKIT BATOK,4 ROOM,325,BT BATOK ST 33,04 TO 06,84.0,Simplified,1986,60 years 07 months,475000.0,2025
2025-09,WOODLANDS,5 ROOM,539,WOODLANDS DR 16,04 TO 06,121.0,Improved,2000,74 years,645000.0,2025
2025-01,TAMPINES,3 ROOM,157,TAMPINES ST 12,10 TO 12,68.0,New Generation,1985,59 years 02 months,488888.0,2025
2025-09,WOODLANDS,4 ROOM,410,WOODLANDS ST 41,01 TO 03,103.0,Model A,1996,69 years 05 months,540000.0,2025
2026-05,QUEENSTOWN,3 ROOM,87,C'WEALTH CL,04 TO 06,58.0,Standard,1967,39 years 09 months,350000.0,2026
2025-07,PUNGGOL,4 ROOM,618D,PUNGGOL DR,04 TO 06,95.0,Premium Apartment,2013,87 years 03 months,660000.0,2025
2025-01,JURONG WEST,4 ROOM,673C,JURONG WEST ST 65,13 TO 15,91.0,Model A,2002,77 years,545000.0,2025
2026-05,KALLANG/WHAMPOA,5 ROOM,102,JLN DUSUN,22 TO 24,118.0,Improved,1981,54 years 08 months,836000.0,2026
2025-09,TOA PAYOH,3 ROOM,61,LOR 5 TOA PAYOH,07 TO 09,78.0,Improved,1967,40 years 10 months,395000.0,2025
2025-04,BUKIT BATOK,3 ROOM,263,BT BATOK EAST AVE 4,07 TO 09,73.0,Model A,1985,59 years 03 months,420000.0,2025
2025-06,CHOA CHU KANG,4 ROOM,608,CHOA CHU KANG ST 62,04 TO 06,107.0,Model A,1996,69 years 11 months,567000.0,2025
2025-03,BUKIT BATOK,3 ROOM,302,BT BATOK ST 31,01 TO 03,65.0,Simplified,1985,59 years 08 months,386888.0,2025
2026-06,TOA PAYOH,3 ROOM,57,LOR 5 TOA PAYOH,01 TO 03,61.0,Standard,1973,45 years 08 months,318000.0,2026
2025-11,KALLANG/WHAMPOA,3 ROOM,3,JLN BATU,01 TO 03,60.0,Standard,1969,42 years 03 months,327000.0,2025
2026-02,JURONG WEST,4 ROOM,275C,JURONG WEST ST 25,01 TO 03,90.0,Model A,2002,75 years,508888.0,2026
2025-05,CHOA CHU KANG,5 ROOM,807C,CHOA CHU KANG AVE 1,07 TO 09,112.0,Improved,2017,91 years,720000.0,2025
2025-12,KALLANG/WHAMPOA,3 ROOM,116B,JLN TENTERAM,19 TO 21,67.0,Model A,2017,91 years,692888.0,2025
2025-10,PUNGGOL,4 ROOM,635A,PUNGGOL DR,01 TO 03,91.0,Premium Apartment,2007,81 years 02 months,610000.0,2025
2026-02,WOODLANDS,4 ROOM,717,WOODLANDS DR 70,10 TO 12,100.0,Model A,1997,70 years 05 months,601000.0,2026
2025-02,CLEMENTI,5 ROOM,312B,CLEMENTI AVE 4,37 TO 39,113.0,Improved,2017,91 years 07 months,1370000.0,2025
2025-09,BUKIT BATOK,4 ROOM,439A,BT BATOK WEST AVE 8,07 TO 09,93.0,Model A,2020,93 years 06 months,683000.0,2025
2025-11,SEMBAWANG,5 ROOM,403,ADMIRALTY LINK,13 TO 15,110.0,Improved,2001,74 years 05 months,615000.0,2025
2025-09,KALLANG/WHAMPOA,3 ROOM,73,GEYLANG BAHRU,04 TO 06,59.0,Improved,1974,47 years 06 months,328000.0,2025
2026-06,WOODLANDS,4 ROOM,748,WOODLANDS CIRCLE,04 TO 06,101.0,Model A,1998,70 years 08 months,541000.0,2026
2025-01,JURONG WEST,4 ROOM,165A,YUNG KUANG RD,10 TO 12,93.0,Model A,2018,92 years 11 months,620000.0,2025
2026-03,BUKIT MERAH,4 ROOM,53,HAVELOCK RD,22 TO 24,95.0,Model A,2013,86 years 03 months,1160000.0,2026
2026-02,JURONG WEST,3 ROOM,904,JURONG WEST ST 91,04 TO 06,73.0,Model A,1988,61 years 09 months,385000.0,2026
2025-05,JURONG WEST,4 ROOM,850,JURONG WEST ST 81,13 TO 15,108.0,Model A,1996,69 years 11 months,520000.0,2025
2026-03,BUKIT PANJANG,5 ROOM,152,GANGSA RD,16 TO 18,121.0,Improved,1998,71 years 08 months,810000.0,2026
2025-09,WOODLANDS,5 ROOM,673,WOODLANDS DR 71,01 TO 03,110.0,Improved,2000,73 years 11 months,650000.0,2025
2025-04,WOODLANDS,3 ROOM,131,MARSILING RISE,07 TO 09,60.0,Improved,1985,58 years 10 months,390000.0,2025
2026-04,WOODLANDS,4 ROOM,183B,WOODLANDS ST 13,07 TO 09,93.0,Model A,2019,92 years 07 months,650000.0,2026
2025-05,BUKIT BATOK,5 ROOM,319,BT BATOK ST 33,07 TO 09,122.0,Improved,1986,60 years 04 months,625000.0,2025
2025-06,YISHUN,3 ROOM,399,YISHUN AVE 6,10 TO 12,73.0,Model A,1989,62 years 10 months,450000.0,2025
2025-10,ANG MO KIO,3 ROOM,258,ANG MO KIO AVE 4,01 TO 03,73.0,New Generation,1977,50 years 08 months,439000.0,2025
2025-04,ANG MO KIO,3 ROOM,348,ANG MO KIO AVE 3,01 TO 03,88.0,New Generation,1978,52 years,535000.0,2025
2025-09,CLEMENTI,3 ROOM,612,CLEMENTI WEST ST 1,10 TO 12,77.0,Model A,1983,57 years 03 months,435000.0,2025
2025-06,TAMPINES,4 ROOM,265,TAMPINES ST 21,04 TO 06,103.0,Model A,1984,58 years 04 months,630000.0,2025
2026-01,WOODLANDS,4 ROOM,319,WOODLANDS ST 31,04 TO 06,103.0,Model A,1993,66 years 05 months,545000.0,2026
2026-06,SENGKANG,5 ROOM,164C,RIVERVALE CRES,04 TO 06,113.0,Improved,2017,90 years,700000.0,2026
2025-01,YISHUN,5 ROOM,348B,YISHUN AVE 11,07 TO 09,112.0,DBSS,2013,87 years 10 months,920000.0,2025
2025-04,BUKIT MERAH,5 ROOM,22,JLN MEMBINA,10 TO 12,110.0,Improved,2003,77 years 05 months,1200000.0,2025
2025-09,BUKIT BATOK,4 ROOM,384,BT BATOK WEST AVE 5,10 TO 12,90.0,Model A,2005,78 years 05 months,601888.0,2025
2026-04,QUEENSTOWN,3 ROOM,23A,QUEEN'S CL,10 TO 12,65.0,Improved,1973,46 years 02 months,357000.0,2026
2026-05,PUNGGOL,4 ROOM,415B,NORTHSHORE DR,04 TO 06,94.0,Model A,2022,94 years 09 months,830000.0,2026
2025-09,PUNGGOL,5 ROOM,226B,SUMANG LANE,04 TO 06,114.0,Premium Apartment,2018,91 years 07 months,758000.0,2025
2025-01,YISHUN,5 ROOM,796,YISHUN RING RD,07 TO 09,127.0,Improved,1987,61 years 02 months,790000.0,2025
2025-11,GEYLANG,4 ROOM,82B,CIRCUIT RD,10 TO 12,93.0,Model A,2020,93 years 07 months,1060000.0,2025
2025-12,GEYLANG,3 ROOM,125,GEYLANG EAST AVE 1,07 TO 09,74.0,Model A,1984,57 years 03 months,530000.0,2025
2025-05,CHOA CHU KANG,4 ROOM,702,CHOA CHU KANG ST 53,10 TO 12,109.0,Model A,1995,69 years 01 month,548000.0,2025
2026-06,ANG MO KIO,5 ROOM,228A,ANG MO KIO ST 23,22 TO 24,113.0,Improved,2021,94 years 04 months,1167888.0,2026
2026-01,JURONG WEST,5 ROOM,551,JURONG WEST ST 42,01 TO 03,136.0,Model A,1985,58 years 02 months,628888.0,2026
2025-03,BUKIT BATOK,4 ROOM,439C,BT BATOK WEST AVE 8,07 TO 09,93.0,Model A,2020,94 years,685000.0,2025
2025-02,HOUGANG,5 ROOM,320,HOUGANG AVE 5,07 TO 09,121.0,Improved,1983,57 years 08 months,650000.0,2025
2025-05,SENGKANG,4 ROOM,457B,SENGKANG WEST RD,04 TO 06,93.0,Model A,2020,94 years 04 months,625000.0,2025
2025-09,TAMPINES,4 ROOM,342,TAMPINES ST 33,07 TO 09,108.0,Model A,1995,69 years 03 months,618888.0,2025
2025-08,CHOA CHU KANG,4 ROOM,708,CHOA CHU KANG ST 53,04 TO 06,114.0,Model A,1995,68 years 09 months,538000.0,2025
2026-04,PASIR RIS,5 ROOM,142,PASIR RIS ST 11,04 TO 06,128.0,Improved,1994,67 years,700000.0,2026
2026-02,CLEMENTI,3 ROOM,335,CLEMENTI AVE 2,04 TO 06,67.0,New Generation,1978,51 years 10 months,430000.0,2026
2025-03,PUNGGOL,4 ROOM,617A,PUNGGOL DR,01 TO 03,95.0,Premium Apartment,2013,87 years 07 months,645000.0,2025
2026-01,PUNGGOL,4 ROOM,409B,NORTHSHORE DR,04 TO 06,94.0,Model A,2021,94 years 05 months,792000.0,2026
2026-05,SENGKANG,4 ROOM,309D,ANCHORVALE RD,04 TO 06,90.0,Premium Apartment,2002,75 years 07 months,555000.0,2026
2025-07,BUKIT BATOK,3 ROOM,281,BT BATOK EAST AVE 3,04 TO 06,64.0,Simplified,1987,61 years 05 months,385000.0,2025
2025-06,CLEMENTI,3 ROOM,602,CLEMENTI WEST ST 1,07 TO 09,67.0,New Generation,1979,53 years 05 months,408000.0,2025
2025-11,YISHUN,5 ROOM,426D,YISHUN AVE 11,13 TO 15,112.0,Improved,2015,88 years 05 months,693888.0,2025
2025-06,CLEMENTI,3 ROOM,312B,CLEMENTI AVE 4,31 TO 33,69.0,Model A,2017,91 years 03 months,650000.0,2025
2025-04,CLEMENTI,3 ROOM,420,CLEMENTI AVE 1,37 TO 39,74.0,Model A,2013,87 years 06 months,730000.0,2025
2026-04,QUEENSTOWN,5 ROOM,19,DOVER CRES,22 TO 24,111.0,Improved,2003,76 years 05 months,1150000.0,2026
2025-06,SEMBAWANG,5 ROOM,126B,CANBERRA ST,13 TO 15,116.0,Improved,2021,94 years 08 months,865000.0,2025
2025-07,PUNGGOL,5 ROOM,109C,EDGEDALE PLAINS,07 TO 09,110.0,Improved,2003,76 years 10 months,660000.0,2025
2025-11,BEDOK,3 ROOM,712,BEDOK RESERVOIR RD,04 TO 06,68.0,New Generation,1981,54 years 09 months,480000.0,2025
2025-06,JURONG WEST,4 ROOM,491,JURONG WEST AVE 1,04 TO 06,93.0,New Generation,1985,59 years 04 months,488000.0,2025
2026-03,JURONG EAST,5 ROOM,116,JURONG EAST ST 13,16 TO 18,120.0,Improved,1981,54 years 09 months,620000.0,2026
2025-09,KALLANG/WHAMPOA,4 ROOM,96,WHAMPOA DR,16 TO 18,91.0,Improved,1974,47 years 04 months,530000.0,2025
2025-03,ANG MO KIO,4 ROOM,303,ANG MO KIO AVE 1,04 TO 06,97.0,New Generation,1977,51 years 02 months,585888.0,2025
2025-01,BUKIT BATOK,4 ROOM,333,BT BATOK ST 32,10 TO 12,89.0,Simplified,1987,62 years,540000.0,2025
2026-03,TAMPINES,4 ROOM,230B,TAMPINES ST 24,01 TO 03,108.0,Model A,1993,66 years 05 months,654000.0,2026
2026-05,HOUGANG,4 ROOM,238,HOUGANG AVE 1,07 TO 09,110.0,Model A,1984,57 years 04 months,778000.0,2026
2025-05,MARINE PARADE,4 ROOM,61,MARINE DR,13 TO 15,87.0,Improved,1976,49 years 09 months,730000.0,2025
2026-04,KALLANG/WHAMPOA,5 ROOM,7,BOON KENG RD,34 TO 36,107.0,DBSS,2011,83 years 10 months,1430000.0,2026
2025-02,CENTRAL AREA,5 ROOM,1D,CANTONMENT RD,43 TO 45,106.0,Type S2,2011,85 years,1550000.0,2025
2025-08,PASIR RIS,4 ROOM,554,PASIR RIS ST 51,04 TO 06,104.0,Model A,1992,66 years 04 months,690000.0,2025
2026-03,WOODLANDS,3 ROOM,784C,WOODLANDS RISE,07 TO 09,68.0,Model A,2018,91 years 04 months,505000.0,2026
2026-01,GEYLANG,5 ROOM,60,DAKOTA CRES,07 TO 09,140.0,Model A-Maisonette,1983,56 years 09 months,1250000.0,2026
2025-01,SENGKANG,3 ROOM,336A,ANCHORVALE CRES,07 TO 09,67.0,Premium Apartment,2015,90 years 01 month,580000.0,2025
2026-04,WOODLANDS,4 ROOM,707,WOODLANDS DR 40,07 TO 09,101.0,Model A,1996,69 years 07 months,525000.0,2026
2025-04,GEYLANG,4 ROOM,18A,CIRCUIT RD,16 TO 18,93.0,Model A,2016,90 years 07 months,1025000.0,2025
2026-05,SEMBAWANG,4 ROOM,469B,ADMIRALTY DR,10 TO 12,102.0,Premium Apartment,2001,74 years 03 months,520000.0,2026
2025-09,SENGKANG,4 ROOM,434B,FERNVALE RD,22 TO 24,94.0,Premium Apartment,2013,86 years 09 months,648000.0,2025
2025-03,TAMPINES,5 ROOM,721,TAMPINES ST 71,10 TO 12,120.0,Improved,1997,71 years 03 months,820000.0,2025
2025-04,BISHAN,3 ROOM,304,SHUNFU RD,01 TO 03,67.0,New Generation,1985,59 years,530000.0,2025
2025-06,GEYLANG,4 ROOM,2C,GEYLANG SERAI,13 TO 15,95.0,Model A,2011,85 years 06 months,925000.0,2025
2025-01,BUKIT MERAH,3 ROOM,12,CANTONMENT CL,13 TO 15,60.0,Model A,2003,77 years 01 month,700000.0,2025
2025-09,HOUGANG,4 ROOM,135,LOR AH SOO,13 TO 15,106.0,Model A,1985,58 years 08 months,663000.0,2025
2026-04,JURONG EAST,5 ROOM,279,TOH GUAN RD,16 TO 18,120.0,Improved,1998,71 years 08 months,818000.0,2026
2025-04,BEDOK,3 ROOM,59,CHAI CHEE RD,10 TO 12,75.0,Model A,1984,57 years 09 months,445000.0,2025
2026-06,WOODLANDS,5 ROOM,786D,WOODLANDS DR 60,07 TO 09,122.0,Improved,1997,70 years 03 months,620000.0,2026
2026-06,KALLANG/WHAMPOA,4 ROOM,6,ST. GEORGE'S LANE,04 TO 06,93.0,New Generation,1981,54 years 01 month,605000.0,2026
2025-06,WOODLANDS,4 ROOM,691C,WOODLANDS DR 73,13 TO 15,93.0,Model A,2018,92 years 01 month,675000.0,2025
2026-02,BEDOK,3 ROOM,616,BEDOK RESERVOIR RD,04 TO 06,68.0,New Generation,1982,55 years 04 months,420000.0,2026
2025-05,BUKIT MERAH,3 ROOM,28,JLN BT MERAH,07 TO 09,60.0,Standard,1967,41 years 02 months,376000.0,2025
2026-02,WOODLANDS,4 ROOM,621,WOODLANDS DR 52,01 TO 03,101.0,Model A,1998,71 years 05 months,570000.0,2026
2025-08,BUKIT BATOK,4 ROOM,445A,BT BATOK WEST AVE 8,19 TO 21,92.0,Model A,2019,92 years 06 months,730000.0,2025
2025-07,HOUGANG,4 ROOM,685,HOUGANG ST 61,04 TO 06,89.0,Simplified,1986,60 years 03 months,547000.0,2025
2025-01,TOA PAYOH,3 ROOM,262,TOA PAYOH EAST,16 TO 18,68.0,Model A,2019,94 years,735000.0,2025
2026-04,JURONG WEST,5 ROOM,683A,JURONG WEST CTRL 1,07 TO 09,111.0,Premium Apartment,2000,73 years 07 months,675000.0,2026
2025-09,WOODLANDS,5 ROOM,751,WOODLANDS CIRCLE,07 TO 09,122.0,Improved,1998,71 years 04 months,680000.0,2025
2026-04,TOA PAYOH,5 ROOM,249,KIM KEAT LINK,04 TO 06,121.0,Improved,1988,61 years 09 months,780000.0,2026
2025-02,SENGKANG,5 ROOM,458B,SENGKANG WEST RD,10 TO 12,113.0,Improved,2020,94 years 08 months,824000.0,2025
2025-07,YISHUN,4 ROOM,216,YISHUN ST 21,07 TO 09,93.0,New Generation,1985,58 years 08 months,588888.0,2025
2025-06,HOUGANG,4 ROOM,984A,BUANGKOK LINK,01 TO 03,85.0,Model A2,2004,77 years 10 months,513500.0,2025
2025-06,BISHAN,3 ROOM,22,SIN MING RD,01 TO 03,68.0,Improved,1973,47 years 05 months,336000.0,2025
2025-07,YISHUN,4 ROOM,147,YISHUN ST 11,04 TO 06,93.0,New Generation,1985,59 years 02 months,533000.0,2025
2025-05,TOA PAYOH,4 ROOM,264,TOA PAYOH EAST,16 TO 18,93.0,Model A,2019,93 years 07 months,988000.0,2025
2025-07,BUKIT BATOK,5 ROOM,453A,BT BATOK WEST AVE 6,13 TO 15,115.0,Improved,2019,92 years 08 months,880000.0,2025
2025-07,PUNGGOL,5 ROOM,191,PUNGGOL CTRL,07 TO 09,112.0,Premium Apartment,2004,77 years 10 months,672888.0,2025
2025-02,YISHUN,3 ROOM,123,YISHUN ST 11,07 TO 09,68.0,New Generation,1985,59 years 05 months,420000.0,2025
2025-12,PUNGGOL,5 ROOM,213C,PUNGGOL WALK,13 TO 15,113.0,Improved,2015,88 years 05 months,838000.0,2025
2025-07,JURONG WEST,5 ROOM,813,JURONG WEST ST 81,04 TO 06,121.0,Improved,1990,63 years 08 months,568000.0,2025
2025-12,WOODLANDS,5 ROOM,778,WOODLANDS DR 60,07 TO 09,122.0,Improved,1997,71 years,638000.0,2025
2026-04,HOUGANG,3 ROOM,703,HOUGANG AVE 2,13 TO 15,67.0,New Generation,1986,59 years 03 months,458000.0,2026
2025-07,YISHUN,4 ROOM,317B,YISHUN AVE 9,13 TO 15,92.0,Model A,2015,89 years 03 months,638000.0,2025
2026-05,CHOA CHU KANG,4 ROOM,293,CHOA CHU KANG AVE 3,07 TO 09,104.0,Model A,1993,66 years 02 months,571000.0,2026
2025-12,ANG MO KIO,3 ROOM,156,ANG MO KIO AVE 4,01 TO 03,68.0,New Generation,1981,54 years 06 months,400888.0,2025
2026-01,JURONG EAST,3 ROOM,315,JURONG EAST ST 32,07 TO 09,74.0,Model A,1984,57 years 05 months,420000.0,2026
2026-06,YISHUN,4 ROOM,449,YISHUN RING RD,04 TO 06,92.0,Model A,2012,85 years 03 months,545000.0,2026
2025-07,SENGKANG,5 ROOM,314B,ANCHORVALE LINK,04 TO 06,110.0,Premium Apartment,2003,77 years 02 months,650000.0,2025
2025-07,TAMPINES,5 ROOM,882,TAMPINES ST 84,07 TO 09,122.0,Improved,1986,60 years 03 months,770000.0,2025
2025-07,SENGKANG,4 ROOM,213B,COMPASSVALE LANE,01 TO 03,95.0,Premium Apartment,2012,86 years 03 months,628000.0,2025
2025-03,PUNGGOL,5 ROOM,202A,PUNGGOL FIELD,13 TO 15,110.0,Improved,2004,78 years 04 months,688888.0,2025
2025-12,SENGKANG,5 ROOM,405B,FERNVALE LANE,19 TO 21,112.0,Premium Apartment,2004,77 years 03 months,700000.0,2025
2026-04,HOUGANG,5 ROOM,984B,BUANGKOK LINK,01 TO 03,110.0,Improved,2004,76 years 11 months,590000.0,2026
2026-01,WOODLANDS,5 ROOM,508,WOODLANDS DR 14,04 TO 06,124.0,Improved,1999,72 years 01 month,680000.0,2026
2025-07,YISHUN,4 ROOM,647,YISHUN ST 61,07 TO 09,85.0,Simplified,1987,60 years 09 months,490000.0,2025
2025-04,SEMBAWANG,4 ROOM,107B,CANBERRA ST,10 TO 12,93.0,Model A,2018,92 years 04 months,646888.0,2025
2025-01,WOODLANDS,4 ROOM,105,WOODLANDS ST 13,07 TO 09,92.0,New Generation,1985,59 years 05 months,500000.0,2025
2025-01,SERANGOON,5 ROOM,546,SERANGOON NTH AVE 3,01 TO 03,121.0,Improved,1998,72 years 02 months,770000.0,2025
2025-08,JURONG EAST,4 ROOM,268,TOH GUAN RD,01 TO 03,101.0,Model A,1999,72 years 06 months,590000.0,2025
2025-09,JURONG WEST,4 ROOM,636,JURONG WEST ST 65,10 TO 12,91.0,Model A,2001,75 years 03 months,557000.0,2025
2025-12,PASIR RIS,5 ROOM,746,PASIR RIS ST 71,13 TO 15,127.0,Improved,1996,70 years,720000.0,2025
2025-01,SEMBAWANG,3 ROOM,107C,CANBERRA ST,01 TO 03,67.0,Model A,2018,92 years 08 months,488000.0,2025
2025-02,SENGKANG,4 ROOM,224D,COMPASSVALE WALK,04 TO 06,102.0,Model A,1999,73 years,570000.0,2025
2026-06,BEDOK,5 ROOM,765,BEDOK RESERVOIR VIEW,04 TO 06,115.0,Premium Apartment,2000,73 years 07 months,808000.0,2026
2025-02,PASIR RIS,4 ROOM,212,PASIR RIS ST 21,07 TO 09,108.0,Model A,1993,67 years 07 months,605000.0,2025
2025-03,HOUGANG,4 ROOM,678,HOUGANG AVE 8,01 TO 03,84.0,Simplified,1988,62 years 09 months,500000.0,2025
2025-10,TAMPINES,5 ROOM,606A,TAMPINES ST 61,10 TO 12,112.0,Improved,2020,93 years 05 months,970000.0,2025
2025-04,WOODLANDS,4 ROOM,602,WOODLANDS DR 42,10 TO 12,100.0,Model A,1997,71 years 01 month,615000.0,2025
2026-06,CHOA CHU KANG,4 ROOM,487C,CHOA CHU KANG AVE 5,13 TO 15,93.0,Model A,2016,89 years 01 month,590888.0,2026
2025-04,JURONG WEST,4 ROOM,165B,YUNG KUANG RD,01 TO 03,93.0,Model A,2018,92 years 07 months,575000.0,2025
2025-02,HOUGANG,4 ROOM,616,HOUGANG AVE 8,04 TO 06,84.0,Simplified,1986,60 years 07 months,523000.0,2025
2026-05,JURONG WEST,4 ROOM,526,JURONG WEST ST 52,01 TO 03,93.0,New Generation,1982,55 years 08 months,450000.0,2026
2026-04,SENGKANG,5 ROOM,162A,RIVERVALE CRES,16 TO 18,113.0,Improved,2017,90 years 01 month,735000.0,2026
2025-12,CHOA CHU KANG,4 ROOM,293,CHOA CHU KANG AVE 3,07 TO 09,104.0,Model A,1993,66 years 07 months,568000.0,2025
2025-02,YISHUN,4 ROOM,825,YISHUN ST 81,07 TO 09,103.0,Model A,1988,62 years 09 months,630000.0,2025
2025-07,SERANGOON,5 ROOM,114,SERANGOON NTH AVE 1,07 TO 09,121.0,Improved,1986,59 years 08 months,730000.0,2025
2025-08,HOUGANG,5 ROOM,302,HOUGANG AVE 5,01 TO 03,135.0,Model A,1983,57 years 02 months,758000.0,2025
2025-04,TOA PAYOH,5 ROOM,258,KIM KEAT AVE,10 TO 12,127.0,Improved,1988,62 years 09 months,890000.0,2025
2025-07,KALLANG/WHAMPOA,4 ROOM,123,MCNAIR RD,07 TO 09,83.0,Simplified,1987,60 years 09 months,700000.0,2025
2026-03,YISHUN,4 ROOM,132,YISHUN ST 11,07 TO 09,104.0,Model A,1985,57 years 11 months,550000.0,2026
2025-04,PASIR RIS,4 ROOM,426,PASIR RIS DR 6,01 TO 03,104.0,Model A,1988,62 years 07 months,600000.0,2025
2026-06,SENGKANG,5 ROOM,406C,FERNVALE RD,07 TO 09,110.0,Premium Apartment,2004,77 years 07 months,625000.0,2026
2025-07,BUKIT BATOK,5 ROOM,531,BT BATOK ST 51,07 TO 09,122.0,Improved,1986,60 years 03 months,670888.0,2025
2025-07,BUKIT MERAH,3 ROOM,42,TELOK BLANGAH RISE,01 TO 03,59.0,Improved,1976,49 years 09 months,380000.0,2025
2025-07,SENGKANG,5 ROOM,299A,COMPASSVALE ST,10 TO 12,114.0,Premium Apartment,2001,75 years 02 months,670000.0,2025
2025-03,JURONG WEST,5 ROOM,329,TAH CHING RD,04 TO 06,124.0,Improved,1997,71 years 06 months,628000.0,2025
2025-03,WOODLANDS,4 ROOM,625B,WOODLANDS DR 52,10 TO 12,100.0,Model A,1998,72 years 09 months,540000.0,2025
2025-07,WOODLANDS,4 ROOM,649,WOODLANDS RING RD,01 TO 03,101.0,Model A,1998,72 years,582828.0,2025
2025-09,WOODLANDS,4 ROOM,638,WOODLANDS RING RD,04 TO 06,102.0,Model A,1999,72 years 11 months,545000.0,2025
2026-01,JURONG EAST,3 ROOM,257,JURONG EAST ST 24,01 TO 03,68.0,New Generation,1983,56 years,410000.0,2026
2025-12,BUKIT PANJANG,3 ROOM,106,GANGSA RD,07 TO 09,73.0,Model A,1988,61 years 03 months,465000.0,2025
2026-01,CHOA CHU KANG,4 ROOM,701,CHOA CHU KANG ST 53,04 TO 06,109.0,Model A,1995,68 years 04 months,550000.0,2026
2026-02,BUKIT BATOK,3 ROOM,135,BT BATOK WEST AVE 6,07 TO 09,68.0,New Generation,1984,57 years 11 months,423000.0,2026
2025-05,GEYLANG,4 ROOM,32,EUNOS CRES,10 TO 12,90.0,Model A,2007,80 years 09 months,988000.0,2025
2025-12,BUKIT BATOK,3 ROOM,339,BT BATOK ST 34,07 TO 09,73.0,Model A,1987,60 years 10 months,425000.0,2025
2026-04,PUNGGOL,4 ROOM,683A,EDGEDALE PLAINS,13 TO 15,93.0,Premium Apartment,2018,91 years 05 months,735000.0,2026
2025-02,SENGKANG,4 ROOM,326B,ANCHORVALE RD,04 TO 06,92.0,Premium Apartment,2015,89 years 03 months,652000.0,2025
2025-05,TAMPINES,4 ROOM,124,SIMEI ST 1,04 TO 06,84.0,Simplified,1988,61 years 10 months,570000.0,2025
2025-06,KALLANG/WHAMPOA,3 ROOM,113D,MCNAIR RD,04 TO 06,68.0,Premium Apartment,2017,91 years 07 months,728000.0,2025
2026-01,BUKIT MERAH,4 ROOM,93B,TELOK BLANGAH ST 31,13 TO 15,93.0,Model A,2018,92 years,1000888.0,2026
2026-06,ANG MO KIO,4 ROOM,222,ANG MO KIO AVE 1,01 TO 03,102.0,Model A,1993,65 years 11 months,650800.0,2026
2025-03,WOODLANDS,4 ROOM,689C,WOODLANDS DR 75,10 TO 12,90.0,Premium Apartment,2004,78 years,538000.0,2025
2025-03,JURONG EAST,4 ROOM,408,PANDAN GDNS,07 TO 09,97.0,New Generation,1978,52 years 08 months,500000.0,2025
2026-02,YISHUN,4 ROOM,720,YISHUN ST 71,04 TO 06,84.0,Simplified,1985,58 years 07 months,455000.0,2026
2026-01,CHOA CHU KANG,4 ROOM,804A,KEAT HONG CL,13 TO 15,93.0,Model A,2017,90 years 05 months,602000.0,2026
2026-06,WOODLANDS,5 ROOM,711,WOODLANDS DR 70,07 TO 09,121.0,Improved,1997,69 years 10 months,670000.0,2026
2025-06,BUKIT PANJANG,4 ROOM,602,SENJA RD,01 TO 03,91.0,Model A2,1999,72 years 09 months,585000.0,2025
2026-05,JURONG WEST,5 ROOM,273B,JURONG WEST AVE 3,13 TO 15,111.0,Improved,2001,74 years 08 months,543000.0,2026
2025-08,QUEENSTOWN,5 ROOM,28A,DOVER CRES,22 TO 24,124.0,Improved,2012,85 years 08 months,1260000.0,2025
2025-06,BUKIT BATOK,3 ROOM,148,BT BATOK WEST AVE 6,10 TO 12,68.0,New Generation,1984,58 years 01 month,418000.0,2025
2025-01,SENGKANG,5 ROOM,188A,RIVERVALE DR,01 TO 03,115.0,Improved,2000,74 years 07 months,605000.0,2025
2025-06,SEMBAWANG,3 ROOM,103B,CANBERRA ST,13 TO 15,69.0,Model A,2020,94 years 06 months,540000.0,2025
2025-12,WOODLANDS,4 ROOM,895B,WOODLANDS DR 50,07 TO 09,99.0,Model A,1997,70 years 04 months,564000.0,2025
2025-04,BUKIT BATOK,5 ROOM,194A,BT BATOK WEST AVE 6,28 TO 30,112.0,Premium Apartment,2017,91 years 04 months,970000.0,2025
2025-05,JURONG WEST,4 ROOM,218D,BOON LAY AVE,01 TO 03,94.0,Model A,2018,92 years 04 months,590000.0,2025
2025-07,SEMBAWANG,4 ROOM,422,CANBERRA RD,01 TO 03,90.0,Model A,2001,74 years 08 months,530000.0,2025
2025-08,SENGKANG,5 ROOM,157A,RIVERVALE CRES,04 TO 06,109.0,Premium Apartment,2003,77 years 03 months,625000.0,2025
2026-04,SENGKANG,5 ROOM,216A,COMPASSVALE DR,04 TO 06,112.0,Premium Apartment,2017,90 years 02 months,943888.0,2026
2026-03,SEMBAWANG,3 ROOM,107A,CANBERRA ST,13 TO 15,67.0,Model A,2018,91 years 05 months,530000.0,2026
2025-05,PUNGGOL,5 ROOM,104A,EDGEFIELD PLAINS,07 TO 09,110.0,Improved,2003,77 years,660000.0,2025
2026-06,WOODLANDS,5 ROOM,572B,WOODLANDS AVE 1,13 TO 15,112.0,Improved,2013,86 years 06 months,758000.0,2026
2025-07,SENGKANG,5 ROOM,311D,ANCHORVALE LANE,04 TO 06,111.0,Premium Apartment,2002,76 years 06 months,647888.0,2025
2026-03,SEMBAWANG,4 ROOM,119B,CANBERRA CRES,07 TO 09,93.0,Model A,2018,91 years,702888.0,2026
2026-02,ANG MO KIO,4 ROOM,315A,ANG MO KIO ST 31,13 TO 15,90.0,Model A,2006,79 years 03 months,870000.0,2026
2025-05,TAMPINES,5 ROOM,485B,TAMPINES AVE 9,10 TO 12,121.0,Improved,1989,63 years 01 month,761000.0,2025
2025-04,ANG MO KIO,3 ROOM,570,ANG MO KIO AVE 3,07 TO 09,67.0,New Generation,1979,53 years 03 months,425000.0,2025
2025-11,BUKIT PANJANG,4 ROOM,183,JELEBU RD,16 TO 18,91.0,Premium Apartment,2003,76 years 07 months,860000.0,2025
2025-07,ANG MO KIO,3 ROOM,512,ANG MO KIO AVE 8,07 TO 09,68.0,New Generation,1980,54 years 02 months,465888.0,2025
2025-04,ANG MO KIO,3 ROOM,152,ANG MO KIO AVE 5,07 TO 09,82.0,New Generation,1981,55 years 02 months,490000.0,2025
2026-06,HOUGANG,4 ROOM,168,HOUGANG AVE 1,01 TO 03,100.0,Model A,1997,70 years 07 months,600000.0,2026
2025-04,TAMPINES,3 ROOM,259,TAMPINES ST 21,04 TO 06,74.0,Model A,1985,58 years 10 months,500000.0,2025
2025-07,TAMPINES,3 ROOM,854,TAMPINES ST 82,07 TO 09,74.0,Model A,1985,59 years 03 months,481888.0,2025
2025-12,YISHUN,5 ROOM,793,YISHUN RING RD,04 TO 06,132.0,Model A,1992,65 years 07 months,768000.0,2025
2025-11,PUNGGOL,4 ROOM,271A,PUNGGOL WALK,13 TO 15,93.0,Premium Apartment,2014,87 years 05 months,800888.0,2025
2025-11,WOODLANDS,3 ROOM,13,MARSILING LANE,04 TO 06,76.0,Improved,1976,49 years 05 months,390000.0,2025
2025-07,BUKIT BATOK,3 ROOM,534,BT BATOK ST 51,07 TO 09,60.0,Improved,1987,60 years 11 months,380000.0,2025
2025-06,JURONG WEST,4 ROOM,661D,JURONG WEST ST 64,10 TO 12,91.0,Model A,2001,75 years 03 months,610000.0,2025
2026-05,BUKIT BATOK,3 ROOM,168,BT BATOK WEST AVE 8,04 TO 06,74.0,Model A,1984,57 years 08 months,432000.0,2026
2025-05,BUKIT MERAH,3 ROOM,12,CANTONMENT CL,07 TO 09,60.0,Model A,2003,76 years 09 months,715000.0,2025
2026-05,GEYLANG,4 ROOM,122,PAYA LEBAR WAY,04 TO 06,91.0,New Generation,1980,53 years 03 months,525000.0,2026
2025-12,TOA PAYOH,3 ROOM,25,TOA PAYOH EAST,01 TO 03,67.0,Improved,1971,44 years 02 months,340000.0,2025
2025-04,SEMBAWANG,3 ROOM,366B,SEMBAWANG CRES,13 TO 15,68.0,Model A,2019,93 years 01 month,518000.0,2025
2025-12,PUNGGOL,4 ROOM,220A,SUMANG LANE,10 TO 12,93.0,Model A,2018,92 years 01 month,650000.0,2025
2025-04,HOUGANG,5 ROOM,699A,HOUGANG ST 52,13 TO 15,120.0,Improved,1999,72 years 10 months,813888.0,2025
2025-01,WOODLANDS,5 ROOM,689B,WOODLANDS DR 75,04 TO 06,110.0,Premium Apartment,2004,78 years 03 months,600000.0,2025
2025-10,HOUGANG,4 ROOM,943,HOUGANG ST 92,01 TO 03,101.0,Model A,1998,71 years 11 months,565000.0,2025
2025-05,PASIR RIS,5 ROOM,769,PASIR RIS ST 71,07 TO 09,128.0,Improved,1996,70 years 03 months,710000.0,2025
2026-03,SENGKANG,5 ROOM,184B,RIVERVALE CRES,04 TO 06,110.0,Improved,2003,76 years 04 months,625000.0,2026
2025-05,BISHAN,5 ROOM,251,BISHAN ST 22,07 TO 09,121.0,Improved,1992,66 years 03 months,1225000.0,2025
2025-03,BEDOK,4 ROOM,612,BEDOK RESERVOIR RD,10 TO 12,98.0,New Generation,1981,55 years 02 months,558000.0,2025
2025-08,KALLANG/WHAMPOA,3 ROOM,75,WHAMPOA DR,10 TO 12,65.0,Improved,1974,47 years 05 months,368000.0,2025
2026-04,BUKIT BATOK,5 ROOM,463B,BT BATOK ST 41,13 TO 15,113.0,Improved,2021,94 years 04 months,823888.0,2026
2026-01,CHOA CHU KANG,4 ROOM,464,CHOA CHU KANG AVE 4,04 TO 06,104.0,Premium Apartment,2000,73 years 03 months,505000.0,2026
2025-12,TAMPINES,4 ROOM,450,TAMPINES ST 42,07 TO 09,104.0,Model A,1985,58 years 02 months,596000.0,2025
2025-04,BUKIT BATOK,4 ROOM,451B,BT BATOK WEST AVE 6,10 TO 12,93.0,Model A,2019,93 years,660000.0,2025
2025-07,SERANGOON,3 ROOM,306,SERANGOON AVE 2,10 TO 12,60.0,Improved,1985,58 years 08 months,475000.0,2025
2026-06,JURONG WEST,4 ROOM,931,JURONG WEST ST 92,07 TO 09,103.0,Model A,1988,61 years 02 months,492000.0,2026
2026-06,SENGKANG,4 ROOM,452A,SENGKANG WEST WAY,07 TO 09,92.0,Model A,2015,88 years,620000.0,2026
2025-10,YISHUN,3 ROOM,365,YISHUN RING RD,07 TO 09,74.0,Model A,1989,62 years 06 months,410000.0,2025
2026-06,YISHUN,3 ROOM,160,YISHUN ST 11,04 TO 06,67.0,New Generation,1985,58 years 04 months,416000.0,2026
2025-07,JURONG WEST,4 ROOM,712,JURONG WEST ST 71,04 TO 06,104.0,Model A,1991,64 years 07 months,525000.0,2025
2025-12,PUNGGOL,4 ROOM,602A,PUNGGOL CTRL,10 TO 12,93.0,Model A,2012,85 years 07 months,661888.0,2025
2025-04,TAMPINES,4 ROOM,614A,TAMPINES NTH DR 1,10 TO 12,93.0,Model A,2021,94 years 10 months,780000.0,2025
2025-02,TAMPINES,5 ROOM,496F,TAMPINES AVE 9,01 TO 03,125.0,Improved,1993,67 years 06 months,700000.0,2025
2026-01,TAMPINES,3 ROOM,609C,TAMPINES NTH DR 1,04 TO 06,68.0,Model A,2020,93 years 11 months,588888.0,2026
2025-01,ANG MO KIO,4 ROOM,465,ANG MO KIO AVE 10,10 TO 12,92.0,New Generation,1980,54 years 03 months,535000.0,2025
2025-02,TAMPINES,5 ROOM,609A,TAMPINES NTH DR 1,10 TO 12,113.0,Improved,2020,94 years 09 months,888000.0,2025
2025-08,BEDOK,4 ROOM,133,BEDOK RESERVOIR RD,01 TO 03,103.0,Model A,1987,60 years 05 months,627000.0,2025
2026-01,QUEENSTOWN,3 ROOM,13,HOLLAND DR,22 TO 24,65.0,Improved,1975,48 years 01 month,500000.0,2026
2025-07,SENGKANG,4 ROOM,432A,SENGKANG WEST WAY,01 TO 03,93.0,Model A,2014,88 years 03 months,585000.0,2025
2026-06,BISHAN,5 ROOM,155,BISHAN ST 13,16 TO 18,121.0,Improved,1987,60 years 06 months,1100000.0,2026
2025-06,BUKIT BATOK,3 ROOM,269,BT BATOK EAST AVE 4,07 TO 09,64.0,Simplified,1986,60 years 05 months,407000.0,2025
2025-10,CLEMENTI,4 ROOM,208B,CLEMENTI AVE 6,04 TO 06,93.0,Model A,2017,91 years 01 month,840000.0,2025
2025-10,PUNGGOL,4 ROOM,112,EDGEFIELD PLAINS,13 TO 15,95.0,Premium Apartment,2003,76 years 10 months,600000.0,2025
2025-03,BUKIT MERAH,4 ROOM,113,BT PURMEI RD,04 TO 06,103.0,Model A,1984,58 years 08 months,678000.0,2025
2026-04,BEDOK,3 ROOM,429B,BEDOK NTH RD,04 TO 06,69.0,Model A,2021,94 years 02 months,670000.0,2026
2025-04,ANG MO KIO,5 ROOM,588C,ANG MO KIO ST 52,16 TO 18,112.0,DBSS,2011,85 years 05 months,1300000.0,2025
2026-03,ANG MO KIO,3 ROOM,211,ANG MO KIO AVE 3,04 TO 06,67.0,New Generation,1977,50 years 02 months,368000.0,2026
2025-01,GEYLANG,4 ROOM,92,PIPIT RD,16 TO 18,102.0,Model A,1997,71 years 04 months,850000.0,2025
2025-04,KALLANG/WHAMPOA,4 ROOM,111,MCNAIR RD,10 TO 12,83.0,Simplified,1987,61 years 01 month,708000.0,2025
2026-04,BUKIT BATOK,4 ROOM,242,BT BATOK EAST AVE 5,07 TO 09,93.0,New Generation,1985,58 years 08 months,490000.0,2026
2025-04,SENGKANG,5 ROOM,317A,ANCHORVALE RD,16 TO 18,110.0,Premium Apartment,2003,77 years 02 months,715000.0,2025
2026-01,CHOA CHU KANG,4 ROOM,669,CHOA CHU KANG CRES,01 TO 03,104.0,Premium Apartment,1999,72 years 10 months,520000.0,2026
2025-06,BUKIT BATOK,5 ROOM,290D,BT BATOK EAST AVE 3,10 TO 12,121.0,Improved,1998,71 years 09 months,750000.0,2025
2026-05,CHOA CHU KANG,3 ROOM,19,TECK WHYE LANE,07 TO 09,68.0,New Generation,1981,54 years 05 months,370000.0,2026
2026-06,PUNGGOL,5 ROOM,110D,PUNGGOL FIELD,07 TO 09,110.0,Improved,2003,75 years 11 months,590000.0,2026
2025-09,MARINE PARADE,3 ROOM,58,MARINE TER,04 TO 06,76.0,Improved,1975,48 years 07 months,480000.0,2025
2025-04,TAMPINES,4 ROOM,868A,TAMPINES AVE 8,10 TO 12,92.0,Model A,2015,89 years 03 months,738000.0,2025
2025-12,HOUGANG,4 ROOM,113,HOUGANG AVE 1,13 TO 15,95.0,New Generation,1982,55 years 02 months,600000.0,2025
2026-05,TAMPINES,4 ROOM,497C,TAMPINES ST 45,07 TO 09,102.0,Premium Apartment,1996,69 years 02 months,683888.0,2026
2025-05,BUKIT BATOK,5 ROOM,293B,BT BATOK ST 21,04 TO 06,113.0,Improved,2019,92 years 09 months,850000.0,2025
2026-02,BUKIT BATOK,5 ROOM,290D,BT BATOK EAST AVE 3,04 TO 06,121.0,Improved,1998,71 years 01 month,750000.0,2026
2026-03,TAMPINES,3 ROOM,109,TAMPINES ST 11,01 TO 03,74.0,Model A,1984,57 years 07 months,476000.0,2026
2025-03,GEYLANG,4 ROOM,121,PAYA LEBAR WAY,04 TO 06,91.0,New Generation,1980,54 years 06 months,520000.0,2025
2025-11,JURONG EAST,4 ROOM,288A,JURONG EAST ST 21,04 TO 06,104.0,Model A,2000,73 years 08 months,678888.0,2025
2025-09,QUEENSTOWN,4 ROOM,183,STIRLING RD,04 TO 06,95.0,Model A,2000,74 years 02 months,890000.0,2025
2026-03,WOODLANDS,4 ROOM,691C,WOODLANDS DR 73,04 TO 06,93.0,Model A,2018,91 years 04 months,605000.0,2026
2025-04,TAMPINES,4 ROOM,296,TAMPINES ST 22,04 TO 06,91.0,New Generation,1985,59 years 04 months,570000.0,2025
2025-08,BEDOK,3 ROOM,525,BEDOK NTH ST 3,01 TO 03,67.0,New Generation,1979,52 years 11 months,408000.0,2025
2025-08,SEMBAWANG,4 ROOM,126A,CANBERRA ST,01 TO 03,96.0,Model A,2021,94 years 06 months,680000.0,2025
2025-02,HOUGANG,5 ROOM,466,HOUGANG AVE 8,04 TO 06,125.0,Improved,1992,66 years 08 months,795000.0,2025
2025-06,BUKIT PANJANG,5 ROOM,181,JELEBU RD,22 TO 24,111.0,Premium Apartment,2003,76 years 11 months,998000.0,2025
2025-08,GEYLANG,4 ROOM,9,EUNOS CRES,07 TO 09,91.0,New Generation,1978,52 years,620000.0,2025
2025-01,SEMBAWANG,5 ROOM,402,ADMIRALTY LINK,04 TO 06,110.0,Improved,2001,75 years 04 months,610000.0,2025
2026-01,JURONG EAST,3 ROOM,39,TEBAN GDNS RD,01 TO 03,67.0,Improved,1966,39 years 09 months,320000.0,2026
2025-07,BUKIT PANJANG,3 ROOM,250,BANGKIT RD,01 TO 03,73.0,Model A,1988,62 years 05 months,420000.0,2025
2026-01,ANG MO KIO,3 ROOM,215,ANG MO KIO AVE 1,10 TO 12,73.0,New Generation,1976,49 years 04 months,435000.0,2026
2025-07,SEMBAWANG,5 ROOM,120A,CANBERRA CRES,04 TO 06,113.0,Improved,2018,91 years 07 months,791888.0,2025
2025-09,TOA PAYOH,3 ROOM,126,LOR 1 TOA PAYOH,13 TO 15,67.0,Improved,1970,43 years 04 months,390000.0,2025
2026-03,HOUGANG,4 ROOM,624,HOUGANG AVE 8,01 TO 03,84.0,Simplified,1986,59 years 06 months,560000.0,2026
2026-03,PUNGGOL,4 ROOM,267A,PUNGGOL FIELD,10 TO 12,97.0,Premium Apartment,2013,85 years 11 months,780000.0,2026
2025-11,HOUGANG,4 ROOM,575,HOUGANG ST 51,01 TO 03,100.0,Model A,1997,70 years 04 months,568888.0,2025
2025-06,BEDOK,4 ROOM,180,BEDOK NTH RD,04 TO 06,92.0,Model A,2006,79 years 08 months,731000.0,2025
2025-07,KALLANG/WHAMPOA,4 ROOM,10B,BENDEMEER RD,28 TO 30,93.0,Model A,2017,91 years 05 months,1128000.0,2025
2025-11,WOODLANDS,5 ROOM,631,WOODLANDS RING RD,07 TO 09,122.0,Improved,1998,71 years 10 months,650000.0,2025
2025-11,BUKIT MERAH,3 ROOM,11,CANTONMENT CL,01 TO 03,60.0,Model A,2002,76 years 01 month,718000.0,2025
2025-07,PUNGGOL,4 ROOM,261C,PUNGGOL WAY,07 TO 09,93.0,Model A,2016,89 years 11 months,672000.0,2025
2026-04,CHOA CHU KANG,5 ROOM,490D,CHOA CHU KANG AVE 5,13 TO 15,113.0,Improved,2016,89 years 03 months,726000.0,2026
2025-12,SEMBAWANG,4 ROOM,108B,CANBERRA WALK,04 TO 06,93.0,Model A,2018,91 years 06 months,655000.0,2025
2026-06,YISHUN,5 ROOM,509C,YISHUN AVE 4,10 TO 12,113.0,Improved,2018,90 years 11 months,775000.0,2026
2025-03,JURONG EAST,5 ROOM,407,PANDAN GDNS,01 TO 03,104.0,Standard,1979,53 years 02 months,445000.0,2025
2025-07,PUNGGOL,5 ROOM,190,PUNGGOL CTRL,04 TO 06,110.0,Premium Apartment,2004,77 years 10 months,647000.0,2025
2025-08,SENGKANG,4 ROOM,296C,COMPASSVALE CRES,10 TO 12,90.0,Model A,2002,75 years 07 months,568000.0,2025
2025-11,BUKIT MERAH,4 ROOM,95A,HENDERSON RD,16 TO 18,83.0,Model A,2019,92 years 07 months,980000.0,2025
2026-06,CHOA CHU KANG,5 ROOM,817B,KEAT HONG LINK,13 TO 15,112.0,Improved,2017,90 years 04 months,740000.0,2026
2025-08,BEDOK,4 ROOM,187A,BEDOK NTH ST 4,19 TO 21,93.0,Model A,2018,92 years 05 months,876000.0,2025
2025-02,ANG MO KIO,3 ROOM,503,ANG MO KIO AVE 5,04 TO 06,68.0,New Generation,1981,55 years,400000.0,2025
2026-01,TOA PAYOH,4 ROOM,79A,TOA PAYOH CTRL,04 TO 06,76.0,Model A,2009,82 years 04 months,850000.0,2026
2026-01,GEYLANG,4 ROOM,17A,CIRCUIT RD,10 TO 12,93.0,Model A,2016,89 years 11 months,985000.0,2026
2025-07,BEDOK,4 ROOM,121,BEDOK NTH RD,01 TO 03,92.0,New Generation,1978,51 years 08 months,505000.0,2025
2025-04,TAMPINES,4 ROOM,277,TAMPINES ST 22,01 TO 03,104.0,Model A,1985,58 years 11 months,585000.0,2025
2025-05,JURONG EAST,5 ROOM,403,PANDAN GDNS,10 TO 12,129.0,Standard,1979,53 years,588888.0,2025
2025-07,BEDOK,5 ROOM,655,JLN TENAGA,04 TO 06,127.0,Improved,1996,70 years 05 months,825000.0,2025
2025-08,SENGKANG,4 ROOM,332A,ANCHORVALE LINK,13 TO 15,92.0,Model A,2015,88 years 10 months,712000.0,2025
2025-06,HOUGANG,5 ROOM,302,HOUGANG AVE 5,10 TO 12,131.0,Model A,1983,57 years 05 months,785000.0,2025
2026-04,PUNGGOL,4 ROOM,422A,NORTHSHORE DR,16 TO 18,93.0,Model A,2021,94 years 07 months,848000.0,2026
2025-12,KALLANG/WHAMPOA,3 ROOM,12,FARRER PK RD,04 TO 06,62.0,Model A,2004,77 years 07 months,616000.0,2025
2025-02,MARINE PARADE,5 ROOM,72,MARINE DR,22 TO 24,120.0,Standard,1977,51 years,1080000.0,2025
2026-01,BUKIT BATOK,5 ROOM,296B,BT BATOK ST 22,28 TO 30,113.0,Premium Apartment,2018,91 years 02 months,1025000.0,2026
2025-01,TAMPINES,4 ROOM,489C,TAMPINES ST 45,10 TO 12,104.0,Model A,1989,63 years 06 months,652000.0,2025
2025-03,TAMPINES,5 ROOM,610C,TAMPINES NTH DR 1,13 TO 15,113.0,Improved,2020,94 years 08 months,920000.0,2025
2026-04,BISHAN,5 ROOM,168,BISHAN ST 13,10 TO 12,121.0,Improved,1986,59 years 07 months,1036000.0,2026
2025-09,BISHAN,5 ROOM,293,BISHAN ST 22,19 TO 21,123.0,Premium Apartment,1998,71 years 09 months,1133000.0,2025
2025-01,GEYLANG,3 ROOM,45,CIRCUIT RD,10 TO 12,52.0,Standard,1971,45 years 01 month,330000.0,2025
2025-04,CENTRAL AREA,3 ROOM,8,SELEGIE RD,04 TO 06,58.0,Standard,1974,47 years 10 months,429000.0,2025
2026-02,CHOA CHU KANG,3 ROOM,807A,CHOA CHU KANG AVE 1,10 TO 12,67.0,Model A,2017,90 years 02 months,478000.0,2026
2025-02,ANG MO KIO,3 ROOM,435,ANG MO KIO AVE 10,07 TO 09,67.0,New Generation,1979,53 years,408000.0,2025
2026-04,TAMPINES,4 ROOM,214,TAMPINES ST 23,04 TO 06,93.0,New Generation,1985,58 years 10 months,575000.0,2026
2026-04,YISHUN,4 ROOM,448,YISHUN RING RD,01 TO 03,93.0,Model A,2012,85 years 05 months,550000.0,2026
2025-10,QUEENSTOWN,3 ROOM,28B,DOVER CRES,25 TO 27,69.0,Model A,2012,85 years 06 months,681000.0,2025
2025-07,TAMPINES,5 ROOM,873,TAMPINES ST 84,07 TO 09,121.0,Improved,1988,62 years 05 months,721000.0,2025
2025-06,WOODLANDS,4 ROOM,694A,WOODLANDS DR 62,10 TO 12,92.0,Model A,2018,92 years 03 months,650000.0,2025
2026-06,BISHAN,4 ROOM,141,BISHAN ST 12,04 TO 06,84.0,Simplified,1988,61 years 03 months,650000.0,2026
2025-09,WOODLANDS,4 ROOM,894B,WOODLANDS DR 50,07 TO 09,100.0,Model A,1996,70 years 01 month,618000.0,2025
2025-10,ANG MO KIO,4 ROOM,179,ANG MO KIO AVE 5,04 TO 06,91.0,New Generation,1981,54 years 07 months,560000.0,2025
2026-06,BISHAN,3 ROOM,195,BISHAN ST 13,10 TO 12,64.0,Simplified,1988,60 years 09 months,568888.0,2026
2025-12,BEDOK,5 ROOM,96,BEDOK NTH AVE 4,07 TO 09,123.0,Standard,1978,51 years 11 months,688888.0,2025
2025-07,BUKIT PANJANG,4 ROOM,404,FAJAR RD,10 TO 12,104.0,Model A,1988,62 years 04 months,600000.0,2025
2026-05,BEDOK,3 ROOM,547B,BEDOK NTH AVE 1,04 TO 06,68.0,Model A,2021,94 years 03 months,620000.0,2026
2025-09,TAMPINES,4 ROOM,224,SIMEI ST 4,04 TO 06,108.0,Model A,1989,62 years 10 months,668000.0,2025
2025-04,SEMBAWANG,4 ROOM,362C,SEMBAWANG CRES,07 TO 09,93.0,Model A,2019,93 years 01 month,638000.0,2025
2026-06,PASIR RIS,5 ROOM,739,PASIR RIS DR 10,10 TO 12,124.0,Improved,1996,69 years 04 months,748000.0,2026
2025-04,JURONG EAST,4 ROOM,105,JURONG EAST ST 13,04 TO 06,92.0,New Generation,1993,67 years 04 months,560000.0,2025
2025-01,SEMBAWANG,5 ROOM,101A,CANBERRA ST,07 TO 09,116.0,Improved,2020,95 years 01 month,783000.0,2025
2025-01,BUKIT PANJANG,5 ROOM,182,JELEBU RD,22 TO 24,113.0,Premium Apartment,2003,77 years 05 months,950000.0,2025
2026-01,YISHUN,4 ROOM,335B,YISHUN ST 31,10 TO 12,92.0,Model A,2015,88 years 11 months,610000.0,2026
2025-03,BUKIT BATOK,3 ROOM,340,BT BATOK ST 34,07 TO 09,73.0,Model A,1987,61 years 04 months,413000.0,2025
2025-11,KALLANG/WHAMPOA,3 ROOM,73,GEYLANG BAHRU,01 TO 03,59.0,Improved,1974,47 years 05 months,380000.0,2025
2026-05,QUEENSTOWN,3 ROOM,82,C'WEALTH CL,13 TO 15,60.0,Standard,1967,39 years 08 months,315000.0,2026
2025-08,TOA PAYOH,3 ROOM,116,LOR 2 TOA PAYOH,16 TO 18,63.0,Improved,1970,43 years 06 months,410000.0,2025
2025-10,WOODLANDS,5 ROOM,898B,WOODLANDS DR 50,07 TO 09,118.0,Improved,1997,70 years 09 months,610000.0,2025
2025-08,YISHUN,3 ROOM,132,YISHUN ST 11,10 TO 12,74.0,Model A,1985,58 years 06 months,438000.0,2025
2025-07,PUNGGOL,5 ROOM,662D,EDGEDALE PLAINS,01 TO 03,112.0,Premium Apartment,2017,90 years 10 months,748000.0,2025
2025-06,BEDOK,4 ROOM,188D,BEDOK NTH ST 4,07 TO 09,93.0,Model A,2020,93 years 07 months,860000.0,2025
2025-09,CENTRAL AREA,3 ROOM,1,TG PAGAR PLAZA,07 TO 09,59.0,Improved,1977,50 years 05 months,500000.0,2025
2025-02,SENGKANG,5 ROOM,290A,COMPASSVALE CRES,07 TO 09,110.0,Improved,2002,76 years 01 month,658000.0,2025
2025-12,JURONG WEST,3 ROOM,698B,JURONG WEST CTRL 3,10 TO 12,68.0,Model A,2017,91 years,590888.0,2025
2026-06,PUNGGOL,4 ROOM,415D,NORTHSHORE DR,13 TO 15,94.0,Model A,2022,94 years 08 months,798000.0,2026
2025-06,KALLANG/WHAMPOA,3 ROOM,117B,JLN TENTERAM,22 TO 24,67.0,Model A,2017,91 years 05 months,650000.0,2025
2026-01,JURONG WEST,3 ROOM,208,BOON LAY PL,16 TO 18,65.0,Improved,1976,49 years 10 months,340000.0,2026
2025-02,JURONG EAST,5 ROOM,213,JURONG EAST ST 21,13 TO 15,120.0,Improved,1982,56 years 08 months,717500.0,2025
2025-10,CHOA CHU KANG,5 ROOM,687C,CHOA CHU KANG DR,10 TO 12,110.0,Improved,2003,76 years 06 months,580000.0,2025
2025-07,SERANGOON,4 ROOM,509,SERANGOON NTH AVE 4,01 TO 03,101.0,Model A,1997,71 years,623000.0,2025
2025-12,PASIR RIS,4 ROOM,423,PASIR RIS DR 6,07 TO 09,104.0,Model A,1989,62 years 11 months,640000.0,2025
2026-01,CENTRAL AREA,4 ROOM,1B,CANTONMENT RD,31 TO 33,96.0,Type S1,2011,84 years 01 month,1435888.0,2026
2025-01,TAMPINES,4 ROOM,608B,TAMPINES NTH DR 1,04 TO 06,93.0,Model A,2020,94 years 10 months,755000.0,2025
2025-02,TOA PAYOH,3 ROOM,117,POTONG PASIR AVE 1,10 TO 12,67.0,New Generation,1984,58 years 10 months,440000.0,2025
2025-06,TAMPINES,4 ROOM,496G,TAMPINES AVE 9,10 TO 12,106.0,Model A,1993,67 years 03 months,680000.0,2025
2025-03,GEYLANG,5 ROOM,40,SIMS DR,01 TO 03,124.0,Improved,1990,64 years 04 months,745000.0,2025
2025-11,KALLANG/WHAMPOA,3 ROOM,467,NTH BRIDGE RD,13 TO 15,60.0,Improved,1978,52 years,490000.0,2025
2026-03,BUKIT BATOK,5 ROOM,290A,BT BATOK ST 24,01 TO 03,121.0,Improved,1998,70 years 11 months,610000.0,2026
2025-12,SENGKANG,4 ROOM,107,RIVERVALE WALK,13 TO 15,103.0,Model A,1999,72 years 03 months,600000.0,2025
2026-05,BUKIT PANJANG,4 ROOM,520,JELAPANG RD,01 TO 03,103.0,Model A,1998,71 years 03 months,560000.0,2026
2025-02,SEMBAWANG,3 ROOM,130A,CANBERRA CRES,04 TO 06,68.0,Model A,2018,92 years 10 months,540000.0,2025
2025-05,SENGKANG,4 ROOM,178D,RIVERVALE CRES,13 TO 15,93.0,Model A,2015,88 years 11 months,620000.0,2025
2025-10,YISHUN,5 ROOM,318A,YISHUN AVE 9,10 TO 12,112.0,Improved,2015,89 years 01 month,746888.0,2025
2025-06,BUKIT PANJANG,3 ROOM,104,GANGSA RD,04 TO 06,73.0,Model A,1988,61 years 10 months,450000.0,2025
2026-05,PUNGGOL,4 ROOM,683A,EDGEDALE PLAINS,16 TO 18,93.0,Premium Apartment,2018,91 years 03 months,741888.0,2026
2025-09,BUKIT BATOK,5 ROOM,464A,BT BATOK WEST AVE 8,01 TO 03,113.0,Improved,2021,94 years 10 months,700000.0,2025
2026-02,GEYLANG,4 ROOM,34,EUNOS CRES,13 TO 15,85.0,Model A,2006,79 years 10 months,940000.0,2026
2026-01,BEDOK,4 ROOM,121,BEDOK NTH RD,04 TO 06,92.0,New Generation,1978,51 years 03 months,538000.0,2026
2026-01,HOUGANG,4 ROOM,987A,BUANGKOK GREEN,07 TO 09,92.0,Model A,2015,88 years 02 months,645000.0,2026
2025-03,TAMPINES,5 ROOM,843,TAMPINES ST 83,07 TO 09,122.0,Improved,1988,61 years 11 months,716000.0,2025
2025-06,BEDOK,3 ROOM,19,CHAI CHEE RD,01 TO 03,65.0,Improved,1972,46 years 02 months,383000.0,2025
2026-01,SENGKANG,5 ROOM,308C,ANCHORVALE RD,13 TO 15,110.0,Improved,2002,75 years 02 months,658000.0,2026
2026-01,WOODLANDS,5 ROOM,715,WOODLANDS DR 70,10 TO 12,120.0,Improved,1997,70 years 04 months,695888.0,2026
2025-02,SENGKANG,5 ROOM,121D,SENGKANG EAST WAY,07 TO 09,110.0,Improved,2000,74 years 08 months,658000.0,2025
2025-04,TAMPINES,4 ROOM,456,TAMPINES ST 42,10 TO 12,84.0,Simplified,1987,61 years 07 months,563889.0,2025
2025-10,PUNGGOL,4 ROOM,169A,PUNGGOL FIELD,10 TO 12,92.0,Model A,2014,87 years 07 months,650000.0,2025
2025-07,BUKIT MERAH,4 ROOM,106,HENDERSON CRES,13 TO 15,81.0,Improved,1975,48 years 07 months,571000.0,2025
2026-06,QUEENSTOWN,5 ROOM,143,MEI LING ST,10 TO 12,122.0,Improved,1995,68 years 03 months,1120000.0,2026
2025-12,YISHUN,4 ROOM,774,YISHUN AVE 3,04 TO 06,84.0,Simplified,1987,60 years 03 months,492000.0,2025
2026-06,QUEENSTOWN,4 ROOM,83,STRATHMORE AVE,16 TO 18,102.0,Model A,1997,70 years 02 months,1110000.0,2026
2025-04,TAMPINES,3 ROOM,234,TAMPINES ST 21,07 TO 09,73.0,Model A,1984,58 years 08 months,500000.0,2025
2026-06,HOUGANG,4 ROOM,933A,HOUGANG AVE 9,10 TO 12,93.0,Model A,2017,90 years 06 months,730000.0,2026
2025-08,PUNGGOL,5 ROOM,122B,EDGEDALE PLAINS,10 TO 12,113.0,Improved,2017,90 years 09 months,770000.0,2025
2025-07,PUNGGOL,4 ROOM,163B,PUNGGOL CTRL,01 TO 03,95.0,Premium Apartment,2004,78 years 01 month,578000.0,2025
2025-06,GEYLANG,4 ROOM,18C,CIRCUIT RD,10 TO 12,93.0,Model A,2016,90 years 05 months,990000.0,2025
2025-11,TOA PAYOH,4 ROOM,11,LOR 8 TOA PAYOH,04 TO 06,102.0,Model A,1998,71 years 04 months,700000.0,2025
2026-02,SENGKANG,5 ROOM,338B,ANCHORVALE CRES,01 TO 03,113.0,Improved,2018,91 years 04 months,765000.0,2026
2025-05,SEMBAWANG,4 ROOM,489,ADMIRALTY LINK,04 TO 06,96.0,Model A,2010,84 years 04 months,581888.0,2025
2025-11,CHOA CHU KANG,3 ROOM,811B,CHOA CHU KANG AVE 7,10 TO 12,68.0,Model A,2017,91 years 01 month,508000.0,2025
2025-08,BUKIT MERAH,4 ROOM,85,TELOK BLANGAH HTS,19 TO 21,90.0,Model A,2003,76 years 08 months,820000.0,2025
2026-01,TOA PAYOH,3 ROOM,12,LOR 7 TOA PAYOH,01 TO 03,66.0,Improved,1970,43 years 07 months,360000.0,2026
2025-04,SENGKANG,4 ROOM,264A,COMPASSVALE BOW,10 TO 12,92.0,Premium Apartment,2007,81 years 04 months,740000.0,2025
2025-05,SEMBAWANG,4 ROOM,592B,MONTREAL LINK,16 TO 18,93.0,Model A,2015,89 years,610988.0,2025
2026-05,KALLANG/WHAMPOA,3 ROOM,50,DORSET RD,10 TO 12,68.0,New Generation,1979,52 years 01 month,493888.0,2026
2025-04,YISHUN,4 ROOM,825,YISHUN ST 81,01 TO 03,103.0,Model A,1988,62 years 07 months,610000.0,2025
2025-05,BEDOK,3 ROOM,217,BEDOK NTH ST 1,04 TO 06,82.0,New Generation,1979,53 years 06 months,540000.0,2025
2025-08,JURONG WEST,4 ROOM,695,JURONG WEST CTRL 1,10 TO 12,106.0,Premium Apartment,1998,71 years 07 months,655000.0,2025
2026-04,TAMPINES,3 ROOM,259,TAMPINES ST 21,04 TO 06,74.0,Model A,1985,57 years 11 months,427000.0,2026
2025-08,BUKIT PANJANG,5 ROOM,420,FAJAR RD,10 TO 12,128.0,Improved,1989,62 years 11 months,725000.0,2025
2025-01,PUNGGOL,4 ROOM,683C,EDGEDALE PLAINS,04 TO 06,93.0,Premium Apartment,2018,92 years 08 months,730000.0,2025
2026-05,SERANGOON,3 ROOM,152,SERANGOON NTH AVE 1,01 TO 03,64.0,Simplified,1986,59 years 08 months,443000.0,2026
2025-11,TAMPINES,4 ROOM,245,SIMEI ST 5,04 TO 06,105.0,Model A,1997,70 years 03 months,740000.0,2025
2026-04,SEMBAWANG,4 ROOM,425,CANBERRA RD,04 TO 06,90.0,Model A,2001,74 years 02 months,528888.0,2026
2025-03,BUKIT MERAH,3 ROOM,1,TELOK BLANGAH CRES,13 TO 15,66.0,Improved,1983,57 years 01 month,408000.0,2025
2025-01,CHOA CHU KANG,4 ROOM,784,CHOA CHU KANG DR,07 TO 09,109.0,Model A,1997,71 years 01 month,585888.0,2025
2026-02,BUKIT BATOK,4 ROOM,169,BT BATOK WEST AVE 8,04 TO 06,110.0,Model A,1984,57 years 09 months,550000.0,2026
2025-03,HOUGANG,3 ROOM,309,HOUGANG AVE 5,01 TO 03,82.0,New Generation,1982,56 years 08 months,490000.0,2025
2026-05,HOUGANG,4 ROOM,448,HOUGANG AVE 10,10 TO 12,105.0,Model A,1990,63 years,625000.0,2026
2025-02,SERANGOON,4 ROOM,245,SERANGOON AVE 2,10 TO 12,89.0,Simplified,1985,59 years 10 months,753888.0,2025
2026-04,HOUGANG,4 ROOM,161,HOUGANG ST 11,01 TO 03,103.0,Model A,1997,70 years 08 months,695000.0,2026
2025-08,JURONG EAST,3 ROOM,47,TEBAN GDNS RD,04 TO 06,68.0,New Generation,1985,59 years 01 month,375000.0,2025
2025-08,TOA PAYOH,5 ROOM,50,LOR 5 TOA PAYOH,01 TO 03,124.0,Improved,1993,66 years 08 months,888000.0,2025
2025-10,GEYLANG,3 ROOM,325,UBI AVE 1,01 TO 03,64.0,Simplified,1985,59 years,408000.0,2025
2026-06,WOODLANDS,4 ROOM,183A,WOODLANDS ST 13,13 TO 15,93.0,Model A,2019,92 years 05 months,704000.0,2026
2025-08,WOODLANDS,5 ROOM,691A,WOODLANDS DR 73,07 TO 09,113.0,Improved,2018,91 years 10 months,800000.0,2025
2025-08,BEDOK,4 ROOM,724,BEDOK RESERVOIR RD,10 TO 12,103.0,Model A,1984,57 years 11 months,623000.0,2025
2026-04,MARINE PARADE,3 ROOM,33,MARINE CRES,01 TO 03,76.0,Improved,1975,48 years 02 months,510000.0,2026
2025-09,BUKIT BATOK,3 ROOM,146,BT BATOK WEST AVE 6,07 TO 09,68.0,New Generation,1984,58 years,420000.0,2025
2025-12,BISHAN,3 ROOM,115,BISHAN ST 12,01 TO 03,64.0,Simplified,1986,59 years 02 months,540000.0,2025
2026-04,BEDOK,4 ROOM,171,BEDOK STH RD,04 TO 06,84.0,Simplified,1985,58 years 07 months,530000.0,2026
2025-08,TOA PAYOH,3 ROOM,163,LOR 1 TOA PAYOH,07 TO 09,76.0,Improved,1972,45 years 11 months,435000.0,2025
2025-11,HOUGANG,3 ROOM,318,HOUGANG AVE 5,01 TO 03,67.0,New Generation,1982,56 years 02 months,415000.0,2025
2025-07,BEDOK,4 ROOM,762,BEDOK RESERVOIR VIEW,07 TO 09,105.0,Premium Apartment,2000,74 years 06 months,798000.0,2025
2026-01,CHOA CHU KANG,5 ROOM,752,CHOA CHU KANG NTH 5,01 TO 03,128.0,Improved,1995,68 years 05 months,670000.0,2026
2026-01,CLEMENTI,4 ROOM,445B,CLEMENTI AVE 3,10 TO 12,93.0,Model A,2021,94 years 06 months,1130000.0,2026
2025-10,HOUGANG,5 ROOM,954,HOUGANG AVE 9,16 TO 18,121.0,Improved,1999,72 years 07 months,821888.0,2025
2025-05,SENGKANG,4 ROOM,468B,FERNVALE LINK,01 TO 03,93.0,Model A,2016,90 years 04 months,583800.0,2025
2025-01,TAMPINES,4 ROOM,871C,TAMPINES ST 86,07 TO 09,94.0,Model A,2017,91 years 02 months,712500.0,2025
2025-08,BUKIT BATOK,3 ROOM,321,BT BATOK ST 33,04 TO 06,68.0,New Generation,1986,59 years 07 months,410000.0,2025
2025-02,CLEMENTI,4 ROOM,457,CLEMENTI AVE 3,13 TO 15,90.0,Model A,2002,76 years 11 months,860000.0,2025
2025-03,BEDOK,3 ROOM,712,BEDOK RESERVOIR RD,04 TO 06,68.0,New Generation,1981,55 years 05 months,428000.0,2025
2026-01,SEMBAWANG,3 ROOM,103A,CANBERRA ST,07 TO 09,69.0,Model A,2020,94 years,510000.0,2026
2025-03,TAMPINES,5 ROOM,167A,SIMEI LANE,07 TO 09,107.0,DBSS,2011,85 years,938000.0,2025
2026-06,CHOA CHU KANG,4 ROOM,488D,CHOA CHU KANG AVE 5,10 TO 12,93.0,Model A,2016,89 years 01 month,595000.0,2026
2026-03,BEDOK,4 ROOM,55,CHAI CHEE DR,04 TO 06,104.0,Model A,1984,57 years 02 months,525000.0,2026
2026-03,TAMPINES,4 ROOM,159,TAMPINES ST 12,07 TO 09,91.0,New Generation,1984,57 years 03 months,655000.0,2026
2025-08,SEMBAWANG,5 ROOM,329,SEMBAWANG CL,01 TO 03,120.0,Improved,1999,72 years 11 months,605000.0,2025
2025-04,CHOA CHU KANG,4 ROOM,688B,CHOA CHU KANG DR,07 TO 09,90.0,Model A,2002,76 years,508000.0,2025
2026-01,GEYLANG,3 ROOM,36,EUNOS CRES,10 TO 12,60.0,Model A,2006,80 years,702000.0,2026
2025-03,SENGKANG,4 ROOM,216B,COMPASSVALE DR,13 TO 15,92.0,Premium Apartment,2017,91 years 02 months,860000.0,2025
2025-06,SENGKANG,5 ROOM,301C,ANCHORVALE DR,04 TO 06,110.0,Improved,2001,75 years 04 months,680000.0,2025
2025-08,PASIR RIS,5 ROOM,141,PASIR RIS ST 11,07 TO 09,134.0,Model A,1995,68 years 05 months,778888.0,2025
2026-04,BUKIT BATOK,4 ROOM,467A,BT BATOK WEST AVE 9,01 TO 03,93.0,Model A,2021,94 years 04 months,585000.0,2026
2026-02,SEMBAWANG,4 ROOM,108B,CANBERRA WALK,04 TO 06,93.0,Model A,2018,91 years 04 months,630000.0,2026
2026-01,PUNGGOL,4 ROOM,270A,PUNGGOL FIELD,10 TO 12,93.0,Premium Apartment,2013,86 years 01 month,758000.0,2026
2025-02,QUEENSTOWN,3 ROOM,32,GHIM MOH LINK,19 TO 21,68.0,Model A,2018,92 years 05 months,808000.0,2025
2026-03,KALLANG/WHAMPOA,3 ROOM,39,JLN BAHAGIA,01 TO 03,83.4,Terrace,1972,45 years 05 months,878000.0,2026
2025-01,QUEENSTOWN,5 ROOM,131,CLARENCE LANE,07 TO 09,125.0,Improved,1996,70 years 08 months,1148000.0,2025
2025-11,WOODLANDS,4 ROOM,783C,WOODLANDS RISE,10 TO 12,93.0,Model A,2018,91 years 09 months,625000.0,2025
2025-06,TOA PAYOH,5 ROOM,36,LOR 5 TOA PAYOH,22 TO 24,120.0,Improved,1997,71 years 04 months,1020000.0,2025
2025-08,CHOA CHU KANG,4 ROOM,160,JLN TECK WHYE,16 TO 18,101.0,Model A,1998,71 years 06 months,588000.0,2025
2025-09,SENGKANG,4 ROOM,281B,SENGKANG EAST AVE,01 TO 03,92.0,Premium Apartment,2015,88 years 11 months,800000.0,2025
2026-01,BUKIT BATOK,4 ROOM,220,BT BATOK EAST AVE 3,04 TO 06,93.0,New Generation,1985,58 years 03 months,495000.0,2026
2026-04,TAMPINES,5 ROOM,716,TAMPINES ST 71,10 TO 12,119.0,Improved,1997,70 years 01 month,785888.0,2026
2025-08,BUKIT PANJANG,4 ROOM,137,PETIR RD,10 TO 12,103.0,Model A,1989,63 years,530000.0,2025
2025-04,BUKIT PANJANG,3 ROOM,139,PETIR RD,01 TO 03,73.0,Model A,1988,62 years 03 months,415000.0,2025
2025-12,HOUGANG,5 ROOM,575,HOUGANG ST 51,13 TO 15,118.0,Improved,1997,70 years 03 months,730000.0,2025
2025-06,ANG MO KIO,3 ROOM,109,ANG MO KIO AVE 4,10 TO 12,67.0,New Generation,1978,52 years 02 months,420000.0,2025
2025-02,BEDOK,3 ROOM,105,BEDOK NTH AVE 4,07 TO 09,82.0,New Generation,1977,51 years 06 months,500000.0,2025
2025-08,PASIR RIS,4 ROOM,639,PASIR RIS DR 1,07 TO 09,104.0,Model A,1995,68 years 11 months,646000.0,2025
2025-12,BUKIT MERAH,5 ROOM,3,EVERTON PK,01 TO 03,137.0,Improved,1980,53 years 11 months,925000.0,2025
2026-03,ANG MO KIO,5 ROOM,458,ANG MO KIO AVE 10,10 TO 12,120.0,Improved,1980,52 years 11 months,738000.0,2026
2025-07,BEDOK,5 ROOM,14,BEDOK STH AVE 2,04 TO 06,131.0,Model A,1995,69 years 06 months,950000.0,2025
2026-01,HOUGANG,3 ROOM,20,HOUGANG AVE 3,07 TO 09,73.0,New Generation,1978,51 years 05 months,420000.0,2026
2025-12,YISHUN,4 ROOM,655,YISHUN AVE 4,10 TO 12,84.0,Simplified,1987,60 years 09 months,455000.0,2025
2026-05,SENGKANG,4 ROOM,410A,FERNVALE RD,16 TO 18,96.0,Premium Apartment,2012,85 years 06 months,678000.0,2026
2026-03,TAMPINES,3 ROOM,817,TAMPINES ST 81,07 TO 09,73.0,Model A,1984,57 years 06 months,450000.0,2026
2025-10,SEMBAWANG,3 ROOM,590A,MONTREAL LINK,13 TO 15,68.0,Model A,2015,88 years 07 months,510000.0,2025
2025-12,YISHUN,5 ROOM,502C,YISHUN ST 51,01 TO 03,112.0,Improved,2018,91 years 02 months,723000.0,2025
2025-06,BEDOK,3 ROOM,419,BEDOK NTH ST 1,01 TO 03,68.0,New Generation,1979,52 years 08 months,425000.0,2025
2025-02,SENGKANG,4 ROOM,355A,ANCHORVALE LANE,04 TO 06,93.0,Model A,2021,95 years 01 month,640000.0,2025
2026-01,TAMPINES,5 ROOM,862,TAMPINES ST 83,07 TO 09,122.0,Improved,1988,61 years 05 months,785000.0,2026
2025-03,TAMPINES,4 ROOM,608C,TAMPINES NTH DR 1,04 TO 06,93.0,Model A,2020,94 years 08 months,755000.0,2025
2026-04,BEDOK,4 ROOM,621,BEDOK RESERVOIR RD,10 TO 12,98.0,New Generation,1983,55 years 10 months,588000.0,2026
2025-07,SENGKANG,4 ROOM,281B,SENGKANG EAST AVE,01 TO 03,92.0,Premium Apartment,2015,89 years 01 month,785000.0,2025
2026-01,TOA PAYOH,4 ROOM,130B,LOR 1 TOA PAYOH,07 TO 09,93.0,Model A,2018,91 years 07 months,1098000.0,2026
2025-12,ANG MO KIO,5 ROOM,176,ANG MO KIO AVE 4,10 TO 12,119.0,Improved,1993,66 years 05 months,938000.0,2025
2025-10,JURONG WEST,5 ROOM,672A,JURONG WEST ST 65,04 TO 06,110.0,Improved,2002,76 years,618000.0,2025
2025-05,HOUGANG,4 ROOM,996B,BUANGKOK CRES,01 TO 03,92.0,Model A,2019,93 years 05 months,618000.0,2025
2025-05,TAMPINES,5 ROOM,612B,TAMPINES NTH DR 1,10 TO 12,113.0,Improved,2020,94 years 06 months,900000.0,2025
2025-01,BUKIT MERAH,4 ROOM,115,BT PURMEI RD,04 TO 06,103.0,Model A,1985,59 years 03 months,698000.0,2025
2026-05,YISHUN,4 ROOM,273,YISHUN ST 22,07 TO 09,108.0,Model A,1986,59 years 03 months,525000.0,2026
2025-04,PASIR RIS,5 ROOM,639,PASIR RIS DR 1,01 TO 03,122.0,Improved,1995,69 years 04 months,720000.0,2025
2026-05,SENGKANG,4 ROOM,274C,COMPASSVALE BOW,01 TO 03,92.0,Model A,2017,90 years 07 months,775000.0,2026
2025-04,SENGKANG,5 ROOM,440A,FERNVALE LINK,22 TO 24,113.0,Improved,2015,89 years 04 months,800888.0,2025
2025-08,GEYLANG,3 ROOM,31,EUNOS CRES,10 TO 12,60.0,Model A,2007,80 years 05 months,702000.0,2025
2025-08,BUKIT BATOK,5 ROOM,450B,BT BATOK WEST AVE 6,13 TO 15,113.0,Improved,2019,92 years 07 months,860000.0,2025
2025-09,BUKIT MERAH,3 ROOM,44,TELOK BLANGAH DR,07 TO 09,65.0,Improved,1976,49 years 04 months,415000.0,2025
2025-07,ANG MO KIO,4 ROOM,307A,ANG MO KIO AVE 1,19 TO 21,97.0,Model A,2012,86 years 02 months,966000.0,2025
2025-05,BISHAN,4 ROOM,25,SIN MING RD,07 TO 09,88.0,Improved,1974,48 years 03 months,508000.0,2025
2025-11,JURONG WEST,4 ROOM,339B,KANG CHING RD,19 TO 21,92.0,Model A,2012,85 years 05 months,670000.0,2025
2026-05,HOUGANG,4 ROOM,603,HOUGANG AVE 4,04 TO 06,104.0,Model A,1985,58 years 06 months,625000.0,2026
2025-09,TAMPINES,5 ROOM,367,TAMPINES ST 34,01 TO 03,120.0,Improved,1997,70 years 08 months,726888.0,2025
2025-08,YISHUN,5 ROOM,657,YISHUN AVE 4,10 TO 12,120.0,Improved,1987,61 years 03 months,720000.0,2025
2025-02,TAMPINES,4 ROOM,164,TAMPINES ST 12,10 TO 12,103.0,Model A,1984,58 years 10 months,650000.0,2025
2026-04,KALLANG/WHAMPOA,4 ROOM,2D,UPP BOON KENG RD,25 TO 27,90.0,Model A,2006,79 years 05 months,995000.0,2026
2025-02,BUKIT BATOK,3 ROOM,448A,BT BATOK WEST AVE 9,19 TO 21,68.0,Model A,2019,93 years 02 months,560000.0,2025
2026-04,BUKIT PANJANG,4 ROOM,601,SENJA RD,04 TO 06,91.0,Model A2,1999,71 years 11 months,675000.0,2026
2025-04,HOUGANG,4 ROOM,365B,UPP SERANGOON RD,13 TO 15,92.0,Model A,2018,91 years 11 months,804088.0,2025
2025-03,ANG MO KIO,5 ROOM,354,ANG MO KIO ST 32,04 TO 06,110.0,Improved,2001,75 years 07 months,928000.0,2025
2026-04,CHOA CHU KANG,5 ROOM,762,CHOA CHU KANG NTH 5,01 TO 03,119.0,Improved,1996,69 years 05 months,655000.0,2026
2026-02,HOUGANG,3 ROOM,987B,BUANGKOK GREEN,04 TO 06,68.0,Model A,2015,88 years 01 month,520000.0,2026
2025-01,JURONG WEST,5 ROOM,555,JURONG WEST ST 42,04 TO 06,135.0,Model A,1985,59 years 05 months,631000.0,2025
2025-12,TAMPINES,5 ROOM,229,TAMPINES ST 23,01 TO 03,121.0,Improved,1985,58 years 06 months,680000.0,2025
2026-01,BEDOK,3 ROOM,50,CHAI CHEE ST,10 TO 12,68.0,New Generation,1981,54 years 06 months,415000.0,2026
2026-01,BEDOK,4 ROOM,182,BEDOK NTH RD,19 TO 21,85.0,Model A,2006,79 years 01 month,785000.0,2026
2025-03,YISHUN,4 ROOM,655,YISHUN AVE 4,07 TO 09,84.0,Simplified,1987,61 years 06 months,508000.0,2025
2025-09,JURONG WEST,4 ROOM,950,JURONG WEST ST 91,07 TO 09,103.0,Model A,1989,62 years 08 months,495000.0,2025
2025-01,BEDOK,3 ROOM,502,BEDOK NTH ST 3,04 TO 06,70.0,Improved,1978,52 years 05 months,440000.0,2025
2025-08,TOA PAYOH,3 ROOM,231,LOR 8 TOA PAYOH,10 TO 12,65.0,Improved,1976,50 years 03 months,390000.0,2025
2025-11,SENGKANG,5 ROOM,452A,SENGKANG WEST WAY,22 TO 24,111.0,Improved,2015,88 years 07 months,800000.0,2025
2025-05,JURONG EAST,4 ROOM,64,TEBAN GDNS RD,25 TO 27,91.0,Model A,2003,77 years 02 months,585000.0,2025
2025-04,CHOA CHU KANG,3 ROOM,1,TECK WHYE AVE,07 TO 09,74.0,Model A,1984,58 years 07 months,418000.0,2025
2026-05,WOODLANDS,4 ROOM,349,WOODLANDS AVE 3,10 TO 12,84.0,Simplified,1988,61 years 04 months,492500.0,2026
2025-11,BUKIT BATOK,5 ROOM,442C,BT BATOK WEST AVE 8,07 TO 09,112.0,Improved,2019,92 years 05 months,828000.0,2025
2026-04,TAMPINES,5 ROOM,389,TAMPINES ST 32,01 TO 03,127.0,Improved,1993,66 years 05 months,755000.0,2026
2025-02,YISHUN,3 ROOM,753,YISHUN ST 72,04 TO 06,65.0,Simplified,1986,60 years 11 months,415000.0,2025
2025-01,TAMPINES,5 ROOM,231,SIMEI ST 4,04 TO 06,127.0,Improved,1989,63 years 04 months,800000.0,2025
2025-01,PUNGGOL,4 ROOM,232B,SUMANG LANE,04 TO 06,93.0,Model A,2018,92 years 11 months,620000.0,2025
2025-08,PASIR RIS,5 ROOM,565,PASIR RIS ST 51,04 TO 06,121.0,Improved,1992,66 years 05 months,735000.0,2025
2026-04,BUKIT BATOK,3 ROOM,451A,BT BATOK WEST AVE 6,16 TO 18,67.0,Model A,2019,91 years 11 months,525000.0,2026
2025-07,WOODLANDS,3 ROOM,159,WOODLANDS ST 13,04 TO 06,73.0,Model A,1990,63 years 11 months,420000.0,2025
2025-04,BUKIT BATOK,4 ROOM,296A,BT BATOK ST 22,19 TO 21,92.0,Premium Apartment,2018,92 years,815000.0,2025
2025-12,GEYLANG,4 ROOM,324,UBI AVE 1,10 TO 12,84.0,Simplified,1985,58 years 07 months,580000.0,2025
2026-03,JURONG EAST,4 ROOM,288E,JURONG EAST ST 21,10 TO 12,100.0,Model A,2000,73 years 01 month,668888.0,2026
2025-06,JURONG WEST,4 ROOM,936,JURONG WEST ST 91,04 TO 06,103.0,Model A,1989,62 years 10 months,509000.0,2025
2026-04,YISHUN,3 ROOM,342B,YISHUN RING RD,10 TO 12,68.0,Premium Apartment,2016,88 years 10 months,500000.0,2026
2025-02,BUKIT BATOK,5 ROOM,461C,BT BATOK WEST AVE 8,01 TO 03,114.0,Improved,2019,93 years 08 months,730000.0,2025
2026-05,PUNGGOL,5 ROOM,226A,SUMANG LANE,04 TO 06,114.0,Premium Apartment,2018,90 years 11 months,780000.0,2026
2026-06,SENGKANG,4 ROOM,275C,COMPASSVALE LINK,10 TO 12,90.0,Premium Apartment,2009,82 years 01 month,850888.0,2026
2025-01,PUNGGOL,4 ROOM,612C,PUNGGOL DR,04 TO 06,93.0,Model A,2012,87 years,625000.0,2025
2026-05,BUKIT BATOK,5 ROOM,202,BT BATOK ST 21,22 TO 24,133.0,Model A,1985,58 years 03 months,822000.0,2026
2025-01,TAMPINES,4 ROOM,612B,TAMPINES NTH DR 1,07 TO 09,93.0,Model A,2020,94 years 10 months,740000.0,2025
2025-04,SEMBAWANG,4 ROOM,102A,CANBERRA ST,04 TO 06,93.0,Model A,2020,94 years 09 months,650000.0,2025
2026-05,BUKIT MERAH,3 ROOM,58,HAVELOCK RD,04 TO 06,69.0,Model A,2013,86 years 01 month,738000.0,2026
2025-06,TAMPINES,4 ROOM,715,TAMPINES ST 71,04 TO 06,99.0,Model A,1997,70 years 11 months,665000.0,2025
2026-01,JURONG EAST,5 ROOM,406,PANDAN GDNS,04 TO 06,114.0,Standard,1979,52 years 03 months,488888.0,2026
2025-09,HOUGANG,4 ROOM,138,LOR AH SOO,07 TO 09,103.0,Model A,1984,58 years 01 month,590000.0,2025
2025-01,WOODLANDS,4 ROOM,787E,WOODLANDS CRES,13 TO 15,100.0,Model A,1997,71 years 11 months,580000.0,2025
2026-02,BUKIT MERAH,3 ROOM,13,TELOK BLANGAH CRES,07 TO 09,65.0,Improved,1975,48 years 11 months,375888.0,2026
2026-05,QUEENSTOWN,3 ROOM,158,MEI LING ST,10 TO 12,66.0,Improved,1970,42 years 09 months,365000.0,2026
2025-12,SENGKANG,4 ROOM,215B,COMPASSVALE DR,07 TO 09,92.0,Premium Apartment,2017,90 years 05 months,852800.0,2025
2025-10,KALLANG/WHAMPOA,4 ROOM,43,CAMBRIDGE RD,07 TO 09,91.0,New Generation,1982,55 years 08 months,685000.0,2025
2025-02,ANG MO KIO,4 ROOM,103,ANG MO KIO AVE 3,07 TO 09,99.0,New Generation,1978,52 years 01 month,613000.0,2025
2025-01,WOODLANDS,4 ROOM,860,WOODLANDS ST 83,07 TO 09,106.0,Model A,1996,70 years 04 months,545000.0,2025
2025-07,WOODLANDS,4 ROOM,897C,WOODLANDS DR 50,10 TO 12,99.0,Model A,1997,71 years,585000.0,2025
2026-01,PASIR RIS,3 ROOM,4,CHANGI VILLAGE RD,01 TO 03,66.0,Improved,1980,53 years 06 months,339000.0,2026
2025-04,TAMPINES,3 ROOM,211,TAMPINES ST 23,07 TO 09,69.0,New Generation,1985,59 years 03 months,503000.0,2025
2026-04,TAMPINES,4 ROOM,909,TAMPINES AVE 4,01 TO 03,105.0,Model A,1984,57 years,628000.0,2026
2026-04,TAMPINES,4 ROOM,873,TAMPINES ST 84,04 TO 06,104.0,Model A,1988,61 years 08 months,630000.0,2026
2025-04,QUEENSTOWN,3 ROOM,109,C'WEALTH CRES,04 TO 06,60.0,Standard,1969,42 years 10 months,380000.0,2025
2025-02,PUNGGOL,4 ROOM,612B,PUNGGOL DR,07 TO 09,93.0,Model A,2012,87 years,655888.0,2025
2025-12,BEDOK,3 ROOM,501,BEDOK NTH ST 3,07 TO 09,59.0,Improved,1978,51 years 05 months,380000.0,2025
2025-11,PUNGGOL,5 ROOM,102C,PUNGGOL FIELD,01 TO 03,110.0,Improved,2002,76 years 01 month,628000.0,2025
2026-04,CHOA CHU KANG,5 ROOM,472,CHOA CHU KANG AVE 3,04 TO 06,121.0,Improved,1999,72 years,620000.0,2026
2026-01,JURONG WEST,4 ROOM,812,JURONG WEST ST 81,10 TO 12,104.0,Model A,1990,63 years 04 months,480000.0,2026
2025-04,BUKIT MERAH,4 ROOM,90B,TELOK BLANGAH ST 31,07 TO 09,93.0,Model A,2018,92 years 09 months,938000.0,2025
2026-02,BUKIT MERAH,4 ROOM,104,BT PURMEI RD,01 TO 03,105.0,Model A,1984,57 years 03 months,630000.0,2026
2026-05,QUEENSTOWN,3 ROOM,87,DAWSON RD,28 TO 30,65.0,Premium Apartment,2016,89 years 04 months,830000.0,2026
2026-01,YISHUN,5 ROOM,238,YISHUN RING RD,04 TO 06,125.0,Improved,1985,58 years 07 months,590000.0,2026
2026-03,CHOA CHU KANG,3 ROOM,535,CHOA CHU KANG ST 51,04 TO 06,69.0,Model A,2011,84 years 07 months,460000.0,2026
2025-09,GEYLANG,4 ROOM,17A,CIRCUIT RD,01 TO 03,93.0,Model A,2016,90 years 02 months,868000.0,2025
2026-03,CHOA CHU KANG,5 ROOM,810A,CHOA CHU KANG AVE 7,07 TO 09,113.0,Improved,2017,90 years 09 months,680000.0,2026
2026-01,BUKIT MERAH,4 ROOM,25B,JLN MEMBINA,19 TO 21,90.0,Model A,2009,82 years,1020000.0,2026
2026-06,CENTRAL AREA,5 ROOM,671A,KLANG LANE,13 TO 15,105.0,Improved,2003,75 years 09 months,780000.0,2026
2025-06,TOA PAYOH,3 ROOM,115,LOR 1 TOA PAYOH,01 TO 03,65.0,Improved,1967,41 years,380000.0,2025
2025-02,SENGKANG,4 ROOM,356B,ANCHORVALE LANE,16 TO 18,93.0,Model A,2021,95 years 01 month,700000.0,2025
2026-05,TAMPINES,4 ROOM,618B,TAMPINES ST 61,13 TO 15,93.0,Model A,2021,94 years 05 months,820000.0,2026
2025-01,KALLANG/WHAMPOA,3 ROOM,65,KALLANG BAHRU,01 TO 03,65.0,Improved,1981,55 years 01 month,430000.0,2025
2025-02,SEMBAWANG,4 ROOM,314,SEMBAWANG DR,01 TO 03,90.0,Model A2,1999,73 years 01 month,540000.0,2025
2025-02,PUNGGOL,5 ROOM,174A,EDGEDALE PLAINS,10 TO 12,110.0,Improved,2003,77 years 09 months,685000.0,2025
2025-08,TOA PAYOH,5 ROOM,147,LOR 2 TOA PAYOH,13 TO 15,110.0,Improved,2006,79 years 05 months,1175000.0,2025
2026-01,CHOA CHU KANG,4 ROOM,281,CHOA CHU KANG AVE 3,13 TO 15,104.0,Model A,1992,65 years 07 months,590000.0,2026
2025-12,SENGKANG,4 ROOM,289A,COMPASSVALE CRES,01 TO 03,93.0,Premium Apartment,2017,91 years,608000.0,2025
2025-01,QUEENSTOWN,4 ROOM,23B,QUEEN'S CL,07 TO 09,89.0,Improved,1973,47 years 05 months,400000.0,2025
2026-02,TAMPINES,4 ROOM,876A,TAMPINES AVE 8,13 TO 15,93.0,Model A,2021,94 years 10 months,763888.0,2026
2026-03,JURONG WEST,4 ROOM,676B,JURONG WEST ST 64,01 TO 03,92.0,Premium Apartment,2008,81 years 04 months,535000.0,2026
2025-09,ANG MO KIO,5 ROOM,596D,ANG MO KIO ST 52,19 TO 21,110.0,Improved,2003,76 years 05 months,1068888.0,2025
2025-03,WOODLANDS,3 ROOM,573A,WOODLANDS DR 16,04 TO 06,68.0,Model A,2018,92 years 04 months,485000.0,2025
2025-11,CHOA CHU KANG,4 ROOM,702,CHOA CHU KANG ST 53,04 TO 06,109.0,Model A,1995,68 years 07 months,510000.0,2025
2025-07,YISHUN,3 ROOM,146,YISHUN ST 11,07 TO 09,72.0,New Generation,1985,58 years 09 months,460000.0,2025
2025-12,KALLANG/WHAMPOA,3 ROOM,2,BEACH RD,13 TO 15,74.0,Improved,1979,52 years 09 months,538000.0,2025
2026-05,HOUGANG,3 ROOM,114,HOUGANG AVE 1,04 TO 06,79.0,New Generation,1982,54 years 09 months,485000.0,2026
2025-01,SENGKANG,3 ROOM,353B,ANCHORVALE LANE,16 TO 18,68.0,Model A,2021,95 years 03 months,563000.0,2025
2026-04,HOUGANG,4 ROOM,470B,UPP SERANGOON CRES,16 TO 18,92.0,Model A,2015,88 years 02 months,700000.0,2026
2025-10,KALLANG/WHAMPOA,3 ROOM,20,ST. GEORGE'S RD,07 TO 09,67.0,New Generation,1984,58 years,450000.0,2025
2025-12,TAMPINES,5 ROOM,393,TAMPINES AVE 7,10 TO 12,128.0,Improved,1994,67 years 11 months,850000.0,2025
2026-01,SEMBAWANG,5 ROOM,504D,MONTREAL DR,07 TO 09,110.0,Improved,2001,74 years 05 months,640888.0,2026
2026-06,ANG MO KIO,4 ROOM,315A,ANG MO KIO ST 31,07 TO 09,95.0,Model A,2006,78 years 11 months,860000.0,2026
2025-01,PUNGGOL,5 ROOM,233B,SUMANG LANE,13 TO 15,113.0,Improved,2018,92 years 11 months,780000.0,2025
2025-04,KALLANG/WHAMPOA,3 ROOM,12,FARRER PK RD,10 TO 12,62.0,Model A,2004,78 years 03 months,650000.0,2025
2025-07,TAMPINES,4 ROOM,605C,TAMPINES ST 61,04 TO 06,92.0,Model A,2020,93 years 08 months,738000.0,2025
2025-05,YISHUN,4 ROOM,431A,YISHUN AVE 1,04 TO 06,92.0,Model A,2015,89 years 05 months,565000.0,2025
2025-02,BISHAN,3 ROOM,307,SHUNFU RD,10 TO 12,67.0,New Generation,1985,59 years 04 months,565000.0,2025
2025-07,ANG MO KIO,4 ROOM,466,ANG MO KIO AVE 10,04 TO 06,93.0,New Generation,1984,58 years 03 months,533000.0,2025
2025-11,BUKIT BATOK,4 ROOM,131,BT BATOK WEST AVE 6,07 TO 09,103.0,Model A,1984,58 years 02 months,578000.0,2025
2025-05,PUNGGOL,4 ROOM,612C,PUNGGOL DR,01 TO 03,93.0,Model A,2012,86 years 08 months,620000.0,2025
2025-08,PASIR RIS,5 ROOM,769,PASIR RIS ST 71,07 TO 09,125.0,Improved,1996,70 years 01 month,722000.0,2025
2026-05,WOODLANDS,5 ROOM,183A,WOODLANDS ST 13,10 TO 12,113.0,Improved,2019,92 years 06 months,848000.0,2026
2025-11,JURONG EAST,3 ROOM,34,TEBAN GDNS RD,01 TO 03,74.0,Improved,1977,50 years 07 months,358000.0,2025
2025-07,QUEENSTOWN,4 ROOM,50,C'WEALTH DR,37 TO 39,93.0,Model A,2015,88 years 08 months,1100000.0,2025
2026-05,JURONG WEST,4 ROOM,348,KANG CHING RD,04 TO 06,102.0,Model A,1997,70 years,553000.0,2026
2026-06,YISHUN,3 ROOM,320,YISHUN CTRL,04 TO 06,74.0,Model A,1988,60 years 09 months,428000.0,2026
2025-12,TAMPINES,3 ROOM,494E,TAMPINES ST 43,10 TO 12,67.0,Model A,2015,88 years 11 months,540000.0,2025
2025-12,SENGKANG,5 ROOM,206B,COMPASSVALE LANE,13 TO 15,123.0,Improved,1999,72 years 08 months,755000.0,2025
2026-04,BUKIT MERAH,3 ROOM,31,TELOK BLANGAH RISE,04 TO 06,70.0,Improved,1976,49 years 02 months,418000.0,2026
2026-01,CHOA CHU KANG,4 ROOM,573,CHOA CHU KANG ST 52,04 TO 06,92.0,Model A,2015,88 years 01 month,615000.0,2026
2025-06,YISHUN,4 ROOM,259,YISHUN ST 22,10 TO 12,84.0,Simplified,1986,60 years,510000.0,2025
2025-07,TAMPINES,3 ROOM,845,TAMPINES ST 83,07 TO 09,74.0,Model A,1987,61 years 06 months,480000.0,2025
2026-01,BUKIT MERAH,4 ROOM,54,HAVELOCK RD,25 TO 27,94.0,Model A,2013,86 years 05 months,1080000.0,2026
2025-07,PUNGGOL,4 ROOM,207C,PUNGGOL PL,07 TO 09,92.0,Model A,2014,87 years 11 months,690000.0,2025
2026-01,BUKIT PANJANG,4 ROOM,487,SEGAR RD,07 TO 09,93.0,Model A,2014,88 years 01 month,569000.0,2026
2025-10,PASIR RIS,4 ROOM,521,PASIR RIS ST 52,13 TO 15,108.0,Model A,1993,67 years 04 months,708000.0,2025
2025-01,TAMPINES,3 ROOM,851,TAMPINES ST 83,04 TO 06,74.0,Model A,1987,61 years 11 months,460000.0,2025
2026-05,PUNGGOL,4 ROOM,120B,EDGEDALE PLAINS,16 TO 18,93.0,Model A,2017,90 years 01 month,625000.0,2026
2025-05,BEDOK,3 ROOM,608,BEDOK RESERVOIR RD,07 TO 09,67.0,New Generation,1982,56 years 02 months,418000.0,2025
2025-07,BUKIT BATOK,5 ROOM,450B,BT BATOK WEST AVE 6,07 TO 09,115.0,Improved,2019,92 years 08 months,830000.0,2025
2025-04,GEYLANG,3 ROOM,109,ALJUNIED CRES,04 TO 06,60.0,Improved,1986,59 years 10 months,445000.0,2025
2025-03,TAMPINES,4 ROOM,126,TAMPINES ST 11,04 TO 06,103.0,Model A,1985,59 years 09 months,608000.0,2025
2026-01,CENTRAL AREA,3 ROOM,269B,QUEEN ST,04 TO 06,67.0,New Generation,1984,57 years 05 months,630000.0,2026
2025-01,BUKIT BATOK,5 ROOM,453A,BT BATOK WEST AVE 6,01 TO 03,115.0,Improved,2019,93 years 03 months,720000.0,2025
2026-01,SENGKANG,5 ROOM,260C,SENGKANG EAST WAY,13 TO 15,110.0,Improved,2001,74 years 01 month,748000.0,2026
2026-05,HOUGANG,4 ROOM,648,HOUGANG AVE 8,04 TO 06,84.0,Simplified,1987,60 years 06 months,500000.0,2026
2026-05,TAMPINES,5 ROOM,243,SIMEI ST 5,07 TO 09,121.0,Improved,1997,69 years 11 months,860000.0,2026
2025-10,TAMPINES,3 ROOM,914,TAMPINES ST 91,04 TO 06,73.0,Model A,1984,57 years 11 months,490000.0,2025
2025-12,BEDOK,4 ROOM,520,BEDOK NTH AVE 1,10 TO 12,92.0,New Generation,1979,52 years 08 months,525000.0,2025
2025-05,JURONG WEST,3 ROOM,187,BOON LAY AVE,10 TO 12,59.0,Improved,1978,52 years 03 months,331268.0,2025
2025-02,PASIR RIS,4 ROOM,146,PASIR RIS ST 11,07 TO 09,105.0,Model A,1995,69 years,600000.0,2025
2026-06,YISHUN,5 ROOM,412,YISHUN RING RD,01 TO 03,123.0,Improved,1993,65 years 09 months,650000.0,2026
2026-01,CHOA CHU KANG,5 ROOM,159,JLN TECK WHYE,01 TO 03,122.0,Improved,1998,71 years 01 month,695000.0,2026
2025-10,ANG MO KIO,3 ROOM,219,ANG MO KIO AVE 1,10 TO 12,67.0,New Generation,1977,50 years 10 months,425000.0,2025
2025-02,BEDOK,4 ROOM,769,BEDOK RESERVOIR VIEW,07 TO 09,105.0,Premium Apartment,2000,74 years 11 months,728000.0,2025
2025-07,YISHUN,3 ROOM,671A,YISHUN AVE 4,04 TO 06,68.0,Model A,2018,91 years 07 months,480000.0,2025
2026-03,HOUGANG,4 ROOM,683,HOUGANG AVE 8,01 TO 03,85.0,Simplified,1989,62 years 08 months,535000.0,2026
2026-05,KALLANG/WHAMPOA,4 ROOM,6,BOON KENG RD,07 TO 09,106.0,Model A,1996,69 years 06 months,920000.0,2026
2026-01,PASIR RIS,5 ROOM,557,PASIR RIS ST 51,07 TO 09,123.0,Improved,1993,66 years 06 months,768000.0,2026
2025-11,TOA PAYOH,3 ROOM,233,LOR 8 TOA PAYOH,01 TO 03,66.0,Improved,1981,55 years,343000.0,2025
2025-12,TAMPINES,3 ROOM,883,TAMPINES ST 84,10 TO 12,74.0,Model A,1988,61 years 05 months,520000.0,2025
2025-04,YISHUN,4 ROOM,173,YISHUN AVE 7,10 TO 12,83.0,Simplified,1987,61 years 06 months,480000.0,2025
2025-03,SEMBAWANG,4 ROOM,126A,CANBERRA ST,10 TO 12,96.0,Model A,2021,94 years 10 months,700000.0,2025
2026-03,ANG MO KIO,3 ROOM,445,ANG MO KIO AVE 10,04 TO 06,82.0,New Generation,1979,52 years 06 months,440000.0,2026
2025-12,TAMPINES,5 ROOM,440,TAMPINES ST 43,04 TO 06,122.0,Improved,1986,59 years 05 months,630000.0,2025
2025-01,YISHUN,4 ROOM,334A,YISHUN ST 31,13 TO 15,92.0,Model A,2015,89 years 11 months,605000.0,2025
2025-11,BUKIT BATOK,3 ROOM,451A,BT BATOK WEST AVE 6,04 TO 06,67.0,Model A,2019,92 years 05 months,500000.0,2025
2026-05,BEDOK,3 ROOM,532,BEDOK NTH ST 3,01 TO 03,68.0,New Generation,1980,52 years 09 months,382000.0,2026
2025-01,BUKIT MERAH,4 ROOM,112,BT PURMEI RD,07 TO 09,103.0,Model A,1985,59 years 03 months,708888.0,2025
2025-03,YISHUN,3 ROOM,714,YISHUN ST 71,07 TO 09,64.0,Simplified,1988,62 years 01 month,425000.0,2025
2025-05,SENGKANG,3 ROOM,470B,FERNVALE LINK,07 TO 09,68.0,Model A,2016,90 years 04 months,530000.0,2025
2026-04,JURONG WEST,4 ROOM,197A,BOON LAY DR,04 TO 06,93.0,Model A,2015,88 years,620888.0,2026
2026-02,WOODLANDS,4 ROOM,691D,WOODLANDS DR 73,01 TO 03,93.0,Model A,2018,91 years 05 months,630000.0,2026
2026-01,PASIR RIS,4 ROOM,446,PASIR RIS DR 6,04 TO 06,107.0,Model A,1989,62 years 10 months,622000.0,2026
2025-04,YISHUN,3 ROOM,703,YISHUN AVE 5,10 TO 12,68.0,New Generation,1984,57 years 09 months,428000.0,2025
2026-01,SENGKANG,5 ROOM,336B,ANCHORVALE CRES,13 TO 15,112.0,Premium Apartment,2015,88 years 11 months,878000.0,2026
2025-05,HOUGANG,5 ROOM,111,HOUGANG AVE 1,01 TO 03,137.0,Improved-Maisonette,1983,56 years 11 months,960000.0,2025
2025-03,CHOA CHU KANG,5 ROOM,816A,KEAT HONG LINK,13 TO 15,112.0,Improved,2017,91 years 06 months,730000.0,2025
2025-09,TOA PAYOH,4 ROOM,264,TOA PAYOH EAST,01 TO 03,93.0,Model A,2019,93 years 03 months,850000.0,2025
2026-05,JURONG EAST,3 ROOM,54,TEBAN GDNS RD,01 TO 03,64.0,Simplified,1986,59 years 04 months,355000.0,2026
2026-01,BUKIT PANJANG,3 ROOM,229,PENDING RD,01 TO 03,73.0,Model A,1988,62 years 01 month,435000.0,2026
2025-10,TAMPINES,5 ROOM,614B,TAMPINES NTH DR 1,07 TO 09,113.0,Improved,2021,94 years 04 months,940000.0,2025
2025-10,HOUGANG,3 ROOM,932B,HOUGANG AVE 9,13 TO 15,67.0,Model A,2017,91 years 01 month,578888.0,2025
2025-06,ANG MO KIO,3 ROOM,549,ANG MO KIO AVE 10,04 TO 06,68.0,New Generation,1981,54 years 07 months,415000.0,2025
2025-05,PUNGGOL,4 ROOM,667A,PUNGGOL DR,04 TO 06,93.0,Premium Apartment,2016,89 years 10 months,685000.0,2025
2026-04,QUEENSTOWN,3 ROOM,109,C'WEALTH CRES,07 TO 09,60.0,Standard,1969,41 years 09 months,348000.0,2026
2025-05,WOODLANDS,4 ROOM,370,WOODLANDS AVE 1,10 TO 12,104.0,Model A,1996,70 years 06 months,610000.0,2025
2025-05,CENTRAL AREA,4 ROOM,633,VEERASAMY RD,04 TO 06,113.0,Model A,1985,59 years 02 months,800000.0,2025
2025-10,HOUGANG,3 ROOM,994B,BUANGKOK LINK,04 TO 06,69.0,Model A,2021,94 years 03 months,530000.0,2025
2026-03,SENGKANG,4 ROOM,287C,COMPASSVALE CRES,07 TO 09,93.0,Premium Apartment,2017,90 years 09 months,630000.0,2026
2025-05,QUEENSTOWN,3 ROOM,89,TANGLIN HALT RD,13 TO 15,60.0,Model A,2008,82 years 04 months,650000.0,2025
2026-02,QUEENSTOWN,4 ROOM,28B,DOVER CRES,16 TO 18,88.0,Model A,2012,85 years 02 months,945000.0,2026
2025-03,TAMPINES,3 ROOM,613B,TAMPINES NTH DR 1,04 TO 06,69.0,Model A,2020,94 years 08 months,550000.0,2025
2026-01,JURONG WEST,4 ROOM,706,JURONG WEST ST 71,04 TO 06,111.0,Model A,1995,68 years 07 months,535000.0,2026
2025-02,BEDOK,4 ROOM,169,BEDOK STH AVE 3,07 TO 09,105.0,Model A,1985,59 years 03 months,600000.0,2025
2026-01,WOODLANDS,4 ROOM,899A,WOODLANDS DR 50,04 TO 06,99.0,Model A,1997,70 years 09 months,548000.0,2026
2025-07,TOA PAYOH,5 ROOM,249,KIM KEAT LINK,07 TO 09,121.0,Improved,1988,62 years 05 months,835000.0,2025
2025-01,BUKIT BATOK,3 ROOM,440A,BT BATOK WEST AVE 8,01 TO 03,67.0,Model A,2019,93 years 04 months,450000.0,2025
2025-09,YISHUN,4 ROOM,432A,YISHUN AVE 1,10 TO 12,92.0,Model A,2015,89 years,595000.0,2025
2025-10,BEDOK,3 ROOM,531,BEDOK NTH ST 3,01 TO 03,68.0,New Generation,1979,52 years 11 months,395000.0,2025
2025-04,BUKIT BATOK,4 ROOM,463B,BT BATOK ST 41,10 TO 12,93.0,Model A,2021,95 years 04 months,690000.0,2025
2025-06,TAMPINES,3 ROOM,898,TAMPINES ST 81,10 TO 12,74.0,Model A,1988,61 years 10 months,510000.0,2025
2025-05,BUKIT TIMAH,5 ROOM,16,TOH YI DR,07 TO 09,122.0,Improved,1988,62 years 06 months,1190000.0,2025
2026-03,CLEMENTI,4 ROOM,332,CLEMENTI AVE 2,04 TO 06,92.0,New Generation,1978,51 years 05 months,680000.0,2026
2025-09,BEDOK,3 ROOM,218,BEDOK NTH ST 1,01 TO 03,68.0,New Generation,1980,53 years 06 months,440888.0,2025
2026-02,YISHUN,4 ROOM,270,YISHUN ST 22,10 TO 12,104.0,Model A,1987,60 years 10 months,522888.0,2026
2026-03,BUKIT MERAH,4 ROOM,53,HAVELOCK RD,31 TO 33,94.0,Model A,2013,86 years 03 months,1148000.0,2026
2025-01,HOUGANG,4 ROOM,355,HOUGANG AVE 7,04 TO 06,93.0,New Generation,1985,59 years 02 months,560000.0,2025
2025-08,WOODLANDS,3 ROOM,1,MARSILING DR,07 TO 09,65.0,Improved,1974,47 years 11 months,350000.0,2025
2025-10,TAMPINES,3 ROOM,244,TAMPINES ST 21,04 TO 06,74.0,Model A,1984,57 years 08 months,508888.0,2025
2025-06,SEMBAWANG,4 ROOM,120B,CANBERRA CRES,04 TO 06,93.0,Model A,2018,91 years 08 months,680000.0,2025
2026-02,SERANGOON,4 ROOM,328,SERANGOON AVE 3,07 TO 09,104.0,Model A,1986,59 years 04 months,835000.0,2026
2025-10,JURONG EAST,4 ROOM,274,TOH GUAN RD,04 TO 06,101.0,Model A,1999,72 years 04 months,585000.0,2025
2025-04,TAMPINES,3 ROOM,520A,TAMPINES CTRL 8,13 TO 15,62.0,DBSS,2014,88 years 03 months,680000.0,2025
2025-03,SEMBAWANG,4 ROOM,129B,CANBERRA ST,07 TO 09,93.0,Model A,2018,92 years 08 months,665000.0,2025
2025-09,PUNGGOL,4 ROOM,106C,PUNGGOL FIELD,04 TO 06,90.0,Model A,2003,76 years 07 months,568888.0,2025
2025-01,HOUGANG,4 ROOM,504,HOUGANG AVE 8,04 TO 06,84.0,Simplified,1987,61 years 08 months,527000.0,2025
2025-04,TAMPINES,3 ROOM,854,TAMPINES ST 82,01 TO 03,74.0,Model A,1985,59 years 06 months,475000.0,2025
2026-01,TAMPINES,5 ROOM,864,TAMPINES ST 83,13 TO 15,127.0,Improved,1988,61 years 07 months,828000.0,2026
2025-05,KALLANG/WHAMPOA,3 ROOM,105,TOWNER RD,07 TO 09,74.0,Model A,1984,58 years 08 months,648888.0,2025
2025-09,SERANGOON,3 ROOM,305,SERANGOON AVE 2,04 TO 06,60.0,Improved,1985,58 years 08 months,469888.0,2025
2025-02,GEYLANG,3 ROOM,24,BALAM RD,04 TO 06,60.0,Standard,1967,41 years 01 month,310000.0,2025
2025-08,PASIR RIS,5 ROOM,192,PASIR RIS ST 12,07 TO 09,128.0,Improved,1993,67 years 02 months,775888.0,2025
2026-06,WOODLANDS,4 ROOM,32,MARSILING DR,07 TO 09,98.0,New Generation,1980,52 years 08 months,481500.0,2026
2025-12,PUNGGOL,4 ROOM,265C,PUNGGOL WAY,01 TO 03,92.0,Model A,2015,88 years 07 months,660000.0,2025
2025-03,JURONG EAST,4 ROOM,56,TEBAN GDNS RD,13 TO 15,92.0,Model A,2016,90 years 09 months,600000.0,2025
2025-10,WOODLANDS,5 ROOM,415,WOODLANDS ST 41,04 TO 06,128.0,Improved,1996,69 years 05 months,645000.0,2025
2025-09,BUKIT BATOK,3 ROOM,528,BT BATOK ST 51,07 TO 09,60.0,Improved,1987,60 years 10 months,360000.0,2025
2026-05,TAMPINES,4 ROOM,818,TAMPINES ST 81,01 TO 03,105.0,Model A,1984,57 years 02 months,655000.0,2026
2026-04,TAMPINES,5 ROOM,522B,TAMPINES CTRL 7,10 TO 12,113.0,Improved,2015,88 years 05 months,990000.0,2026
2025-05,BEDOK,5 ROOM,601,BEDOK RESERVOIR RD,07 TO 09,121.0,Improved,1982,56 years 01 month,660000.0,2025
2025-11,BISHAN,3 ROOM,110,BISHAN ST 12,07 TO 09,64.0,Simplified,1986,59 years 04 months,578000.0,2025
2025-12,BUKIT BATOK,5 ROOM,293A,BT BATOK ST 21,07 TO 09,113.0,Improved,2019,92 years 02 months,851800.0,2025
2025-06,PASIR RIS,4 ROOM,190,PASIR RIS ST 12,07 TO 09,105.0,Model A,1993,67 years 04 months,601000.0,2025
2025-07,TAMPINES,5 ROOM,608A,TAMPINES NTH DR 1,04 TO 06,113.0,Improved,2020,94 years 04 months,878800.0,2025
2025-04,YISHUN,5 ROOM,367,YISHUN RING RD,07 TO 09,122.0,Improved,1988,62 years 04 months,688888.0,2025
2026-03,PASIR RIS,5 ROOM,561,PASIR RIS ST 51,01 TO 03,125.0,Improved,1993,66 years 07 months,680000.0,2026
2025-05,SENGKANG,4 ROOM,304A,ANCHORVALE LINK,01 TO 03,90.0,Model A,2002,75 years 09 months,500000.0,2025
2025-12,BEDOK,3 ROOM,102,BEDOK NTH AVE 4,04 TO 06,67.0,New Generation,1977,50 years 07 months,418000.0,2025
2025-05,ANG MO KIO,3 ROOM,328,ANG MO KIO AVE 3,07 TO 09,73.0,New Generation,1978,52 years 05 months,470000.0,2025
2025-01,SENGKANG,4 ROOM,228B,COMPASSVALE WALK,10 TO 12,102.0,Model A,1999,74 years 01 month,610000.0,2025
2026-02,CENTRAL AREA,4 ROOM,8,JLN KUKOH,16 TO 18,107.0,Adjoined flat,1971,44 years 05 months,688888.0,2026
2025-12,TAMPINES,4 ROOM,354,TAMPINES ST 33,01 TO 03,107.0,Model A,1996,69 years 08 months,575000.0,2025
2025-09,TAMPINES,3 ROOM,883,TAMPINES ST 84,04 TO 06,74.0,Model A,1988,61 years 08 months,473000.0,2025
2026-01,HOUGANG,4 ROOM,341,HOUGANG AVE 7,01 TO 03,91.0,New Generation,1985,58 years 07 months,510000.0,2026
2025-12,BUKIT MERAH,4 ROOM,19,CANTONMENT CL,16 TO 18,90.0,Model A,2002,76 years,1080000.0,2025
2025-11,CHOA CHU KANG,5 ROOM,619,CHOA CHU KANG NTH 7,10 TO 12,135.0,Model A,1996,69 years 06 months,753000.0,2025
2026-03,WOODLANDS,5 ROOM,810,WOODLANDS ST 81,04 TO 06,122.0,Improved,1995,68 years 09 months,670000.0,2026
2025-08,JURONG WEST,5 ROOM,325,TAH CHING RD,10 TO 12,124.0,Improved,1997,71 years,690000.0,2025
2025-04,SENGKANG,4 ROOM,333D,ANCHORVALE LINK,10 TO 12,92.0,Model A,2015,89 years 03 months,708000.0,2025
2025-05,GEYLANG,5 ROOM,110,ALJUNIED CRES,01 TO 03,121.0,Improved,1980,54 years 03 months,740000.0,2025
2025-02,WOODLANDS,5 ROOM,607,WOODLANDS RING RD,01 TO 03,120.0,Improved,1998,72 years 03 months,645000.0,2025
2025-08,BUKIT PANJANG,4 ROOM,249,BANGKIT RD,07 TO 09,103.0,Model A,1989,62 years 06 months,550000.0,2025
2026-05,BUKIT MERAH,3 ROOM,21,TELOK BLANGAH CRES,01 TO 03,65.0,Improved,1975,48 years 01 month,328000.0,2026
2026-06,SERANGOON,4 ROOM,120,SERANGOON NTH AVE 1,01 TO 03,91.0,New Generation,1985,58 years,515000.0,2026
2025-03,CLEMENTI,5 ROOM,336,CLEMENTI AVE 2,13 TO 15,119.0,Improved,1978,52 years 09 months,845000.0,2025
2025-01,YISHUN,4 ROOM,462A,YISHUN AVE 6,07 TO 09,93.0,Model A,2019,93 years 08 months,595000.0,2025
2025-09,BEDOK,3 ROOM,42,CHAI CHEE ST,07 TO 09,67.0,New Generation,1985,58 years 10 months,438000.0,2025
2025-08,TAMPINES,3 ROOM,222,TAMPINES ST 24,07 TO 09,73.0,Model A,1985,58 years 05 months,490000.0,2025
2025-05,BUKIT PANJANG,4 ROOM,548B,SEGAR RD,07 TO 09,92.0,Model A,2015,89 years 07 months,605000.0,2025
2026-03,TOA PAYOH,4 ROOM,102B,BIDADARI PK DR,04 TO 06,93.0,Model A,2021,94 years 04 months,1070000.0,2026
2025-09,CLEMENTI,4 ROOM,377,CLEMENTI AVE 5,04 TO 06,91.0,New Generation,1980,54 years 02 months,556000.0,2025
2025-09,CHOA CHU KANG,5 ROOM,687B,CHOA CHU KANG DR,16 TO 18,110.0,Improved,2002,75 years 10 months,588000.0,2025
2026-02,BUKIT PANJANG,4 ROOM,225,PENDING RD,07 TO 09,104.0,Model A,1987,60 years 04 months,540000.0,2026
2025-01,TOA PAYOH,5 ROOM,144,LOR 2 TOA PAYOH,28 TO 30,110.0,Improved,2002,76 years 10 months,1145888.0,2025
2026-06,BEDOK,3 ROOM,202,BEDOK NTH ST 1,10 TO 12,67.0,New Generation,1979,52 years 02 months,480000.0,2026
2025-03,JURONG WEST,4 ROOM,704,JURONG WEST ST 71,10 TO 12,108.0,Model A,1995,69 years 04 months,520000.0,2025
2025-06,BEDOK,3 ROOM,100,BEDOK NTH AVE 4,04 TO 06,67.0,New Generation,1978,52 years 06 months,417000.0,2025
2025-03,BUKIT PANJANG,4 ROOM,615,BT PANJANG RING RD,16 TO 18,90.0,Model A,2002,76 years 03 months,530000.0,2025
2026-01,WOODLANDS,3 ROOM,570A,WOODLANDS AVE 1,01 TO 03,67.0,Model A,2013,86 years 11 months,485000.0,2026
2026-05,SERANGOON,3 ROOM,207,SERANGOON CTRL,07 TO 09,64.0,Simplified,1986,58 years 11 months,520000.0,2026
2025-03,GEYLANG,3 ROOM,67,CIRCUIT RD,10 TO 12,61.0,Standard,1969,42 years 11 months,360000.0,2025
2025-03,QUEENSTOWN,3 ROOM,9,HOLLAND AVE,04 TO 06,65.0,Improved,1974,48 years 03 months,422000.0,2025
2025-11,JURONG WEST,3 ROOM,939,JURONG WEST ST 91,01 TO 03,73.0,Model A,1989,62 years 03 months,380000.0,2025
2026-05,TOA PAYOH,3 ROOM,96,LOR 3 TOA PAYOH,10 TO 12,68.0,Improved,1970,42 years 09 months,360000.0,2026
2025-01,BISHAN,4 ROOM,154,BISHAN ST 13,04 TO 06,102.0,Model A,1987,62 years 01 month,726000.0,2025
2025-03,YISHUN,3 ROOM,617,YISHUN RING RD,07 TO 09,73.0,Model A,1988,62 years 01 month,488000.0,2025
2025-02,JURONG EAST,4 ROOM,273,TOH GUAN RD,04 TO 06,102.0,Model A,1999,73 years 01 month,632000.0,2025
2025-03,SENGKANG,5 ROOM,309D,ANCHORVALE RD,16 TO 18,111.0,Premium Apartment,2002,76 years 09 months,630000.0,2025
2025-04,HOUGANG,3 ROOM,254,HOUGANG AVE 3,01 TO 03,67.0,New Generation,1984,58 years 05 months,432800.0,2025
2025-01,TAMPINES,4 ROOM,498J,TAMPINES ST 45,01 TO 03,106.0,Premium Apartment,1997,71 years 04 months,605000.0,2025
2025-04,QUEENSTOWN,4 ROOM,18C,HOLLAND DR,31 TO 33,92.0,Model A,2012,86 years 06 months,1001000.0,2025
2025-03,BUKIT BATOK,5 ROOM,296A,BT BATOK ST 22,31 TO 33,115.0,Premium Apartment,2018,92 years 01 month,1018000.0,2025
2025-12,TOA PAYOH,5 ROOM,50,LOR 5 TOA PAYOH,10 TO 12,123.0,Improved,1993,66 years 05 months,881000.0,2025
2026-02,HOUGANG,3 ROOM,667,HOUGANG AVE 4,07 TO 09,74.0,Model A,1987,60 years 05 months,480000.0,2026
2025-04,WOODLANDS,5 ROOM,168,WOODLANDS ST 11,01 TO 03,121.0,Improved,1986,60 years 08 months,618880.0,2025
2025-12,GEYLANG,5 ROOM,56,PIPIT RD,13 TO 15,122.0,Improved,1997,71 years 01 month,965000.0,2025
2025-08,BEDOK,4 ROOM,188A,BEDOK NTH ST 4,07 TO 09,93.0,Model A,2018,92 years 04 months,846000.0,2025
2026-05,YISHUN,4 ROOM,276,YISHUN ST 22,10 TO 12,84.0,Simplified,1985,58 years 04 months,500888.0,2026
2025-05,BUKIT BATOK,4 ROOM,442A,BT BATOK WEST AVE 8,13 TO 15,92.0,Model A,2019,92 years 11 months,682000.0,2025
2025-06,CHOA CHU KANG,5 ROOM,641,CHOA CHU KANG ST 64,10 TO 12,123.0,Premium Apartment,1998,71 years 07 months,780000.0,2025
2025-03,QUEENSTOWN,3 ROOM,87,DAWSON RD,16 TO 18,65.0,Premium Apartment,2016,90 years 07 months,750000.0,2025
2025-07,BISHAN,3 ROOM,115,BISHAN ST 12,04 TO 06,64.0,Simplified,1986,59 years 07 months,575000.0,2025
2025-02,CHOA CHU KANG,4 ROOM,25,TECK WHYE LANE,01 TO 03,92.0,New Generation,1979,53 years 02 months,465000.0,2025
2025-03,WOODLANDS,4 ROOM,688C,WOODLANDS DR 75,07 TO 09,90.0,Premium Apartment,2004,78 years,560000.0,2025
2026-05,PUNGGOL,4 ROOM,665C,PUNGGOL DR,07 TO 09,93.0,Premium Apartment,2016,88 years 09 months,700000.0,2026
2025-03,BUKIT TIMAH,4 ROOM,3,QUEEN'S RD,07 TO 09,91.0,Improved,1974,48 years 02 months,625000.0,2025
2025-06,ANG MO KIO,3 ROOM,159,ANG MO KIO AVE 4,01 TO 03,82.0,New Generation,1980,54 years 05 months,457000.0,2025
2025-02,SEMBAWANG,4 ROOM,308,CANBERRA RD,07 TO 09,100.0,Model A,1998,73 years,580000.0,2025
2025-08,TAMPINES,3 ROOM,890B,TAMPINES AVE 1,10 TO 12,69.0,Model A,2015,89 years 02 months,680000.0,2025
2026-01,PUNGGOL,4 ROOM,221B,SUMANG LANE,01 TO 03,93.0,Model A,2018,91 years 11 months,580000.0,2026
2025-02,BUKIT MERAH,3 ROOM,70B,TELOK BLANGAH HTS,04 TO 06,68.0,Model A,2017,91 years 05 months,655000.0,2025
2025-12,BEDOK,4 ROOM,112,BEDOK NTH RD,07 TO 09,91.0,New Generation,1978,51 years 07 months,525000.0,2025
2025-03,JURONG EAST,4 ROOM,278,TOH GUAN RD,10 TO 12,101.0,Model A,1998,72 years 09 months,665000.0,2025
2025-04,BEDOK,4 ROOM,403,BEDOK NTH AVE 3,04 TO 06,92.0,New Generation,1980,54 years 01 month,572000.0,2025
2025-08,KALLANG/WHAMPOA,5 ROOM,5,BOON KENG RD,13 TO 15,125.0,Improved,1996,70 years 02 months,1068000.0,2025
2025-12,BEDOK,4 ROOM,613B,BEDOK RESERVOIR RD,13 TO 15,102.0,Model A,1998,71 years 02 months,735000.0,2025
2026-06,WOODLANDS,4 ROOM,632,WOODLANDS RING RD,10 TO 12,101.0,Model A,1999,72 years 04 months,558000.0,2026
2026-01,BUKIT MERAH,3 ROOM,21,TELOK BLANGAH CRES,07 TO 09,76.0,Improved,1975,48 years 04 months,430000.0,2026
2025-06,QUEENSTOWN,3 ROOM,8,HOLLAND AVE,16 TO 18,67.0,Improved,1974,47 years 11 months,530000.0,2025
2026-01,HOUGANG,5 ROOM,312,HOUGANG AVE 5,01 TO 03,137.0,Improved-Maisonette,1983,56 years 04 months,800000.0,2026
2026-04,TAMPINES,4 ROOM,874C,TAMPINES ST 85,10 TO 12,93.0,Model A,2021,94 years 07 months,785000.0,2026
2026-05,QUEENSTOWN,4 ROOM,50,STRATHMORE AVE,19 TO 21,85.0,Model A,2006,79 years 04 months,910000.0,2026
2026-06,HOUGANG,4 ROOM,135,LOR AH SOO,04 TO 06,104.0,Model A,1985,57 years 11 months,470000.0,2026
2025-02,BUKIT MERAH,3 ROOM,42,TELOK BLANGAH RISE,01 TO 03,70.0,Improved,1976,50 years 03 months,378000.0,2025
2025-02,JURONG WEST,4 ROOM,706,JURONG WEST ST 71,04 TO 06,111.0,Model A,1995,69 years 06 months,520000.0,2025
2025-07,BUKIT PANJANG,4 ROOM,508,JELAPANG RD,01 TO 03,93.0,Model A2,1998,71 years 11 months,532888.0,2025
2025-04,PUNGGOL,4 ROOM,122B,EDGEDALE PLAINS,01 TO 03,93.0,Model A,2017,91 years 02 months,590000.0,2025
2025-08,TAMPINES,4 ROOM,320,TAMPINES ST 33,10 TO 12,112.0,Model A,1995,69 years 02 months,666000.0,2025
2025-01,BEDOK,3 ROOM,2,BEDOK STH AVE 1,10 TO 12,65.0,Improved,1976,50 years 02 months,440000.0,2025
2025-08,BUKIT PANJANG,5 ROOM,549B,SEGAR RD,10 TO 12,113.0,Improved,2015,89 years 04 months,750888.0,2025
2025-07,YISHUN,4 ROOM,265,YISHUN ST 22,04 TO 06,84.0,Simplified,1986,60 years 05 months,485000.0,2025
2025-09,SENGKANG,4 ROOM,472C,FERNVALE ST,01 TO 03,93.0,Model A,2016,90 years 01 month,610000.0,2025
2025-09,CLEMENTI,3 ROOM,729,CLEMENTI WEST ST 2,10 TO 12,68.0,New Generation,1983,57 years 02 months,398000.0,2025
2025-07,TOA PAYOH,4 ROOM,79B,TOA PAYOH CTRL,07 TO 09,92.0,Model A,2009,82 years 09 months,1002000.0,2025
2025-07,YISHUN,3 ROOM,140,YISHUN RING RD,01 TO 03,68.0,New Generation,1985,58 years 10 months,420000.0,2025
2025-02,SENGKANG,5 ROOM,124A,RIVERVALE DR,04 TO 06,123.0,Improved,1999,73 years 06 months,640000.0,2025
2025-05,SEMBAWANG,5 ROOM,101A,CANBERRA ST,13 TO 15,113.0,Improved,2020,94 years 07 months,828000.0,2025
2025-06,JURONG WEST,5 ROOM,661C,JURONG WEST ST 64,13 TO 15,110.0,Improved,2001,75 years 02 months,705000.0,2025
2026-01,BUKIT PANJANG,5 ROOM,443D,FAJAR RD,07 TO 09,113.0,Improved,2016,90 years,753888.0,2026
2025-12,JURONG WEST,5 ROOM,832,JURONG WEST ST 81,01 TO 03,126.0,Improved,1993,66 years 10 months,590000.0,2025
2025-09,HOUGANG,3 ROOM,114,HOUGANG AVE 1,01 TO 03,68.0,New Generation,1982,55 years 06 months,427500.0,2025
2025-10,ANG MO KIO,3 ROOM,576,ANG MO KIO AVE 10,10 TO 12,67.0,New Generation,1980,53 years 03 months,410000.0,2025
2025-12,SEMBAWANG,5 ROOM,474,SEMBAWANG DR,01 TO 03,110.0,Improved,2000,73 years 11 months,570000.0,2025
2026-03,PUNGGOL,4 ROOM,635B,PUNGGOL DR,16 TO 18,90.0,Premium Apartment,2007,80 years 09 months,628000.0,2026
2026-02,TAMPINES,5 ROOM,612B,TAMPINES NTH DR 1,10 TO 12,113.0,Improved,2020,93 years 08 months,968000.0,2026
2025-02,SENGKANG,4 ROOM,193,RIVERVALE DR,01 TO 03,90.0,Model A,2001,75 years 04 months,555000.0,2025
2025-06,TOA PAYOH,4 ROOM,117,POTONG PASIR AVE 1,07 TO 09,100.0,New Generation,1984,58 years 05 months,620000.0,2025
2025-07,TOA PAYOH,3 ROOM,203,TOA PAYOH NTH,07 TO 09,65.0,Improved,1982,55 years 06 months,430000.0,2025
2026-04,JURONG WEST,4 ROOM,731,JURONG WEST ST 72,07 TO 09,104.0,Model A,1990,63 years 08 months,505000.0,2026
2025-02,TAMPINES,3 ROOM,609C,TAMPINES NTH DR 1,13 TO 15,68.0,Model A,2020,94 years 09 months,575000.0,2025
2025-09,BUKIT BATOK,4 ROOM,228,BT BATOK CTRL,04 TO 06,93.0,New Generation,1985,58 years 08 months,540000.0,2025
2026-04,PUNGGOL,3 ROOM,289B,PUNGGOL PL,04 TO 06,73.0,Premium Apartment,2013,85 years 11 months,450000.0,2026
2025-04,BISHAN,5 ROOM,251,BISHAN ST 22,04 TO 06,121.0,Improved,1992,66 years 05 months,1000000.0,2025
2025-07,JURONG WEST,5 ROOM,166A,YUNG KUANG RD,13 TO 15,113.0,Improved,2018,92 years 04 months,720000.0,2025
2026-02,WOODLANDS,4 ROOM,745,WOODLANDS CIRCLE,01 TO 03,102.0,Model A,1998,71 years,535000.0,2026
2025-02,SENGKANG,4 ROOM,294A,COMPASSVALE CRES,04 TO 06,93.0,Model A,2016,90 years 11 months,655000.0,2025
2025-08,SERANGOON,5 ROOM,257,SERANGOON CTRL DR,10 TO 12,115.0,Improved,1999,72 years 09 months,1000000.0,2025
2025-06,CLEMENTI,3 ROOM,375,CLEMENTI AVE 4,04 TO 06,67.0,New Generation,1980,54 years 04 months,440000.0,2025
2025-11,SERANGOON,5 ROOM,538,SERANGOON NTH AVE 4,04 TO 06,122.0,Improved,1992,65 years 11 months,788000.0,2025
2025-03,YISHUN,4 ROOM,631,YISHUN ST 61,01 TO 03,91.0,New Generation,1992,66 years 04 months,530000.0,2025
2026-01,JURONG WEST,4 ROOM,175B,YUNG KUANG RD,04 TO 06,93.0,Premium Apartment,2015,88 years 04 months,575000.0,2026
2025-04,BISHAN,5 ROOM,292,BISHAN ST 22,07 TO 09,123.0,Premium Apartment,1998,72 years 03 months,1070000.0,2025
2025-06,BEDOK,4 ROOM,602,BEDOK RESERVOIR RD,10 TO 12,98.0,New Generation,1982,56 years,580000.0,2025
2025-07,QUEENSTOWN,3 ROOM,21,GHIM MOH RD,01 TO 03,65.0,Improved,1977,50 years 10 months,365000.0,2025
2026-06,SERANGOON,4 ROOM,307,SERANGOON AVE 2,01 TO 03,95.0,New Generation,1985,58 years 05 months,600000.0,2026
2025-11,BUKIT BATOK,3 ROOM,127,BT BATOK WEST AVE 6,10 TO 12,73.0,Model A,1985,58 years 03 months,453888.0,2025
2025-07,YISHUN,3 ROOM,672A,YISHUN AVE 4,04 TO 06,68.0,Model A,2018,91 years 06 months,500000.0,2025
2026-05,GEYLANG,3 ROOM,40,CIRCUIT RD,01 TO 03,57.0,Standard,1971,43 years 08 months,330000.0,2026
2026-05,TOA PAYOH,4 ROOM,264,TOA PAYOH EAST,19 TO 21,93.0,Model A,2019,92 years 08 months,1022000.0,2026
2026-04,CHOA CHU KANG,4 ROOM,443,CHOA CHU KANG AVE 4,01 TO 03,91.0,Model A2,1997,70 years 01 month,505000.0,2026
2025-08,JURONG EAST,5 ROOM,258,JURONG EAST ST 24,04 TO 06,121.0,Improved,1983,56 years 07 months,628000.0,2025
2025-04,BEDOK,4 ROOM,722,BEDOK RESERVOIR RD,13 TO 15,111.0,Model A,1984,58 years 04 months,550000.0,2025
2025-10,KALLANG/WHAMPOA,3 ROOM,468,NTH BRIDGE RD,13 TO 15,60.0,Improved,1979,52 years 10 months,488000.0,2025
2025-11,PUNGGOL,4 ROOM,196D,PUNGGOL FIELD,13 TO 15,90.0,Model A,2003,76 years 08 months,590888.0,2025
2025-12,SENGKANG,4 ROOM,336D,ANCHORVALE CRES,10 TO 12,92.0,Premium Apartment,2015,89 years 01 month,725000.0,2025
2025-01,ANG MO KIO,3 ROOM,468,ANG MO KIO AVE 10,04 TO 06,67.0,New Generation,1979,53 years 11 months,413000.0,2025
2026-06,HOUGANG,3 ROOM,678,HOUGANG AVE 8,04 TO 06,64.0,Simplified,1988,61 years 06 months,425000.0,2026
2025-02,QUEENSTOWN,5 ROOM,79,DAWSON RD,25 TO 27,107.0,Improved,2020,94 years 10 months,1455000.0,2025
2026-05,GEYLANG,3 ROOM,17,EUNOS CRES,01 TO 03,70.0,Improved,1977,50 years 01 month,390000.0,2026
2025-11,TAMPINES,5 ROOM,515A,TAMPINES CTRL 7,16 TO 18,110.0,DBSS,2008,82 years 02 months,1065000.0,2025
2026-04,WOODLANDS,5 ROOM,178,WOODLANDS ST 13,10 TO 12,126.0,Improved,1986,59 years 02 months,655000.0,2026
2026-04,HOUGANG,3 ROOM,528,HOUGANG AVE 6,10 TO 12,74.0,Model A,1987,60 years 08 months,508000.0,2026
2025-01,JURONG WEST,4 ROOM,938,JURONG WEST ST 91,07 TO 09,104.0,Model A,1989,63 years 06 months,495000.0,2025
2026-04,WOODLANDS,4 ROOM,795,WOODLANDS DR 72,10 TO 12,100.0,Model A,1998,70 years 10 months,556888.0,2026
2025-07,WOODLANDS,5 ROOM,689B,WOODLANDS DR 75,04 TO 06,110.0,Premium Apartment,2004,77 years 07 months,600000.0,2025
2025-03,BUKIT BATOK,3 ROOM,160,BT BATOK ST 11,01 TO 03,73.0,Model A,1984,58 years 03 months,425000.0,2025
2025-08,JURONG EAST,3 ROOM,33,TEBAN GDNS RD,10 TO 12,74.0,Improved,1977,50 years 10 months,382000.0,2025
2026-05,PUNGGOL,4 ROOM,308A,PUNGGOL WALK,16 TO 18,92.0,Premium Apartment,2016,88 years 11 months,745000.0,2026
2025-08,PUNGGOL,3 ROOM,220B,SUMANG LANE,13 TO 15,68.0,Model A,2018,92 years 04 months,548000.0,2025
2025-10,CLEMENTI,4 ROOM,709,CLEMENTI WEST ST 2,10 TO 12,91.0,New Generation,1980,53 years 09 months,580000.0,2025
2025-05,BUKIT BATOK,4 ROOM,290G,BT BATOK ST 24,16 TO 18,102.0,Model A,1998,71 years 08 months,618000.0,2025
2026-04,CLEMENTI,3 ROOM,371,CLEMENTI AVE 4,07 TO 09,68.0,New Generation,1981,54 years 06 months,450000.0,2026
2026-01,SEMBAWANG,3 ROOM,590A,MONTREAL LINK,10 TO 12,68.0,Model A,2015,88 years 04 months,505000.0,2026
2026-05,SERANGOON,4 ROOM,258,SERANGOON CTRL DR,10 TO 12,99.0,Model A,1999,72 years 01 month,850000.0,2026
2025-03,SENGKANG,4 ROOM,453C,FERNVALE RD,19 TO 21,92.0,Model A,2015,89 years 05 months,675000.0,2025
2026-01,ANG MO KIO,3 ROOM,333,ANG MO KIO AVE 1,07 TO 09,82.0,New Generation,1981,54 years,500000.0,2026
2025-02,CLEMENTI,4 ROOM,421,CLEMENTI AVE 1,04 TO 06,91.0,Model A,2013,87 years 08 months,850000.0,2025
2025-05,ANG MO KIO,3 ROOM,505,ANG MO KIO AVE 8,10 TO 12,68.0,New Generation,1980,54 years 04 months,425000.0,2025
2025-09,HOUGANG,4 ROOM,471A,UPP SERANGOON CRES,13 TO 15,92.0,Model A,2015,88 years 08 months,675000.0,2025
2025-12,SENGKANG,4 ROOM,286B,COMPASSVALE CRES,10 TO 12,93.0,Premium Apartment,2017,91 years,702888.0,2025
2026-04,WOODLANDS,4 ROOM,604,WOODLANDS DR 42,04 TO 06,91.0,Model A2,1997,70 years 02 months,515000.0,2026
2025-05,JURONG WEST,4 ROOM,617,JURONG WEST ST 65,13 TO 15,90.0,Model A2,2000,74 years 07 months,555000.0,2025
2026-02,PUNGGOL,4 ROOM,302D,PUNGGOL PL,07 TO 09,93.0,Premium Apartment,2011,84 years 02 months,758000.0,2026
2025-07,BEDOK,4 ROOM,35,CHAI CHEE AVE,13 TO 15,82.0,Improved,1975,48 years 06 months,490000.0,2025
2025-01,JURONG WEST,4 ROOM,488,JURONG WEST AVE 1,07 TO 09,92.0,New Generation,1985,59 years 02 months,478000.0,2025
2025-01,HOUGANG,3 ROOM,6,HOUGANG AVE 3,04 TO 06,59.0,Improved,1975,49 years 07 months,365888.0,2025
2026-06,PASIR RIS,5 ROOM,213,PASIR RIS ST 21,04 TO 06,126.0,Improved,1993,66 years 02 months,743000.0,2026
2025-12,JURONG WEST,5 ROOM,653B,JURONG WEST ST 61,04 TO 06,111.0,Improved,2002,75 years 11 months,648888.0,2025
2026-01,GEYLANG,4 ROOM,127,GEYLANG EAST AVE 1,01 TO 03,113.0,Model A,1983,56 years 08 months,742888.0,2026
2025-12,WOODLANDS,5 ROOM,582,WOODLANDS DR 16,01 TO 03,110.0,Improved,2001,74 years 05 months,600000.0,2025
2026-02,CLEMENTI,4 ROOM,445A,CLEMENTI AVE 3,34 TO 36,93.0,Model A,2021,94 years 05 months,1268000.0,2026
2025-07,YISHUN,3 ROOM,508A,YISHUN AVE 4,01 TO 03,68.0,Model A,2018,91 years 10 months,480000.0,2025
2025-12,PASIR RIS,5 ROOM,746,PASIR RIS ST 71,13 TO 15,126.0,Improved,1996,70 years,795000.0,2025
2025-11,KALLANG/WHAMPOA,5 ROOM,19,JLN TENTERAM,16 TO 18,105.0,Improved,2004,77 years 09 months,860000.0,2025
2026-05,PUNGGOL,4 ROOM,310B,PUNGGOL WALK,04 TO 06,92.0,Premium Apartment,2016,89 years 01 month,682000.0,2026
2025-04,BUKIT BATOK,4 ROOM,461C,BT BATOK WEST AVE 8,10 TO 12,93.0,Model A,2019,93 years 06 months,700000.0,2025
2025-10,SERANGOON,3 ROOM,108,SERANGOON NTH AVE 1,01 TO 03,69.0,Improved,1985,58 years 04 months,410000.0,2025
2025-03,TAMPINES,4 ROOM,316,TAMPINES ST 33,04 TO 06,107.0,Model A,1995,69 years 06 months,615000.0,2025
2025-06,KALLANG/WHAMPOA,4 ROOM,26B,ST. GEORGE'S LANE,19 TO 21,92.0,Model A,2020,94 years,1175888.0,2025
2025-02,CHOA CHU KANG,5 ROOM,816A,KEAT HONG LINK,07 TO 09,112.0,Improved,2017,91 years 08 months,719000.0,2025
2025-08,BEDOK,3 ROOM,704,BEDOK RESERVOIR RD,04 TO 06,68.0,New Generation,1981,54 years 11 months,456888.0,2025
2025-12,JURONG WEST,3 ROOM,114,HO CHING RD,01 TO 03,67.0,Improved,1971,44 years 06 months,330000.0,2025
2026-06,KALLANG/WHAMPOA,3 ROOM,685,RACE COURSE RD,04 TO 06,63.0,Simplified,1986,58 years 08 months,520000.0,2026
2026-02,JURONG WEST,3 ROOM,122,YUAN CHING RD,10 TO 12,61.0,Improved,1974,47 years 04 months,318000.0,2026
2025-07,CHOA CHU KANG,4 ROOM,807B,CHOA CHU KANG AVE 1,13 TO 15,92.0,Model A,2017,90 years 10 months,623500.0,2025
2025-07,JURONG WEST,4 ROOM,180,YUNG SHENG RD,10 TO 12,90.0,Model A,2001,74 years 10 months,510000.0,2025
2026-05,TOA PAYOH,3 ROOM,102B,BIDADARI PK DR,04 TO 06,68.0,Model A,2021,94 years 02 months,780000.0,2026
2026-03,CLEMENTI,3 ROOM,327,CLEMENTI AVE 5,04 TO 06,67.0,New Generation,1978,51 years 05 months,476000.0,2026
2025-11,ANG MO KIO,3 ROOM,211,ANG MO KIO AVE 3,10 TO 12,67.0,New Generation,1977,50 years 06 months,400000.0,2025
2026-06,CHOA CHU KANG,4 ROOM,805C,KEAT HONG CL,04 TO 06,93.0,Model A,2017,90 years,558000.0,2026
2025-05,YISHUN,5 ROOM,432D,YISHUN AVE 1,04 TO 06,112.0,Improved,2015,89 years 04 months,655000.0,2025
2025-03,SENGKANG,4 ROOM,273B,COMPASSVALE LINK,10 TO 12,90.0,Premium Apartment,2009,83 years 05 months,810000.0,2025
2025-01,BUKIT BATOK,3 ROOM,194B,BT BATOK WEST AVE 6,04 TO 06,68.0,Premium Apartment,2017,91 years 08 months,522000.0,2025
2026-01,BEDOK,4 ROOM,187A,BEDOK NTH ST 4,13 TO 15,93.0,Model A,2018,92 years,888000.0,2026
2025-11,TAMPINES,3 ROOM,202,TAMPINES ST 21,07 TO 09,75.0,Model A,1983,57 years 02 months,463000.0,2025
2026-04,HOUGANG,3 ROOM,665,HOUGANG AVE 4,01 TO 03,74.0,Model A,1988,61 years 09 months,450000.0,2026
2025-02,SEMBAWANG,4 ROOM,510B,WELLINGTON CIRCLE,07 TO 09,90.0,Model A,2004,78 years 09 months,527000.0,2025
2026-01,BUKIT PANJANG,4 ROOM,635B,SENJA RD,04 TO 06,92.0,Model A,2015,88 years 10 months,616000.0,2026
2025-05,SENGKANG,4 ROOM,164A,RIVERVALE CRES,07 TO 09,93.0,Model A,2017,91 years 01 month,635000.0,2025
2025-06,PASIR RIS,5 ROOM,614,ELIAS RD,07 TO 09,134.0,Model A,1996,70 years 01 month,800000.0,2025
2025-02,JURONG EAST,4 ROOM,332,JURONG EAST AVE 1,01 TO 03,106.0,Model A,1985,59 years 09 months,480000.0,2025
2025-09,GEYLANG,3 ROOM,16,EUNOS CRES,04 TO 06,70.0,Improved,1977,50 years 08 months,390000.0,2025
2025-03,TAMPINES,4 ROOM,608A,TAMPINES NTH DR 1,13 TO 15,93.0,Model A,2020,94 years 08 months,811888.0,2025
2026-01,YISHUN,3 ROOM,672A,YISHUN AVE 4,10 TO 12,68.0,Model A,2018,91 years 01 month,528000.0,2026
2025-08,HOUGANG,4 ROOM,314,HOUGANG AVE 5,01 TO 03,94.0,New Generation,1993,66 years 09 months,565000.0,2025
2025-10,CHOA CHU KANG,4 ROOM,289,CHOA CHU KANG AVE 3,10 TO 12,104.0,Model A,1993,66 years 09 months,588000.0,2025
2026-04,BEDOK,3 ROOM,540,BEDOK NTH ST 3,01 TO 03,68.0,New Generation,1980,53 years 03 months,385000.0,2026
2026-03,SENGKANG,5 ROOM,307C,ANCHORVALE RD,13 TO 15,110.0,Improved,2001,74 years 08 months,678000.0,2026
2026-03,TAMPINES,4 ROOM,876C,TAMPINES AVE 8,07 TO 09,93.0,Model A,2021,94 years 07 months,750000.0,2026
2025-12,BUKIT BATOK,3 ROOM,206,BT BATOK ST 21,07 TO 09,73.0,Model A,1983,57 years,460000.0,2025
2026-05,TAMPINES,4 ROOM,601A,TAMPINES AVE 9,13 TO 15,92.0,Model A,2020,92 years 11 months,780000.0,2026
2025-11,WOODLANDS,5 ROOM,783C,WOODLANDS RISE,07 TO 09,113.0,Improved,2018,91 years 09 months,708888.0,2025
2026-05,ANG MO KIO,5 ROOM,588B,ANG MO KIO ST 52,01 TO 03,112.0,DBSS,2011,84 years 03 months,1095000.0,2026
2025-07,PUNGGOL,4 ROOM,289B,PUNGGOL PL,10 TO 12,95.0,Premium Apartment,2013,86 years 08 months,790000.0,2025
2025-03,PUNGGOL,4 ROOM,676A,PUNGGOL DR,16 TO 18,93.0,Premium Apartment,2016,90 years 07 months,782000.0,2025
2025-06,YISHUN,4 ROOM,246,YISHUN AVE 9,01 TO 03,103.0,Model A,1985,58 years 11 months,540000.0,2025
2025-07,PUNGGOL,4 ROOM,259A,PUNGGOL FIELD,01 TO 03,93.0,Model A,2016,90 years,615000.0,2025
2025-07,TOA PAYOH,4 ROOM,115A,ALKAFF CRES,07 TO 09,93.0,Model A,2020,94 years 06 months,1070000.0,2025
2025-10,BISHAN,5 ROOM,408,SIN MING AVE,04 TO 06,120.0,Improved,1986,59 years 08 months,950000.0,2025
2025-05,HOUGANG,3 ROOM,993A,BUANGKOK LINK,07 TO 09,69.0,Model A,2021,94 years 08 months,500000.0,2025
2025-07,SERANGOON,4 ROOM,531,SERANGOON NTH AVE 4,07 TO 09,103.0,Model A,1992,66 years 04 months,642888.0,2025
2025-06,SENGKANG,4 ROOM,469A,SENGKANG WEST WAY,13 TO 15,93.0,Model A,2016,90 years 03 months,628888.0,2025
2025-03,JURONG WEST,3 ROOM,511,JURONG WEST ST 52,07 TO 09,74.0,Model A,1984,58 years 01 month,438000.0,2025
2025-04,JURONG WEST,5 ROOM,324,TAH CHING RD,04 TO 06,119.0,Improved,1997,71 years 02 months,610000.0,2025
2025-10,PASIR RIS,4 ROOM,754,PASIR RIS ST 71,10 TO 12,104.0,Model A,1996,70 years 02 months,660000.0,2025
2025-05,HOUGANG,3 ROOM,688,HOUGANG ST 61,10 TO 12,74.0,Model A,1987,60 years 10 months,448000.0,2025
2025-10,ANG MO KIO,4 ROOM,301,ANG MO KIO AVE 3,10 TO 12,98.0,New Generation,1978,51 years 06 months,638000.0,2025
2026-03,CHOA CHU KANG,4 ROOM,659,CHOA CHU KANG CRES,07 TO 09,103.0,Premium Apartment,1999,72 years 01 month,520000.0,2026
2025-11,CHOA CHU KANG,4 ROOM,484A,CHOA CHU KANG AVE 5,01 TO 03,92.0,Model A2,1999,72 years 06 months,525000.0,2025
2026-03,JURONG WEST,3 ROOM,187,BOON LAY AVE,10 TO 12,59.0,Improved,1978,51 years 05 months,315000.0,2026
2026-01,CHOA CHU KANG,5 ROOM,441,CHOA CHU KANG AVE 4,07 TO 09,125.0,Improved,1993,66 years 06 months,668000.0,2026
2025-02,TAMPINES,3 ROOM,613A,TAMPINES NTH DR 1,04 TO 06,69.0,Model A,2020,94 years 10 months,580000.0,2025
2025-04,HOUGANG,5 ROOM,686,HOUGANG ST 61,01 TO 03,121.0,Improved,1987,61 years 04 months,660000.0,2025
2025-05,HOUGANG,4 ROOM,470C,UPP SERANGOON CRES,16 TO 18,93.0,Model A,2015,89 years,685000.0,2025
2026-05,CLEMENTI,3 ROOM,728,CLEMENTI WEST ST 2,04 TO 06,68.0,New Generation,1980,53 years 04 months,388000.0,2026
2026-06,SENGKANG,4 ROOM,435C,FERNVALE RD,10 TO 12,94.0,Premium Apartment,2013,86 years 01 month,635000.0,2026
2025-04,WOODLANDS,5 ROOM,786F,WOODLANDS DR 60,10 TO 12,121.0,Improved,1997,71 years 06 months,660000.0,2025
2025-09,CLEMENTI,5 ROOM,445B,CLEMENTI AVE 3,10 TO 12,113.0,Improved,2021,94 years 10 months,1205000.0,2025
2025-07,SERANGOON,3 ROOM,1,LOR LEW LIAN,13 TO 15,64.0,Improved,1978,51 years 11 months,438000.0,2025
2025-08,JURONG WEST,5 ROOM,367,CORPORATION DR,07 TO 09,122.0,Improved,1997,71 years 01 month,640000.0,2025
2025-03,TOA PAYOH,5 ROOM,106A,BIDADARI PK DR,13 TO 15,113.0,Improved,2020,94 years 06 months,1330000.0,2025
2025-09,TAMPINES,4 ROOM,522B,TAMPINES CTRL 7,13 TO 15,93.0,Model A,2015,89 years,825000.0,2025
2025-06,QUEENSTOWN,3 ROOM,6,HOLLAND CL,04 TO 06,65.0,Improved,1974,48 years,445000.0,2025
2025-06,TAMPINES,5 ROOM,124,SIMEI ST 1,07 TO 09,123.0,Improved,1988,61 years 09 months,745000.0,2025
2025-01,BUKIT BATOK,3 ROOM,264,BT BATOK EAST AVE 4,10 TO 12,73.0,Model A,1985,59 years 05 months,320000.0,2025
2026-06,PUNGGOL,4 ROOM,405B,NORTHSHORE DR,04 TO 06,94.0,Model A,2021,94 years,655000.0,2026
2025-09,GEYLANG,3 ROOM,37,CIRCUIT RD,04 TO 06,59.0,Standard,1972,46 years 03 months,358888.0,2025
2026-04,BUKIT BATOK,4 ROOM,228,BT BATOK CTRL,07 TO 09,93.0,New Generation,1985,58 years 03 months,550500.0,2026
2026-03,SEMBAWANG,5 ROOM,120C,CANBERRA CRES,10 TO 12,113.0,Improved,2018,91 years 01 month,818000.0,2026
2025-08,WOODLANDS,5 ROOM,10,MARSILING DR,07 TO 09,123.0,Standard,1976,49 years 08 months,560000.0,2025
2025-12,BUKIT PANJANG,4 ROOM,510,JELAPANG RD,07 TO 09,100.0,Model A2,1998,71 years 07 months,570000.0,2025
2026-03,SEMBAWANG,3 ROOM,128B,CANBERRA ST,04 TO 06,68.0,Model A,2018,91 years 08 months,510000.0,2026
2025-10,SENGKANG,5 ROOM,403C,FERNVALE LANE,13 TO 15,111.0,Premium Apartment,2004,77 years 08 months,735000.0,2025
2025-08,TAMPINES,4 ROOM,890B,TAMPINES AVE 1,07 TO 09,93.0,Model A,2015,89 years 01 month,825000.0,2025
2025-06,TAMPINES,3 ROOM,879,TAMPINES AVE 8,10 TO 12,74.0,Model A,1988,62 years 02 months,490000.0,2025
2025-08,GEYLANG,5 ROOM,15,EUNOS CRES,04 TO 06,117.0,Standard,1977,50 years 09 months,748000.0,2025
2025-11,GEYLANG,3 ROOM,57,CIRCUIT RD,04 TO 06,56.0,Standard,1969,42 years 03 months,300000.0,2025
2026-05,TAMPINES,4 ROOM,875B,TAMPINES ST 86,04 TO 06,93.0,Model A,2021,94 years 05 months,748000.0,2026
2026-06,PUNGGOL,4 ROOM,672D,EDGEFIELD PLAINS,07 TO 09,90.0,Model A,2015,88 years 07 months,628888.0,2026
2026-01,BUKIT MERAH,3 ROOM,93B,TELOK BLANGAH ST 31,16 TO 18,68.0,Model A,2018,91 years 11 months,758000.0,2026
2026-06,SENGKANG,4 ROOM,408B,FERNVALE RD,01 TO 03,95.0,Premium Apartment,2004,77 years 03 months,560000.0,2026
2026-05,BUKIT BATOK,5 ROOM,461B,BT BATOK WEST AVE 8,04 TO 06,121.0,3Gen,2019,92 years 04 months,820000.0,2026
2025-08,CHOA CHU KANG,5 ROOM,691A,CHOA CHU KANG CRES,10 TO 12,110.0,Improved,2003,76 years 10 months,587000.0,2025
2025-09,CHOA CHU KANG,4 ROOM,615,CHOA CHU KANG ST 62,04 TO 06,108.0,Model A,1996,69 years 10 months,528000.0,2025
2026-02,TOA PAYOH,4 ROOM,115,POTONG PASIR AVE 1,07 TO 09,96.0,New Generation,1984,57 years 08 months,600000.0,2026
2025-09,ANG MO KIO,3 ROOM,465,ANG MO KIO AVE 10,01 TO 03,68.0,New Generation,1980,53 years 05 months,410000.0,2025
2026-01,PUNGGOL,4 ROOM,106C,PUNGGOL FIELD,13 TO 15,85.0,Model A,2003,76 years 02 months,500000.0,2026
2025-07,BISHAN,4 ROOM,111,BISHAN ST 12,07 TO 09,105.0,Model A,1986,59 years 07 months,880000.0,2025
2025-05,WOODLANDS,4 ROOM,895C,WOODLANDS DR 50,07 TO 09,99.0,Model A,1997,70 years 09 months,515888.0,2025
2026-04,GEYLANG,5 ROOM,60,DAKOTA CRES,04 TO 06,137.0,Model A-Maisonette,1983,56 years 07 months,1230000.0,2026
2025-12,SENGKANG,5 ROOM,336B,ANCHORVALE CRES,04 TO 06,111.0,Premium Apartment,2015,89 years 01 month,840000.0,2025
2026-04,YISHUN,3 ROOM,136,YISHUN RING RD,10 TO 12,68.0,New Generation,1984,57 years 06 months,419000.0,2026
2025-06,HOUGANG,4 ROOM,365A,UPP SERANGOON RD,16 TO 18,93.0,Model A,2018,91 years 08 months,860000.0,2025
2025-05,PASIR RIS,5 ROOM,232,PASIR RIS DR 4,10 TO 12,127.0,Improved,1993,67 years 04 months,730000.0,2025
2026-01,BEDOK,4 ROOM,112,LENGKONG TIGA,04 TO 06,104.0,Model A,1989,62 years 04 months,822000.0,2026
2026-05,JURONG WEST,4 ROOM,813,JURONG WEST ST 81,07 TO 09,104.0,Model A,1990,62 years 10 months,512000.0,2026
2025-07,YISHUN,4 ROOM,431A,YISHUN AVE 1,04 TO 06,92.0,Model A,2015,89 years 02 months,570088.0,2025
2026-02,ANG MO KIO,3 ROOM,110,ANG MO KIO AVE 4,04 TO 06,82.0,New Generation,1978,51 years 06 months,455000.0,2026
2025-02,YISHUN,4 ROOM,773,YISHUN AVE 3,07 TO 09,89.0,Simplified,1987,61 years,498000.0,2025
2025-07,TAMPINES,5 ROOM,491C,TAMPINES ST 45,01 TO 03,123.0,Improved,1993,67 years 01 month,715000.0,2025
2026-02,BUKIT PANJANG,3 ROOM,108,GANGSA RD,04 TO 06,73.0,Model A,1986,59 years 10 months,410000.0,2026
2025-07,PASIR RIS,4 ROOM,110,PASIR RIS ST 11,04 TO 06,106.0,Model A,1990,63 years 10 months,618178.0,2025
2026-01,WOODLANDS,5 ROOM,606,WOODLANDS RING RD,04 TO 06,122.0,Improved,1998,71 years 02 months,660000.0,2026
2025-03,WOODLANDS,5 ROOM,521,WOODLANDS DR 14,01 TO 03,126.0,Premium Apartment,2000,74 years 04 months,658000.0,2025
2025-07,WOODLANDS,5 ROOM,522,WOODLANDS DR 14,10 TO 12,126.0,Premium Apartment,2000,73 years 11 months,728000.0,2025
2026-05,PASIR RIS,4 ROOM,770,PASIR RIS ST 71,10 TO 12,107.0,Model A,1996,69 years 04 months,643888.0,2026
2026-05,SEMBAWANG,4 ROOM,304,CANBERRA RD,04 TO 06,100.0,Model A,1998,71 years 08 months,530000.0,2026
2025-05,JURONG WEST,5 ROOM,659A,JURONG WEST ST 65,13 TO 15,110.0,Improved,2001,75 years 02 months,690000.0,2025
2025-05,BEDOK,3 ROOM,530,BEDOK NTH ST 3,01 TO 03,68.0,New Generation,1979,53 years 03 months,380000.0,2025
2025-04,JURONG WEST,4 ROOM,657B,JURONG WEST ST 65,13 TO 15,91.0,Model A,2001,75 years 04 months,580000.0,2025
2026-04,ANG MO KIO,4 ROOM,308B,ANG MO KIO AVE 1,13 TO 15,94.0,Model A,2012,85 years 06 months,930000.0,2026
2026-06,SEMBAWANG,4 ROOM,590C,MONTREAL LINK,04 TO 06,93.0,Model A,2015,87 years 11 months,585000.0,2026
2025-04,SENGKANG,4 ROOM,432A,SENGKANG WEST WAY,01 TO 03,93.0,Model A,2014,88 years 07 months,600000.0,2025
2025-07,PUNGGOL,3 ROOM,221B,SUMANG LANE,10 TO 12,68.0,Model A,2018,92 years 05 months,555000.0,2025
2026-06,PASIR RIS,5 ROOM,183,PASIR RIS ST 11,01 TO 03,125.0,Improved,1993,66 years 03 months,700000.0,2026
2026-06,JURONG WEST,4 ROOM,711,JURONG WEST ST 71,01 TO 03,104.0,Model A,1991,63 years 08 months,503000.0,2026
2025-08,WOODLANDS,3 ROOM,6,MARSILING DR,04 TO 06,65.0,Improved,1976,49 years 06 months,380000.0,2025
2026-02,SENGKANG,4 ROOM,313A,ANCHORVALE RD,13 TO 15,92.0,Premium Apartment,2003,76 years 06 months,620000.0,2026
2025-08,SENGKANG,5 ROOM,316A,ANCHORVALE LINK,16 TO 18,110.0,Premium Apartment,2003,76 years 10 months,650000.0,2025
2026-06,PUNGGOL,5 ROOM,207D,PUNGGOL PL,10 TO 12,112.0,Improved,2014,87 years 01 month,832000.0,2026
2025-07,CHOA CHU KANG,4 ROOM,285,CHOA CHU KANG AVE 3,01 TO 03,104.0,Model A,1993,67 years,558000.0,2025
2026-01,CHOA CHU KANG,4 ROOM,484D,CHOA CHU KANG AVE 5,04 TO 06,102.0,Model A,1999,72 years 03 months,505000.0,2026
2025-03,BEDOK,5 ROOM,14,BEDOK STH AVE 2,13 TO 15,131.0,Model A,1995,69 years 10 months,988000.0,2025
2025-08,SERANGOON,5 ROOM,549,SERANGOON NTH AVE 3,13 TO 15,119.0,Improved,1997,71 years 04 months,838888.0,2025
2026-03,JURONG WEST,3 ROOM,423,JURONG WEST AVE 1,01 TO 03,84.0,Model A,1984,57 years 05 months,400000.0,2026
2026-05,HOUGANG,5 ROOM,836,HOUGANG CTRL,07 TO 09,116.0,Improved,1997,70 years 01 month,898888.0,2026
2026-05,HOUGANG,3 ROOM,696,HOUGANG ST 61,01 TO 03,74.0,Model A,1987,60 years 06 months,450000.0,2026
2025-05,CENTRAL AREA,3 ROOM,635,VEERASAMY RD,10 TO 12,80.0,Model A,1985,59 years 03 months,588000.0,2025
2025-03,BEDOK,3 ROOM,529,BEDOK NTH ST 3,04 TO 06,68.0,New Generation,1979,53 years 06 months,370000.0,2025
2025-05,JURONG WEST,5 ROOM,517C,JURONG WEST ST 52,13 TO 15,115.0,Improved,2000,74 years 02 months,838000.0,2025
2026-01,BEDOK,4 ROOM,422,BEDOK NTH RD,07 TO 09,92.0,New Generation,1979,52 years 01 month,543000.0,2026
2026-06,SERANGOON,3 ROOM,214,SERANGOON AVE 4,04 TO 06,82.0,New Generation,1985,57 years 09 months,570000.0,2026
2025-12,PASIR RIS,4 ROOM,514,PASIR RIS ST 52,01 TO 03,104.0,Model A,1993,67 years 01 month,628000.0,2025
2025-09,PASIR RIS,5 ROOM,760,PASIR RIS ST 71,01 TO 03,128.0,Improved,1996,70 years 01 month,680000.0,2025
2025-07,HOUGANG,3 ROOM,632,HOUGANG AVE 8,01 TO 03,64.0,Simplified,1986,60 years,440888.0,2025
2026-03,PUNGGOL,5 ROOM,202A,PUNGGOL FIELD,13 TO 15,110.0,Improved,2004,77 years 04 months,675000.0,2026
2026-02,JURONG WEST,3 ROOM,212,BOON LAY PL,04 TO 06,66.0,Improved,1974,47 years 08 months,333000.0,2026
2026-06,PASIR RIS,5 ROOM,530C,PASIR RIS DR 1,04 TO 06,105.0,DBSS,2015,88 years,945000.0,2026
2025-01,QUEENSTOWN,3 ROOM,97,C'WEALTH CRES,01 TO 03,59.0,Standard,1970,44 years 06 months,340000.0,2025
2026-01,TAMPINES,4 ROOM,836,TAMPINES ST 82,01 TO 03,105.0,Model A,1985,58 years 04 months,620000.0,2026
2025-05,JURONG WEST,5 ROOM,632,JURONG WEST ST 65,04 TO 06,110.0,Improved,2001,75 years 07 months,605000.0,2025
2025-09,BUKIT MERAH,3 ROOM,22,TELOK BLANGAH CRES,04 TO 06,59.0,Improved,1975,48 years 08 months,380000.0,2025
2026-06,KALLANG/WHAMPOA,3 ROOM,94,GEYLANG BAHRU,01 TO 03,68.0,New Generation,1979,51 years 08 months,453000.0,2026
2026-02,JURONG WEST,4 ROOM,464,JURONG WEST ST 41,07 TO 09,102.0,Model A,1984,57 years 04 months,535000.0,2026
2025-04,SEMBAWANG,5 ROOM,128A,CANBERRA ST,04 TO 06,113.0,Improved,2018,92 years 06 months,740000.0,2025
2025-02,SEMBAWANG,4 ROOM,132A,CANBERRA CRES,10 TO 12,92.0,Model A,2020,94 years 08 months,800000.0,2025
2026-02,YISHUN,4 ROOM,457,YISHUN ST 41,01 TO 03,93.0,Model A,2013,86 years 06 months,550000.0,2026
2025-11,GEYLANG,4 ROOM,82B,CIRCUIT RD,10 TO 12,93.0,Model A,2020,93 years 07 months,1000000.0,2025
2025-06,TAMPINES,5 ROOM,606D,TAMPINES ST 61,10 TO 12,119.0,3Gen,2020,93 years 09 months,825000.0,2025
2025-06,SERANGOON,4 ROOM,332,SERANGOON AVE 3,07 TO 09,84.0,Simplified,1986,59 years 09 months,648000.0,2025
2026-04,WOODLANDS,5 ROOM,623,WOODLANDS DR 52,01 TO 03,122.0,Improved,1998,71 years 06 months,590000.0,2026
2025-03,TOA PAYOH,4 ROOM,115C,ALKAFF CRES,13 TO 15,93.0,Model A,2020,94 years 10 months,1150000.0,2025
2025-07,KALLANG/WHAMPOA,5 ROOM,53,GEYLANG BAHRU,10 TO 12,120.0,Standard,1974,48 years 01 month,700000.0,2025
2025-09,YISHUN,3 ROOM,242,YISHUN RING RD,07 TO 09,67.0,New Generation,1986,59 years 05 months,430000.0,2025
2026-02,YISHUN,4 ROOM,306,YISHUN CTRL,01 TO 03,108.0,Model A,1987,60 years 11 months,550000.0,2026
2025-12,SENGKANG,4 ROOM,301A,ANCHORVALE DR,07 TO 09,90.0,Model A,2001,74 years 08 months,605888.0,2025
2025-07,SEMBAWANG,4 ROOM,108C,CANBERRA WALK,07 TO 09,93.0,Model A,2018,91 years 10 months,675000.0,2025
2025-07,HOUGANG,4 ROOM,565,HOUGANG ST 51,04 TO 06,104.0,Model A,1992,66 years 03 months,625000.0,2025
2025-09,KALLANG/WHAMPOA,4 ROOM,111,MCNAIR RD,13 TO 15,84.0,Simplified,1987,60 years 08 months,720000.0,2025
2025-12,SENGKANG,4 ROOM,275C,COMPASSVALE LINK,07 TO 09,92.0,Premium Apartment,2009,82 years 06 months,850888.0,2025
2025-07,TAMPINES,5 ROOM,730,TAMPINES ST 71,10 TO 12,120.0,Improved,1997,71 years 06 months,830000.0,2025
2025-09,WOODLANDS,5 ROOM,890A,WOODLANDS DR 50,16 TO 18,113.0,Improved,2017,90 years 10 months,795000.0,2025
2025-04,TAMPINES,4 ROOM,320,TAMPINES ST 33,04 TO 06,109.0,Model A,1995,69 years 07 months,630000.0,2025
2025-04,HOUGANG,4 ROOM,453,HOUGANG AVE 10,01 TO 03,104.0,Model A,1992,66 years 07 months,590000.0,2025
2026-05,TOA PAYOH,3 ROOM,163,LOR 1 TOA PAYOH,04 TO 06,65.0,Improved,1972,45 years 03 months,368888.0,2026
2026-01,CHOA CHU KANG,4 ROOM,484D,CHOA CHU KANG AVE 5,13 TO 15,102.0,Model A,1999,72 years 04 months,553500.0,2026
2025-06,YISHUN,3 ROOM,783,YISHUN RING RD,04 TO 06,74.0,Model A,1987,61 years 01 month,438000.0,2025
2025-01,ANG MO KIO,3 ROOM,534,ANG MO KIO AVE 10,04 TO 06,68.0,New Generation,1980,54 years 01 month,440000.0,2025
2025-01,CHOA CHU KANG,5 ROOM,815B,CHOA CHU KANG AVE 7,19 TO 21,113.0,Improved,2017,91 years 03 months,785000.0,2025
2026-03,BUKIT MERAH,3 ROOM,60,TELOK BLANGAH HTS,04 TO 06,67.0,New Generation,1976,49 years 07 months,428000.0,2026
2026-01,BUKIT MERAH,3 ROOM,129,BT MERAH VIEW,13 TO 15,65.0,Improved,1973,46 years 07 months,430000.0,2026
2025-07,GEYLANG,4 ROOM,18D,CIRCUIT RD,10 TO 12,93.0,Model A,2016,90 years 04 months,968000.0,2025
2025-12,SENGKANG,4 ROOM,140,RIVERVALE ST,01 TO 03,90.0,Model A2,1999,72 years 02 months,545000.0,2025
2026-06,ANG MO KIO,4 ROOM,226,ANG MO KIO AVE 1,01 TO 03,91.0,New Generation,1978,50 years 08 months,508888.0,2026
2025-05,JURONG EAST,3 ROOM,372,JURONG EAST ST 32,01 TO 03,64.0,Model A,2014,87 years 10 months,458000.0,2025
2025-05,BUKIT BATOK,4 ROOM,290D,BT BATOK EAST AVE 3,04 TO 06,102.0,Model A,1998,71 years 10 months,590000.0,2025
2025-11,WOODLANDS,4 ROOM,886C,WOODLANDS DR 50,10 TO 12,92.0,Premium Apartment,2015,88 years 04 months,668000.0,2025
2025-01,QUEENSTOWN,4 ROOM,160,MEI LING ST,07 TO 09,85.0,Improved,1970,44 years 07 months,504888.0,2025
2025-10,BISHAN,4 ROOM,230,BISHAN ST 23,07 TO 09,105.0,Model A,1992,65 years 07 months,850000.0,2025
2025-05,CENTRAL AREA,4 ROOM,663,BUFFALO RD,16 TO 18,82.0,Improved,1982,56 years 01 month,595000.0,2025
2025-07,HOUGANG,3 ROOM,470B,UPP SERANGOON CRES,07 TO 09,67.0,Model A,2015,88 years 10 months,542000.0,2025
2026-06,PUNGGOL,5 ROOM,647,PUNGGOL CTRL,01 TO 03,110.0,Premium Apartment,2005,77 years 08 months,634000.0,2026
2025-09,HOUGANG,4 ROOM,984A,BUANGKOK LINK,07 TO 09,85.0,Model A2,2004,77 years 07 months,560000.0,2025
2025-03,QUEENSTOWN,3 ROOM,153,MEI LING ST,07 TO 09,67.0,Improved,1970,43 years 11 months,420000.0,2025
2026-01,WOODLANDS,4 ROOM,623,WOODLANDS DR 52,01 TO 03,102.0,Model A,1998,71 years 09 months,520000.0,2026
2026-03,BUKIT BATOK,3 ROOM,136,BT BATOK WEST AVE 6,07 TO 09,68.0,New Generation,1984,57 years 08 months,415000.0,2026
2025-03,PUNGGOL,3 ROOM,327A,SUMANG WALK,13 TO 15,68.0,Model A,2018,92 years 09 months,563000.0,2025
2026-02,TAMPINES,5 ROOM,143,TAMPINES ST 12,04 TO 06,133.0,Model A,1984,57 years 05 months,820000.0,2026
2026-05,TOA PAYOH,4 ROOM,35,LOR 5 TOA PAYOH,04 TO 06,102.0,Model A,1997,70 years 05 months,748000.0,2026
2026-03,KALLANG/WHAMPOA,3 ROOM,46,JLN BAHAGIA,01 TO 03,92.1,Terrace,1972,45 years 04 months,930000.0,2026
2025-07,TAMPINES,3 ROOM,890C,TAMPINES AVE 1,10 TO 12,69.0,Model A,2015,89 years 03 months,635000.0,2025
2026-01,TAMPINES,5 ROOM,210,TAMPINES ST 23,04 TO 06,121.0,Improved,1985,58 years 05 months,748000.0,2026
2026-02,YISHUN,4 ROOM,502C,YISHUN ST 51,10 TO 12,92.0,Model A,2018,90 years 11 months,620000.0,2026
2025-04,YISHUN,3 ROOM,671A,YISHUN AVE 4,07 TO 09,68.0,Model A,2018,91 years 11 months,520000.0,2025
2026-05,BUKIT BATOK,5 ROOM,293B,BT BATOK ST 21,13 TO 15,113.0,Improved,2019,91 years 08 months,910000.0,2026
2026-05,BUKIT MERAH,4 ROOM,49,HOY FATT RD,01 TO 03,84.0,Simplified,1986,59 years 03 months,580050.0,2026
2025-06,JURONG WEST,4 ROOM,693,JURONG WEST CTRL 1,10 TO 12,106.0,Premium Apartment,1998,71 years 10 months,630000.0,2025
2025-04,PUNGGOL,4 ROOM,622A,PUNGGOL CTRL,13 TO 15,95.0,Model A,2014,88 years 01 month,710000.0,2025
2026-04,JURONG WEST,3 ROOM,181A,BOON LAY DR,04 TO 06,68.0,Model A,2014,87 years 02 months,475000.0,2026
2026-04,TOA PAYOH,4 ROOM,115A,ALKAFF CRES,04 TO 06,93.0,Model A,2020,93 years 08 months,1020000.0,2026
2026-03,JURONG WEST,5 ROOM,813,JURONG WEST ST 81,10 TO 12,121.0,Improved,1990,63 years,560000.0,2026
2026-03,YISHUN,5 ROOM,509C,YISHUN AVE 4,10 TO 12,113.0,Improved,2018,91 years 02 months,750000.0,2026
2025-12,CLEMENTI,3 ROOM,705,CLEMENTI WEST ST 2,10 TO 12,82.0,New Generation,1980,53 years 09 months,418000.0,2025
2025-04,YISHUN,4 ROOM,452,YISHUN RING RD,13 TO 15,97.0,Model A,2012,86 years 05 months,620888.0,2025
2025-11,WOODLANDS,5 ROOM,655,WOODLANDS RING RD,07 TO 09,121.0,Improved,1998,71 years 05 months,688000.0,2025
2025-12,PASIR RIS,4 ROOM,148,PASIR RIS ST 13,04 TO 06,109.0,Model A,1995,68 years 03 months,595000.0,2025
2026-05,JURONG WEST,5 ROOM,691,JURONG WEST CTRL 1,04 TO 06,119.0,Premium Apartment,1998,71 years,675000.0,2026
2025-01,SEMBAWANG,3 ROOM,463B,SEMBAWANG DR,10 TO 12,67.0,Model A,2015,89 years 06 months,472888.0,2025
2025-11,BUKIT MERAH,3 ROOM,93A,TELOK BLANGAH ST 31,16 TO 18,68.0,Model A,2018,92 years 01 month,771000.0,2025
2025-07,HOUGANG,4 ROOM,925,HOUGANG ST 91,10 TO 12,100.0,Model A,1998,72 years 03 months,618000.0,2025
2025-08,GEYLANG,4 ROOM,18D,CIRCUIT RD,07 TO 09,93.0,Model A,2016,90 years 03 months,990000.0,2025
2026-02,BEDOK,4 ROOM,183,BEDOK NTH RD,10 TO 12,92.0,Model A,2005,78 years 11 months,773000.0,2026
2025-01,BISHAN,4 ROOM,121,BISHAN ST 12,01 TO 03,91.0,Simplified,1986,60 years 06 months,740000.0,2025
2025-12,PUNGGOL,4 ROOM,684D,EDGEDALE PLAINS,04 TO 06,93.0,Premium Apartment,2018,91 years 08 months,725000.0,2025
2026-06,JURONG WEST,4 ROOM,462,JURONG WEST ST 41,10 TO 12,102.0,Model A,1984,57 years,560000.0,2026
2025-05,TAMPINES,5 ROOM,842H,TAMPINES ST 82,07 TO 09,124.0,Improved,1995,69 years 04 months,970000.0,2025
2026-01,CHOA CHU KANG,4 ROOM,803A,KEAT HONG CL,10 TO 12,93.0,Model A,2017,90 years 05 months,615000.0,2026
2025-02,PUNGGOL,4 ROOM,619B,PUNGGOL DR,16 TO 18,95.0,Premium Apartment,2013,87 years 09 months,690000.0,2025
2025-10,ANG MO KIO,4 ROOM,522,ANG MO KIO AVE 5,10 TO 12,91.0,New Generation,1980,53 years 10 months,588000.0,2025
2025-07,BUKIT PANJANG,4 ROOM,547A,SEGAR RD,10 TO 12,92.0,Model A,2015,89 years 01 month,600000.0,2025
2025-03,BUKIT BATOK,4 ROOM,443C,BT BATOK WEST AVE 8,04 TO 06,92.0,Model A,2019,93 years 01 month,680000.0,2025
2025-06,PUNGGOL,4 ROOM,613C,PUNGGOL DR,01 TO 03,93.0,Model A,2012,86 years 06 months,616888.0,2025
2025-07,SENGKANG,3 ROOM,448B,SENGKANG WEST WAY,19 TO 21,67.0,Model A,2014,88 years,545000.0,2025
2026-01,TAMPINES,3 ROOM,246,TAMPINES ST 21,10 TO 12,67.0,New Generation,1984,57 years 09 months,450000.0,2026
2026-03,TAMPINES,4 ROOM,293,TAMPINES ST 22,04 TO 06,104.0,Model A,1984,57 years 03 months,550000.0,2026
2025-11,HOUGANG,4 ROOM,234,HOUGANG AVE 1,04 TO 06,109.0,Model A,1984,57 years 09 months,618888.0,2025
2025-03,TAMPINES,4 ROOM,519A,TAMPINES CTRL 8,13 TO 15,83.0,DBSS,2014,88 years 04 months,875000.0,2025
2025-08,SENGKANG,4 ROOM,356A,ANCHORVALE LANE,10 TO 12,93.0,Model A,2021,94 years 07 months,728000.0,2025
2026-05,SEMBAWANG,5 ROOM,509B,WELLINGTON CIRCLE,07 TO 09,110.0,Improved,2004,77 years 04 months,620000.0,2026
2026-04,JURONG WEST,5 ROOM,945,JURONG WEST ST 91,01 TO 03,123.0,Improved,1989,62 years 04 months,535000.0,2026
2026-04,HOUGANG,4 ROOM,413,HOUGANG AVE 10,13 TO 15,91.0,New Generation,1986,59 years,600000.0,2026
2025-06,ANG MO KIO,4 ROOM,461,ANG MO KIO AVE 10,10 TO 12,92.0,New Generation,1980,53 years 09 months,570000.0,2025
2025-12,SENGKANG,4 ROOM,293C,COMPASSVALE CRES,07 TO 09,93.0,Model A,2016,90 years,658000.0,2025
2025-03,HOUGANG,5 ROOM,371,HOUGANG ST 31,13 TO 15,120.0,Improved,1999,73 years 09 months,861888.0,2025
2025-04,TAMPINES,4 ROOM,726,TAMPINES ST 71,01 TO 03,104.0,Model A,1997,71 years 05 months,630000.0,2025
2026-05,CHOA CHU KANG,4 ROOM,110,TECK WHYE LANE,04 TO 06,103.0,Model A,1989,62 years 06 months,495000.0,2026
2025-02,WOODLANDS,5 ROOM,182B,WOODLANDS ST 13,19 TO 21,113.0,Improved,2019,93 years 09 months,755888.0,2025
2026-01,BEDOK,3 ROOM,534,BEDOK NTH ST 3,07 TO 09,69.0,Improved,1986,59 years 02 months,468000.0,2026
2025-09,PASIR RIS,4 ROOM,569,PASIR RIS ST 51,07 TO 09,104.0,Model A,1992,66 years 03 months,716000.0,2025
2026-02,QUEENSTOWN,4 ROOM,89,DAWSON RD,31 TO 33,87.0,Premium Apartment,2016,89 years 02 months,1180888.0,2026
2026-06,JURONG WEST,4 ROOM,751,JURONG WEST ST 73,04 TO 06,104.0,Model A,1992,65 years 03 months,500000.0,2026
2026-01,GEYLANG,3 ROOM,18B,CIRCUIT RD,13 TO 15,67.0,Model A,2016,89 years 11 months,760888.0,2026
2025-04,GEYLANG,3 ROOM,46,CIRCUIT RD,04 TO 06,52.0,Standard,1971,44 years 10 months,366000.0,2025
2025-11,CHOA CHU KANG,4 ROOM,770,CHOA CHU KANG ST 54,01 TO 03,102.0,Model A,1996,70 years,525000.0,2025
2025-09,BUKIT BATOK,4 ROOM,289F,BT BATOK ST 25,01 TO 03,92.0,Model A2,1998,71 years 10 months,540000.0,2025
2026-04,QUEENSTOWN,5 ROOM,86,DAWSON RD,04 TO 06,104.0,Premium Apartment,2016,89 years 04 months,1120000.0,2026
2025-06,YISHUN,3 ROOM,506B,YISHUN AVE 4,10 TO 12,68.0,Model A,2018,91 years 10 months,525888.0,2025
2026-05,WOODLANDS,4 ROOM,348,WOODLANDS AVE 3,01 TO 03,84.0,Simplified,1988,61 years 04 months,490000.0,2026
2025-05,TOA PAYOH,3 ROOM,66,LOR 4 TOA PAYOH,10 TO 12,72.0,Standard,1969,42 years 10 months,450000.0,2025
2025-04,PUNGGOL,5 ROOM,126A,EDGEDALE PLAINS,07 TO 09,110.0,Improved,2003,77 years 01 month,665000.0,2025
2026-02,BEDOK,4 ROOM,159,BEDOK STH AVE 3,07 TO 09,104.0,Model A,1985,58 years 02 months,630000.0,2026
2026-02,TAMPINES,4 ROOM,613A,TAMPINES NTH DR 1,07 TO 09,93.0,Model A,2020,93 years 09 months,768000.0,2026
2025-10,HOUGANG,5 ROOM,980D,BUANGKOK CRES,01 TO 03,110.0,Improved,2003,76 years 08 months,585000.0,2025
2025-02,TOA PAYOH,4 ROOM,141,LOR 2 TOA PAYOH,25 TO 27,100.0,Model A,2001,75 years,970000.0,2025
2025-11,TAMPINES,4 ROOM,612A,TAMPINES NTH DR 1,07 TO 09,93.0,Model A,2020,93 years 11 months,740000.0,2025
2026-05,TAMPINES,3 ROOM,235,TAMPINES ST 21,10 TO 12,74.0,Model A,1993,66 years 03 months,540000.0,2026
2025-01,HOUGANG,4 ROOM,336,HOUGANG AVE 7,04 TO 06,91.0,New Generation,1985,59 years 06 months,525000.0,2025
2025-07,HOUGANG,4 ROOM,648,HOUGANG AVE 8,10 TO 12,105.0,Model A,1987,61 years 04 months,674888.0,2025
2025-01,YISHUN,4 ROOM,410,YISHUN RING RD,07 TO 09,104.0,Model A,1988,62 years 09 months,575000.0,2025
2025-05,WOODLANDS,5 ROOM,547,WOODLANDS DR 16,10 TO 12,121.0,Improved,2000,74 years 04 months,726888.0,2025
2025-05,HOUGANG,3 ROOM,174A,HOUGANG AVE 1,10 TO 12,66.0,Model A,2014,87 years 09 months,505888.0,2025
2026-01,SENGKANG,4 ROOM,271B,SENGKANG CTRL,01 TO 03,93.0,Premium Apartment,2010,83 years 05 months,760000.0,2026
2025-04,SEMBAWANG,4 ROOM,104D,CANBERRA ST,13 TO 15,93.0,Model A,2018,92 years 03 months,645000.0,2025
2026-04,CENTRAL AREA,4 ROOM,1C,CANTONMENT RD,34 TO 36,95.0,Type S1,2011,83 years 10 months,1445000.0,2026
2025-02,PUNGGOL,4 ROOM,221B,SUMANG LANE,13 TO 15,93.0,Model A,2018,93 years,688000.0,2025
2025-03,SENGKANG,5 ROOM,286B,COMPASSVALE CRES,07 TO 09,113.0,Premium Apartment,2017,91 years 09 months,813000.0,2025
2026-05,WOODLANDS,4 ROOM,184A,WOODLANDS ST 13,04 TO 06,93.0,Model A,2019,92 years 06 months,660000.0,2026
2025-01,WOODLANDS,4 ROOM,739,WOODLANDS CIRCLE,07 TO 09,91.0,Model A2,1997,71 years 09 months,516000.0,2025
2026-01,BEDOK,3 ROOM,27,NEW UPP CHANGI RD,07 TO 09,74.0,Improved,1982,55 years 08 months,448000.0,2026
2025-01,CLEMENTI,3 ROOM,714,CLEMENTI WEST ST 2,10 TO 12,67.0,New Generation,1980,54 years 10 months,398000.0,2025
2025-01,PUNGGOL,5 ROOM,203A,PUNGGOL FIELD,13 TO 15,110.0,Improved,2004,78 years 10 months,710000.0,2025
2026-06,YISHUN,4 ROOM,455,YISHUN ST 41,01 TO 03,93.0,Model A,2013,86 years 03 months,530000.0,2026
2025-05,PUNGGOL,3 ROOM,259B,PUNGGOL FIELD,10 TO 12,68.0,Model A,2016,90 years 02 months,520000.0,2025
2026-03,TAMPINES,4 ROOM,519C,TAMPINES CTRL 8,04 TO 06,84.0,DBSS,2014,87 years 03 months,848000.0,2026
2025-08,CLEMENTI,4 ROOM,347,CLEMENTI AVE 5,10 TO 12,92.0,New Generation,1979,52 years 06 months,600000.0,2025
2026-02,SERANGOON,5 ROOM,256,SERANGOON CTRL DR,04 TO 06,115.0,Improved,1999,72 years 04 months,980000.0,2026
2025-02,SENGKANG,5 ROOM,245,COMPASSVALE RD,01 TO 03,115.0,Improved,2000,74 years 05 months,665000.0,2025
2026-03,TOA PAYOH,3 ROOM,158,LOR 1 TOA PAYOH,01 TO 03,65.0,Improved,1972,44 years 11 months,370000.0,2026
2025-02,SEMBAWANG,5 ROOM,401,ADMIRALTY LINK,10 TO 12,110.0,Improved,2001,75 years 03 months,606000.0,2025
2026-06,PUNGGOL,4 ROOM,316D,PUNGGOL WAY,04 TO 06,93.0,Premium Apartment,2017,90 years 04 months,650000.0,2026
2025-06,TAMPINES,4 ROOM,225,SIMEI ST 4,10 TO 12,104.0,Model A,1988,62 years 06 months,750000.0,2025
2025-02,PUNGGOL,5 ROOM,107A,EDGEFIELD PLAINS,10 TO 12,110.0,Improved,2003,77 years 01 month,638888.0,2025
2025-01,YISHUN,4 ROOM,389,YISHUN AVE 6,01 TO 03,84.0,Simplified,1988,62 years 05 months,470000.0,2025
2025-12,BEDOK,3 ROOM,525,BEDOK NTH ST 3,04 TO 06,67.0,New Generation,1979,52 years 08 months,425000.0,2025
2025-04,PUNGGOL,4 ROOM,622A,PUNGGOL CTRL,04 TO 06,95.0,Model A,2014,88 years 01 month,642000.0,2025
2025-02,PUNGGOL,5 ROOM,110D,PUNGGOL FIELD,13 TO 15,111.0,Improved,2003,77 years 03 months,690000.0,2025
2025-12,PUNGGOL,5 ROOM,103B,EDGEFIELD PLAINS,01 TO 03,110.0,Improved,2003,76 years 06 months,615000.0,2025
2025-07,JURONG WEST,5 ROOM,326,TAH CHING RD,07 TO 09,122.0,Improved,1997,70 years 10 months,650000.0,2025
2025-12,HOUGANG,4 ROOM,999B,BUANGKOK CRES,01 TO 03,93.0,Model A,2019,93 years 01 month,612000.0,2025
2026-04,ANG MO KIO,3 ROOM,455A,ANG MO KIO ST 44,16 TO 18,68.0,Model A,2018,91 years,695000.0,2026
2025-02,SEMBAWANG,5 ROOM,119B,CANBERRA CRES,07 TO 09,113.0,Improved,2018,92 years 01 month,820000.0,2025
2026-03,YISHUN,3 ROOM,108,YISHUN RING RD,07 TO 09,67.0,New Generation,1985,57 years 11 months,380000.0,2026
2025-05,JURONG EAST,4 ROOM,52,TEBAN GDNS RD,01 TO 03,83.0,Simplified,1987,60 years 10 months,450000.0,2025
2026-01,SENGKANG,4 ROOM,271C,SENGKANG CTRL,13 TO 15,93.0,Premium Apartment,2010,83 years 04 months,768000.0,2026
2025-05,CHOA CHU KANG,5 ROOM,817B,KEAT HONG LINK,04 TO 06,112.0,Improved,2017,91 years 04 months,718888.0,2025
2025-05,BUKIT BATOK,4 ROOM,443D,BT BATOK WEST AVE 8,01 TO 03,92.0,Model A,2019,92 years 11 months,630000.0,2025
2025-07,TOA PAYOH,4 ROOM,79D,TOA PAYOH CTRL,04 TO 06,91.0,Model A,2009,82 years 09 months,880000.0,2025
2025-03,SENGKANG,4 ROOM,447B,JLN KAYU,22 TO 24,94.0,Model A,2013,87 years 09 months,700000.0,2025
2026-01,TAMPINES,5 ROOM,614B,TAMPINES NTH DR 1,10 TO 12,113.0,Improved,2021,94 years 01 month,940000.0,2026
2025-07,SENGKANG,4 ROOM,296A,COMPASSVALE CRES,10 TO 12,90.0,Model A,2002,75 years 07 months,565000.0,2025
2026-02,JURONG WEST,5 ROOM,529,JURONG WEST ST 52,10 TO 12,118.0,Improved,1982,55 years 05 months,650000.0,2026
2025-02,TOA PAYOH,3 ROOM,125,LOR 1 TOA PAYOH,07 TO 09,67.0,Improved,1970,44 years,410000.0,2025
2025-02,BUKIT BATOK,5 ROOM,426,BT BATOK WEST AVE 2,04 TO 06,120.0,Improved,1987,61 years 04 months,595000.0,2025
2025-12,SENGKANG,4 ROOM,415B,FERNVALE LINK,10 TO 12,93.0,Model A,2016,89 years 02 months,685000.0,2025
2025-09,PUNGGOL,5 ROOM,265A,PUNGGOL WAY,01 TO 03,112.0,Improved,2015,88 years 09 months,778000.0,2025
2026-06,BISHAN,4 ROOM,145,BISHAN ST 11,07 TO 09,84.0,Simplified,1987,60 years 05 months,610000.0,2026
2026-06,BEDOK,3 ROOM,20,CHAI CHEE RD,07 TO 09,65.0,Improved,1972,45 years 02 months,325000.0,2026
2025-09,YISHUN,4 ROOM,315C,YISHUN AVE 9,10 TO 12,92.0,Model A,2015,89 years 02 months,610000.0,2025
2025-05,BUKIT MERAH,5 ROOM,9B,BOON TIONG RD,10 TO 12,112.0,Improved,2016,89 years 09 months,1438000.0,2025
2025-10,CENTRAL AREA,3 ROOM,640,ROWELL RD,10 TO 12,74.0,Model A,1984,57 years 09 months,590000.0,2025
2025-03,SEMBAWANG,5 ROOM,126C,CANBERRA ST,10 TO 12,113.0,Improved,2020,94 years 08 months,805000.0,2025
2026-05,BUKIT PANJANG,4 ROOM,132,CASHEW RD,04 TO 06,103.0,Model A,1988,61 years 08 months,535000.0,2026
2025-02,WOODLANDS,3 ROOM,185B,WOODLANDS ST 13,25 TO 27,68.0,Model A,2019,93 years 10 months,540000.0,2025
2025-08,CHOA CHU KANG,4 ROOM,815A,CHOA CHU KANG AVE 7,16 TO 18,93.0,Model A,2017,90 years 07 months,675000.0,2025
2025-03,SEMBAWANG,4 ROOM,341,SEMBAWANG CL,07 TO 09,95.0,Premium Apartment,2001,75 years 04 months,600000.0,2025
2025-04,CLEMENTI,3 ROOM,351,CLEMENTI AVE 2,01 TO 03,67.0,New Generation,1978,52 years 06 months,388000.0,2025
2025-02,JURONG WEST,3 ROOM,180B,BOON LAY DR,04 TO 06,68.0,Model A,2014,88 years 04 months,450000.0,2025
2025-06,PUNGGOL,5 ROOM,638A,PUNGGOL DR,13 TO 15,110.0,Premium Apartment,2005,78 years 07 months,681000.0,2025
2025-11,BUKIT MERAH,5 ROOM,87,REDHILL CL,10 TO 12,132.0,Improved,1995,68 years 03 months,1260000.0,2025
2026-06,TOA PAYOH,4 ROOM,261,TOA PAYOH EAST,19 TO 21,93.0,Model A,2019,92 years 07 months,1038000.0,2026
2025-02,SEMBAWANG,4 ROOM,115D,CANBERRA WALK,01 TO 03,93.0,Model A,2018,92 years 06 months,705000.0,2025
2025-08,QUEENSTOWN,3 ROOM,13,HOLLAND DR,10 TO 12,65.0,Improved,1975,48 years 05 months,525000.0,2025
2025-08,TAMPINES,3 ROOM,465,TAMPINES ST 44,07 TO 09,74.0,Model A,1987,60 years 09 months,480000.0,2025
2025-07,PUNGGOL,4 ROOM,269B,PUNGGOL FIELD,13 TO 15,95.0,Premium Apartment,2013,86 years 06 months,745000.0,2025
2026-05,BUKIT TIMAH,4 ROOM,13,TOH YI DR,04 TO 06,104.0,Model A,1988,61 years 05 months,920000.0,2026
2025-04,HOUGANG,4 ROOM,365C,UPP SERANGOON RD,07 TO 09,92.0,Model A,2018,91 years 11 months,800000.0,2025
2025-09,SEMBAWANG,5 ROOM,126D,CANBERRA ST,01 TO 03,116.0,Improved,2020,94 years 02 months,828000.0,2025
2026-03,JURONG EAST,5 ROOM,288B,JURONG EAST ST 21,01 TO 03,123.0,Improved,2000,73 years 02 months,715000.0,2026
2025-09,YISHUN,4 ROOM,123,YISHUN ST 11,07 TO 09,95.0,New Generation,1985,58 years 10 months,518888.0,2025
2025-05,PUNGGOL,5 ROOM,664B,PUNGGOL DR,07 TO 09,110.0,Improved,2016,90 years 02 months,785000.0,2025
2026-01,WOODLANDS,5 ROOM,611,WOODLANDS RING RD,07 TO 09,120.0,Improved,1998,71 years 03 months,625000.0,2026
2025-09,BUKIT MERAH,3 ROOM,132,JLN BT MERAH,04 TO 06,59.0,Improved,1975,48 years 08 months,300000.0,2025
2025-01,YISHUN,4 ROOM,442,YISHUN AVE 11,07 TO 09,92.0,Model A,2012,86 years 07 months,575000.0,2025
2026-06,ANG MO KIO,3 ROOM,536,ANG MO KIO AVE 10,07 TO 09,68.0,New Generation,1980,52 years 09 months,428000.0,2026
2025-07,WOODLANDS,5 ROOM,896B,WOODLANDS DR 50,07 TO 09,118.0,Improved,1997,71 years 02 months,630000.0,2025
2025-02,HOUGANG,3 ROOM,667,HOUGANG AVE 4,07 TO 09,74.0,Model A,1987,61 years 05 months,470000.0,2025
2026-03,SENGKANG,5 ROOM,416A,FERNVALE LINK,10 TO 12,113.0,Improved,2016,88 years 10 months,815000.0,2026
2025-05,HOUGANG,3 ROOM,682,HOUGANG AVE 4,04 TO 06,64.0,Simplified,1989,63 years 03 months,428000.0,2025
2026-02,QUEENSTOWN,3 ROOM,95,DAWSON RD,13 TO 15,63.0,Premium Apartment,2021,94 years 09 months,818000.0,2026
2025-05,SEMBAWANG,4 ROOM,103A,CANBERRA ST,07 TO 09,93.0,Model A,2020,94 years 07 months,610000.0,2025
2025-12,HOUGANG,4 ROOM,532,HOUGANG AVE 6,10 TO 12,84.0,Simplified,1987,61 years,576888.0,2025
2025-01,TAMPINES,3 ROOM,609C,TAMPINES NTH DR 1,07 TO 09,68.0,Model A,2020,94 years 11 months,580000.0,2025
2025-07,PUNGGOL,4 ROOM,323A,SUMANG WALK,16 TO 18,93.0,Premium Apartment,2020,93 years 06 months,736888.0,2025
2026-05,WOODLANDS,4 ROOM,149,WOODLANDS ST 13,10 TO 12,98.0,New Generation,1985,57 years 11 months,528000.0,2026
2025-09,PUNGGOL,4 ROOM,222A,SUMANG LANE,07 TO 09,93.0,Model A,2018,92 years 03 months,650000.0,2025
2025-03,PUNGGOL,4 ROOM,273D,PUNGGOL PL,04 TO 06,93.0,Premium Apartment,2013,87 years 05 months,735000.0,2025
2025-08,BUKIT BATOK,3 ROOM,265,BT BATOK EAST AVE 4,04 TO 06,82.0,New Generation,1985,59 years 02 months,430000.0,2025
2026-06,WOODLANDS,5 ROOM,701,WOODLANDS DR 40,07 TO 09,119.0,Improved,1996,69 years 05 months,670000.0,2026
2025-03,QUEENSTOWN,4 ROOM,78,DAWSON RD,28 TO 30,88.0,Model A,2020,94 years 09 months,1168000.0,2025
2025-02,TAMPINES,4 ROOM,879A,TAMPINES AVE 8,10 TO 12,93.0,Model A,2017,91 years 05 months,750000.0,2025
2025-05,WOODLANDS,5 ROOM,895C,WOODLANDS DR 50,04 TO 06,117.0,Improved,1997,70 years 09 months,668000.0,2025
2025-03,YISHUN,4 ROOM,329,YISHUN RING RD,01 TO 03,84.0,Simplified,1988,61 years 11 months,485000.0,2025
2025-01,BUKIT BATOK,5 ROOM,290E,BT BATOK ST 24,04 TO 06,121.0,Improved,1997,72 years,732000.0,2025
2025-06,SENGKANG,4 ROOM,327B,ANCHORVALE RD,13 TO 15,92.0,Premium Apartment,2015,88 years 10 months,676000.0,2025
2026-01,PUNGGOL,3 ROOM,601C,PUNGGOL CTRL,01 TO 03,70.0,Model A,2012,85 years 07 months,525000.0,2026
2025-08,WOODLANDS,4 ROOM,624B,WOODLANDS DR 52,07 TO 09,100.0,Model A,1998,72 years 02 months,540000.0,2025
2025-11,TOA PAYOH,4 ROOM,79A,TOA PAYOH CTRL,07 TO 09,76.0,Model A,2009,82 years 06 months,775000.0,2025
2026-03,KALLANG/WHAMPOA,3 ROOM,57,GEYLANG BAHRU,04 TO 06,65.0,Improved,1974,47 years 05 months,395000.0,2026
2025-08,JURONG WEST,4 ROOM,686A,JURONG WEST CTRL 1,13 TO 15,94.0,Premium Apartment,2000,74 years 03 months,598000.0,2025
2026-06,WOODLANDS,5 ROOM,168,WOODLANDS ST 11,04 TO 06,121.0,Improved,1986,59 years 06 months,535000.0,2026
2025-07,BEDOK,3 ROOM,21,CHAI CHEE RD,01 TO 03,65.0,Improved,1972,46 years,358000.0,2025
2025-09,SENGKANG,5 ROOM,184B,RIVERVALE CRES,10 TO 12,110.0,Improved,2003,76 years 09 months,645000.0,2025
2026-01,SENGKANG,5 ROOM,293C,COMPASSVALE CRES,10 TO 12,113.0,Improved,2016,89 years 11 months,883888.0,2026
2026-01,PUNGGOL,5 ROOM,662C,EDGEDALE PLAINS,04 TO 06,112.0,Premium Apartment,2017,90 years 04 months,818000.0,2026
2025-08,SENGKANG,3 ROOM,355A,ANCHORVALE LANE,16 TO 18,68.0,Model A,2021,94 years 07 months,560000.0,2025
2025-08,QUEENSTOWN,4 ROOM,168A,QUEENSWAY,10 TO 12,84.0,Improved,1974,47 years 11 months,528000.0,2025
2026-03,TAMPINES,5 ROOM,141,SIMEI ST 2,07 TO 09,128.0,Improved,1989,61 years 10 months,788000.0,2026
2026-02,SENGKANG,5 ROOM,192C,RIVERVALE DR,13 TO 15,115.0,Improved,2000,73 years 07 months,675000.0,2026
2026-01,SENGKANG,3 ROOM,430C,FERNVALE LINK,22 TO 24,67.0,Model A,2015,88 years 04 months,539800.0,2026
2026-06,TAMPINES,4 ROOM,719,TAMPINES ST 72,04 TO 06,99.0,Model A,1997,70 years,643000.0,2026
2026-01,SENGKANG,3 ROOM,180D,RIVERVALE CRES,01 TO 03,67.0,Model A,2015,88 years 04 months,468000.0,2026
2025-12,SENGKANG,4 ROOM,188D,RIVERVALE DR,10 TO 12,95.0,Model A,2000,73 years 08 months,575000.0,2025
2025-05,BUKIT MERAH,3 ROOM,22,TELOK BLANGAH CRES,10 TO 12,70.0,Improved,1975,49 years 02 months,395000.0,2025
2025-11,SEMBAWANG,5 ROOM,588C,MONTREAL DR,01 TO 03,110.0,Improved,2003,76 years 03 months,608888.0,2025
2026-01,JURONG WEST,5 ROOM,202,BOON LAY DR,04 TO 06,120.0,Standard,1976,49 years 06 months,525000.0,2026
2026-01,KALLANG/WHAMPOA,4 ROOM,813,JELLICOE RD,16 TO 18,91.0,Model A,2003,76 years 02 months,950000.0,2026
2025-10,WOODLANDS,5 ROOM,589,WOODLANDS DR 16,04 TO 06,111.0,Improved,2001,74 years 08 months,630000.0,2025
2026-01,JURONG WEST,5 ROOM,661C,JURONG WEST ST 64,04 TO 06,110.0,Improved,2001,74 years 07 months,688888.0,2026
2026-05,TAMPINES,4 ROOM,868B,TAMPINES AVE 8,04 TO 06,92.0,Model A,2015,88 years 02 months,735000.0,2026
2025-02,SEMBAWANG,5 ROOM,420,CANBERRA RD,10 TO 12,110.0,Improved,2001,75 years 02 months,625000.0,2025
2026-05,YISHUN,5 ROOM,730,YISHUN ST 71,01 TO 03,122.0,Improved,1987,59 years 09 months,622500.0,2026
2025-02,BEDOK,5 ROOM,414,BEDOK NTH AVE 2,07 TO 09,119.0,Improved,1978,52 years 10 months,730000.0,2025
2025-09,JURONG WEST,3 ROOM,119,HO CHING RD,01 TO 03,67.0,Improved,1972,45 years 05 months,325000.0,2025
2025-01,YISHUN,3 ROOM,286,YISHUN AVE 6,01 TO 03,74.0,Model A,1987,61 years 07 months,420000.0,2025
2025-04,MARINE PARADE,3 ROOM,66,MARINE DR,10 TO 12,65.0,Improved,1976,50 years,500000.0,2025
2025-03,CENTRAL AREA,4 ROOM,232,BAIN ST,19 TO 21,82.0,Improved,1980,54 years 03 months,825000.0,2025
2026-04,SENGKANG,4 ROOM,211D,COMPASSVALE LANE,07 TO 09,93.0,Model A,2013,85 years 11 months,649888.0,2026
2025-12,BEDOK,3 ROOM,74,BEDOK NTH RD,10 TO 12,59.0,Improved,1978,51 years 02 months,400000.0,2025
2026-05,SEMBAWANG,4 ROOM,102A,CANBERRA ST,04 TO 06,93.0,Model A,2020,93 years 08 months,588888.0,2026
2026-05,JURONG WEST,5 ROOM,817,JURONG WEST ST 81,04 TO 06,126.0,Improved,1993,66 years 04 months,575000.0,2026
2026-05,SENGKANG,5 ROOM,192C,RIVERVALE DR,10 TO 12,115.0,Improved,2000,73 years 04 months,750000.0,2026
2026-01,BEDOK,3 ROOM,117,BEDOK NTH RD,01 TO 03,73.0,New Generation,1978,51 years 05 months,410000.0,2026
2025-06,PASIR RIS,5 ROOM,557,PASIR RIS ST 51,07 TO 09,122.0,Improved,1993,67 years 02 months,775000.0,2025
2025-04,PUNGGOL,3 ROOM,663A,PUNGGOL DR,10 TO 12,65.0,Model A,2016,90 years 04 months,535000.0,2025
2025-01,KALLANG/WHAMPOA,4 ROOM,7,BOON KENG RD,19 TO 21,95.0,DBSS,2011,85 years 02 months,1080000.0,2025
2025-03,YISHUN,3 ROOM,123,YISHUN ST 11,04 TO 06,68.0,New Generation,1985,59 years 05 months,405000.0,2025
2026-06,BUKIT BATOK,4 ROOM,463B,BT BATOK ST 41,10 TO 12,93.0,Model A,2021,94 years 02 months,672000.0,2026
2025-10,SENGKANG,4 ROOM,416C,FERNVALE LINK,01 TO 03,93.0,Model A,2016,89 years 03 months,615000.0,2025
2026-02,TOA PAYOH,3 ROOM,125,LOR 1 TOA PAYOH,07 TO 09,67.0,Improved,1970,43 years,343000.0,2026
2025-02,BUKIT MERAH,5 ROOM,8B,BOON TIONG RD,13 TO 15,115.0,Improved,2005,79 years 09 months,1310000.0,2025
2025-07,JURONG WEST,4 ROOM,183A,BOON LAY AVE,13 TO 15,92.0,Model A,2015,88 years 07 months,610000.0,2025
2025-04,BUKIT BATOK,3 ROOM,533,BT BATOK ST 51,01 TO 03,60.0,Improved,1988,61 years 11 months,355000.0,2025
2025-08,YISHUN,4 ROOM,665,YISHUN AVE 4,04 TO 06,109.0,Model A,1992,65 years 10 months,600000.0,2025
2026-05,BUKIT BATOK,5 ROOM,296C,BT BATOK ST 22,07 TO 09,115.0,Premium Apartment,2018,90 years 11 months,920000.0,2026
2025-04,YISHUN,4 ROOM,812,YISHUN RING RD,01 TO 03,84.0,Simplified,1987,61 years,520000.0,2025
2026-04,PUNGGOL,3 ROOM,670C,EDGEFIELD PLAINS,10 TO 12,67.0,Premium Apartment,2016,89 years 03 months,560000.0,2026
2025-07,TAMPINES,5 ROOM,130,SIMEI ST 1,07 TO 09,121.0,Improved,1987,61 years 04 months,785000.0,2025
2025-07,YISHUN,5 ROOM,673C,YISHUN AVE 4,13 TO 15,112.0,Improved,2018,92 years 05 months,790000.0,2025
2025-10,BEDOK,3 ROOM,519,BEDOK NTH AVE 1,04 TO 06,67.0,New Generation,1979,52 years 09 months,412888.0,2025
2026-04,BUKIT MERAH,4 ROOM,56,TELOK BLANGAH HTS,10 TO 12,91.0,New Generation,1976,49 years 05 months,599888.0,2026
2026-03,SERANGOON,4 ROOM,111,SERANGOON NTH AVE 1,04 TO 06,91.0,New Generation,1985,58 years 06 months,558000.0,2026
2026-01,BEDOK,3 ROOM,618,BEDOK RESERVOIR RD,07 TO 09,69.0,Improved,1986,59 years 03 months,428000.0,2026
2026-05,HOUGANG,5 ROOM,245,HOUGANG ST 22,04 TO 06,125.0,Improved,1984,57 years 08 months,670888.0,2026
2025-05,JURONG EAST,5 ROOM,260,JURONG EAST ST 24,07 TO 09,121.0,Improved,1983,56 years 09 months,655000.0,2025
2025-05,QUEENSTOWN,4 ROOM,2,HOLLAND AVE,04 TO 06,88.0,Improved,1974,48 years 01 month,630000.0,2025
2025-01,YISHUN,3 ROOM,228,YISHUN ST 21,04 TO 06,67.0,New Generation,1985,60 years 01 month,410000.0,2025
2025-04,TOA PAYOH,4 ROOM,118A,ALKAFF CRES,04 TO 06,93.0,Model A,2020,94 years 09 months,1100000.0,2025
2025-04,PASIR RIS,4 ROOM,114,PASIR RIS ST 11,01 TO 03,106.0,Model A,1989,63 years 02 months,590000.0,2025
2025-08,YISHUN,4 ROOM,672B,YISHUN AVE 4,10 TO 12,93.0,Model A,2018,91 years 05 months,670000.0,2025
2025-11,BUKIT PANJANG,3 ROOM,548B,SEGAR RD,16 TO 18,67.0,Model A,2015,89 years 02 months,523000.0,2025
2025-08,KALLANG/WHAMPOA,4 ROOM,69,MOULMEIN RD,16 TO 18,84.0,Improved,1972,45 years 11 months,600000.0,2025
2025-09,SENGKANG,5 ROOM,260A,SENGKANG EAST WAY,01 TO 03,110.0,Improved,2001,74 years 04 months,675000.0,2025
2026-05,BUKIT BATOK,5 ROOM,387,BT BATOK WEST AVE 5,16 TO 18,118.0,Improved,2004,77 years 06 months,728000.0,2026
2025-05,SENGKANG,4 ROOM,308B,ANCHORVALE RD,07 TO 09,90.0,Model A,2001,75 years 06 months,565000.0,2025
2025-06,YISHUN,3 ROOM,710,YISHUN AVE 5,07 TO 09,68.0,New Generation,1984,57 years 11 months,420000.0,2025
2025-09,BEDOK,4 ROOM,747C,BEDOK RESERVOIR CRES,04 TO 06,87.0,DBSS,2014,88 years 01 month,838000.0,2025
2026-05,SENGKANG,5 ROOM,280B,SENGKANG EAST AVE,01 TO 03,112.0,Premium Apartment,2015,88 years 04 months,873000.0,2026
2025-04,PASIR RIS,4 ROOM,480,PASIR RIS DR 4,07 TO 09,112.0,Model A,1992,66 years 08 months,651888.0,2025
2025-05,ANG MO KIO,3 ROOM,442,ANG MO KIO AVE 10,07 TO 09,82.0,New Generation,1979,53 years 04 months,525000.0,2025
2026-03,CHOA CHU KANG,5 ROOM,162,JLN TECK WHYE,10 TO 12,121.0,Improved,1998,71 years,710000.0,2026
2025-12,WOODLANDS,5 ROOM,851,WOODLANDS ST 83,04 TO 06,126.0,Improved,1996,69 years 06 months,700000.0,2025
2025-10,TAMPINES,3 ROOM,164,TAMPINES ST 12,01 TO 03,74.0,Model A,1984,58 years 02 months,487000.0,2025
2025-10,BEDOK,4 ROOM,186B,BEDOK NTH ST 4,10 TO 12,93.0,Model A,2018,92 years 02 months,845000.0,2025
2025-03,ANG MO KIO,4 ROOM,425,ANG MO KIO AVE 3,01 TO 03,98.0,New Generation,1979,52 years 11 months,595888.0,2025
2026-03,JURONG WEST,3 ROOM,213,BOON LAY PL,01 TO 03,65.0,Improved,1974,47 years 07 months,330000.0,2026
2025-01,YISHUN,3 ROOM,123,YISHUN ST 11,07 TO 09,68.0,New Generation,1985,59 years 06 months,420000.0,2025
2025-04,BUKIT BATOK,4 ROOM,445A,BT BATOK WEST AVE 8,07 TO 09,92.0,Model A,2019,92 years 09 months,660000.0,2025
2026-05,YISHUN,3 ROOM,165,YISHUN RING RD,01 TO 03,64.0,Simplified,1988,61 years 02 months,377000.0,2026
2025-05,BUKIT MERAH,4 ROOM,68,TELOK BLANGAH HTS,13 TO 15,91.0,New Generation,1978,51 years 09 months,648000.0,2025
2025-06,YISHUN,5 ROOM,603,YISHUN ST 61,04 TO 06,121.0,Improved,1987,60 years 09 months,717888.0,2025
2026-04,PUNGGOL,4 ROOM,422A,NORTHSHORE DR,16 TO 18,93.0,Model A,2021,94 years 06 months,708000.0,2026
2025-07,YISHUN,4 ROOM,771,YISHUN AVE 3,07 TO 09,84.0,Simplified,1985,59 years 03 months,510000.0,2025
2026-01,WOODLANDS,3 ROOM,15,MARSILING LANE,10 TO 12,65.0,Improved,1976,49 years 01 month,345000.0,2026
2026-05,BUKIT BATOK,4 ROOM,215,BT BATOK ST 21,10 TO 12,96.0,New Generation,1984,57 years 07 months,548000.0,2026
2026-03,BEDOK,3 ROOM,201,BEDOK NTH ST 1,04 TO 06,88.0,New Generation,1979,52 years 05 months,528000.0,2026
2026-01,WOODLANDS,5 ROOM,898A,WOODLANDS DR 50,04 TO 06,118.0,Improved,1997,70 years 07 months,610000.0,2026
2025-04,BUKIT BATOK,5 ROOM,254,BT BATOK EAST AVE 4,07 TO 09,121.0,Improved,1985,59 years 01 month,582888.0,2025
2025-11,JURONG WEST,3 ROOM,339C,KANG CHING RD,13 TO 15,69.0,Model A,2012,85 years 05 months,498000.0,2025
2025-01,YISHUN,3 ROOM,511A,YISHUN ST 51,13 TO 15,68.0,Model A,2017,91 years 09 months,515000.0,2025
2026-05,SEMBAWANG,3 ROOM,365C,SEMBAWANG CRES,04 TO 06,68.0,Model A,2019,92 years,510000.0,2026
2025-10,PASIR RIS,5 ROOM,405,PASIR RIS DR 6,04 TO 06,124.0,Improved,1989,63 years 03 months,680000.0,2025
2025-08,PUNGGOL,5 ROOM,205A,PUNGGOL FIELD,07 TO 09,110.0,Improved,2004,78 years 03 months,678000.0,2025
2025-03,SEMBAWANG,4 ROOM,129B,CANBERRA ST,01 TO 03,93.0,Model A,2018,92 years 08 months,590000.0,2025
2025-11,GEYLANG,3 ROOM,41,SIMS DR,10 TO 12,66.0,Improved,1981,54 years 05 months,385000.0,2025
2025-12,JURONG WEST,5 ROOM,653C,JURONG WEST ST 61,01 TO 03,111.0,Improved,2002,75 years 11 months,590000.0,2025
2026-06,TAMPINES,4 ROOM,713,TAMPINES ST 71,13 TO 15,100.0,Model A,1997,69 years 10 months,655000.0,2026
2025-11,SEMBAWANG,5 ROOM,402,ADMIRALTY LINK,01 TO 03,110.0,Improved,2001,74 years 06 months,560000.0,2025
2025-03,WOODLANDS,4 ROOM,693B,WOODLANDS AVE 6,01 TO 03,92.0,Model A,2018,92 years 07 months,620000.0,2025
2026-05,TAMPINES,5 ROOM,493A,TAMPINES AVE 9,04 TO 06,125.0,Improved,1993,66 years 03 months,710000.0,2026
2026-03,PASIR RIS,4 ROOM,722,PASIR RIS ST 72,04 TO 06,111.0,Model A,1996,69 years 04 months,630000.0,2026
2025-01,JURONG EAST,3 ROOM,211,JURONG EAST ST 21,07 TO 09,67.0,New Generation,1983,57 years 05 months,405000.0,2025
2025-01,YISHUN,4 ROOM,634,YISHUN ST 61,07 TO 09,84.0,Simplified,1987,61 years 10 months,488000.0,2025
2025-02,TAMPINES,4 ROOM,108,TAMPINES ST 11,07 TO 09,103.0,Model A,1984,58 years 07 months,625888.0,2025
2025-12,BEDOK,4 ROOM,708,BEDOK NTH RD,01 TO 03,91.0,New Generation,1980,54 years,580000.0,2025
2025-03,YISHUN,5 ROOM,317A,YISHUN AVE 9,01 TO 03,112.0,Improved,2015,89 years 08 months,700000.0,2025
2025-06,WOODLANDS,5 ROOM,727,WOODLANDS CIRCLE,10 TO 12,122.0,Improved,1997,71 years 01 month,680000.0,2025
2025-12,GEYLANG,3 ROOM,302,UBI AVE 1,04 TO 06,64.0,Simplified,2000,73 years 05 months,483000.0,2025
2026-03,TOA PAYOH,3 ROOM,101A,BIDADARI PK DR,01 TO 03,68.0,Model A,2021,94 years 03 months,808800.0,2026
2025-06,YISHUN,5 ROOM,504D,YISHUN ST 51,07 TO 09,113.0,Improved,2016,89 years 10 months,760000.0,2025
2026-01,YISHUN,5 ROOM,289,YISHUN AVE 6,07 TO 09,122.0,Improved,1987,60 years 06 months,628888.0,2026
2026-04,WOODLANDS,4 ROOM,899B,WOODLANDS DR 50,10 TO 12,99.0,Model A,1997,70 years 04 months,550000.0,2026
2026-01,SENGKANG,5 ROOM,332B,ANCHORVALE LINK,01 TO 03,112.0,Improved,2015,88 years 05 months,760000.0,2026
2026-04,TOA PAYOH,3 ROOM,263,TOA PAYOH EAST,31 TO 33,68.0,Model A,2019,92 years 09 months,711000.0,2026
2026-02,TOA PAYOH,4 ROOM,101A,BIDADARI PK DR,01 TO 03,93.0,Model A,2021,94 years 04 months,1000000.0,2026
2025-04,BUKIT MERAH,4 ROOM,119D,KIM TIAN RD,07 TO 09,87.0,Model A,2002,76 years 07 months,885000.0,2025
2025-05,PUNGGOL,4 ROOM,288A,PUNGGOL PL,04 TO 06,97.0,Premium Apartment,2013,86 years 11 months,765000.0,2025
2025-12,ANG MO KIO,3 ROOM,215,ANG MO KIO AVE 1,04 TO 06,73.0,New Generation,1976,49 years 05 months,430888.0,2025
2025-04,CHOA CHU KANG,5 ROOM,297C,CHOA CHU KANG AVE 2,04 TO 06,122.0,Premium Apartment,1999,73 years 04 months,628000.0,2025
2026-03,TAMPINES,3 ROOM,814,TAMPINES ST 81,04 TO 06,73.0,Model A,1984,57 years 06 months,498000.0,2026
2025-05,TAMPINES,4 ROOM,803,TAMPINES AVE 4,07 TO 09,100.0,New Generation,1984,58 years 07 months,622000.0,2025
2025-07,SERANGOON,3 ROOM,305,SERANGOON AVE 2,10 TO 12,60.0,Improved,1985,58 years 09 months,476888.0,2025
2025-09,QUEENSTOWN,4 ROOM,30,GHIM MOH LINK,25 TO 27,93.0,Model A,2018,91 years 09 months,1068000.0,2025
2025-01,JURONG EAST,3 ROOM,264,JURONG EAST ST 24,04 TO 06,68.0,New Generation,1983,57 years 05 months,380000.0,2025
2026-03,CLEMENTI,4 ROOM,445B,CLEMENTI AVE 3,16 TO 18,93.0,Model A,2021,94 years 03 months,1248000.0,2026
2025-09,SEMBAWANG,4 ROOM,126D,CANBERRA ST,07 TO 09,96.0,Model A,2020,94 years 02 months,704000.0,2025
2025-10,TAMPINES,3 ROOM,520C,TAMPINES CTRL 8,10 TO 12,62.0,DBSS,2014,87 years 09 months,692000.0,2025
2025-11,KALLANG/WHAMPOA,4 ROOM,109,WHAMPOA RD,01 TO 03,102.0,Model A,1997,71 years 01 month,720000.0,2025
2026-06,CLEMENTI,3 ROOM,506,WEST COAST DR,01 TO 03,67.0,New Generation,1978,51 years 03 months,375000.0,2026
2025-09,YISHUN,5 ROOM,315A,YISHUN AVE 9,04 TO 06,112.0,Improved,2015,89 years 03 months,721000.0,2025
2025-10,BUKIT MERAH,3 ROOM,55,TELOK BLANGAH DR,10 TO 12,73.0,New Generation,1978,51 years 04 months,478000.0,2025
2026-04,GEYLANG,4 ROOM,42,SIMS DR,07 TO 09,104.0,Model A,1990,63 years,666000.0,2026
2026-01,PUNGGOL,5 ROOM,322A,SUMANG WALK,10 TO 12,113.0,Premium Apartment,2019,92 years 02 months,828000.0,2026
2025-03,CLEMENTI,5 ROOM,701,WEST COAST RD,04 TO 06,134.0,Adjoined flat,1980,54 years 06 months,868888.0,2025
2026-06,BUKIT BATOK,3 ROOM,318,BT BATOK ST 32,07 TO 09,68.0,New Generation,1986,58 years 11 months,410000.0,2026
2025-10,HOUGANG,5 ROOM,477B,UPP SERANGOON VIEW,10 TO 12,112.0,Premium Apartment,2016,89 years 05 months,898888.0,2025
2025-10,SENGKANG,5 ROOM,440C,FERNVALE LINK,19 TO 21,113.0,Improved,2015,88 years 10 months,800000.0,2025
2025-06,BEDOK,4 ROOM,706,BEDOK NTH RD,07 TO 09,91.0,New Generation,1980,54 years 05 months,580000.0,2025
2025-04,CENTRAL AREA,3 ROOM,9,SELEGIE RD,16 TO 18,58.0,Standard,1974,47 years 09 months,435000.0,2025
2025-05,PASIR RIS,5 ROOM,113,PASIR RIS ST 11,01 TO 03,123.0,Improved,1990,64 years,720000.0,2025
2025-01,PUNGGOL,4 ROOM,622C,PUNGGOL CTRL,04 TO 06,94.0,Model A,2014,88 years 04 months,658888.0,2025
2025-07,BEDOK,5 ROOM,114,LENGKONG TIGA,01 TO 03,130.0,Improved,1989,62 years 08 months,820000.0,2025
2025-02,SEMBAWANG,4 ROOM,509B,WELLINGTON CIRCLE,01 TO 03,90.0,Model A,2004,78 years 07 months,515000.0,2025
2026-06,YISHUN,4 ROOM,755,YISHUN ST 72,04 TO 06,84.0,Simplified,1986,59 years 06 months,468000.0,2026
2025-08,TAMPINES,4 ROOM,322,TAMPINES ST 33,01 TO 03,109.0,Model A,1995,69 years 02 months,590000.0,2025
2025-03,HOUGANG,3 ROOM,689,HOUGANG ST 61,10 TO 12,74.0,Model A,1987,61 years 06 months,480000.0,2025
2025-02,CHOA CHU KANG,4 ROOM,801C,KEAT HONG CL,04 TO 06,92.0,Model A,2018,92 years 02 months,575000.0,2025
2025-02,SEMBAWANG,5 ROOM,419,CANBERRA RD,07 TO 09,110.0,Improved,2001,75 years 02 months,583000.0,2025
2025-04,PUNGGOL,5 ROOM,231A,SUMANG LANE,10 TO 12,113.0,Improved,2018,92 years 07 months,725000.0,2025
2026-05,YISHUN,4 ROOM,347B,YISHUN AVE 11,04 TO 06,92.0,DBSS,2013,86 years 06 months,720000.0,2026
2026-04,BUKIT BATOK,4 ROOM,446A,BT BATOK WEST AVE 8,10 TO 12,92.0,Model A,2019,91 years 09 months,690000.0,2026
2025-03,WOODLANDS,3 ROOM,23,MARSILING DR,10 TO 12,67.0,New Generation,1977,51 years 10 months,405000.0,2025
2025-05,ANG MO KIO,5 ROOM,104B,ANG MO KIO ST 11,10 TO 12,136.0,Model A,1996,70 years 01 month,910000.0,2025
2025-12,HOUGANG,4 ROOM,708,HOUGANG AVE 2,07 TO 09,93.0,New Generation,1985,58 years 09 months,595000.0,2025
2025-03,CHOA CHU KANG,4 ROOM,226,CHOA CHU KANG CTRL,07 TO 09,105.0,Model A,1993,67 years 04 months,568000.0,2025
2026-01,JURONG WEST,3 ROOM,214,BOON LAY PL,04 TO 06,66.0,Improved,1974,47 years 10 months,333000.0,2026
2025-04,SENGKANG,4 ROOM,224D,COMPASSVALE WALK,13 TO 15,102.0,Model A,1999,72 years 10 months,615000.0,2025
2025-09,PUNGGOL,5 ROOM,310C,PUNGGOL WALK,10 TO 12,112.0,Premium Apartment,2016,89 years 10 months,880000.0,2025
2025-06,ANG MO KIO,3 ROOM,307C,ANG MO KIO AVE 1,10 TO 12,70.0,Model A,2012,86 years 04 months,648000.0,2025
2026-05,GEYLANG,4 ROOM,54,PIPIT RD,07 TO 09,91.0,New Generation,1985,57 years 11 months,633888.0,2026
2025-11,WOODLANDS,4 ROOM,786C,WOODLANDS DR 60,13 TO 15,100.0,Model A,1997,70 years 11 months,540000.0,2025
2025-09,HOUGANG,5 ROOM,462,HOUGANG AVE 10,04 TO 06,133.0,Model A,1992,65 years 11 months,915000.0,2025
2025-08,PUNGGOL,4 ROOM,668A,EDGEFIELD PLAINS,01 TO 03,93.0,Premium Apartment,2016,89 years 10 months,650000.0,2025
2025-12,TOA PAYOH,3 ROOM,195,KIM KEAT AVE,07 TO 09,66.0,Improved,1973,46 years 09 months,315000.0,2025
2025-05,SENGKANG,3 ROOM,336A,ANCHORVALE CRES,13 TO 15,67.0,Premium Apartment,2015,89 years 07 months,598888.0,2025
2025-03,SENGKANG,4 ROOM,267A,COMPASSVALE LINK,07 TO 09,90.0,Premium Apartment,2006,80 years,660000.0,2025
2025-06,BUKIT PANJANG,4 ROOM,601,SENJA RD,13 TO 15,91.0,Model A2,1999,72 years 10 months,645000.0,2025
2025-07,CLEMENTI,3 ROOM,311B,CLEMENTI AVE 4,25 TO 27,60.0,DBSS,2014,88 years 06 months,690000.0,2025
2025-07,CLEMENTI,3 ROOM,377,CLEMENTI AVE 5,04 TO 06,67.0,New Generation,1980,54 years 04 months,421178.0,2025
2025-02,SEMBAWANG,5 ROOM,126C,CANBERRA ST,13 TO 15,116.0,Improved,2020,94 years 09 months,838000.0,2025
2025-01,TAMPINES,5 ROOM,613B,TAMPINES NTH DR 1,13 TO 15,113.0,Improved,2020,94 years 10 months,930000.0,2025
2026-04,BUKIT PANJANG,4 ROOM,460,SEGAR RD,07 TO 09,93.0,Premium Apartment,2015,88 years 05 months,611000.0,2026
2025-02,JURONG WEST,5 ROOM,989A,JURONG WEST ST 93,13 TO 15,110.0,Premium Apartment,2008,82 years 07 months,645000.0,2025
2025-12,SEMBAWANG,5 ROOM,129A,CANBERRA ST,04 TO 06,113.0,Improved,2018,91 years 10 months,780000.0,2025
2025-08,BEDOK,4 ROOM,182,BEDOK NTH RD,07 TO 09,92.0,Model A,2006,79 years 07 months,735000.0,2025
2025-04,SEMBAWANG,4 ROOM,362A,SEMBAWANG CRES,16 TO 18,93.0,Model A,2019,93 years 02 months,660000.0,2025
2025-12,PUNGGOL,3 ROOM,322D,SUMANG WALK,16 TO 18,68.0,Premium Apartment,2019,92 years 04 months,570000.0,2025
2025-08,TOA PAYOH,3 ROOM,263,TOA PAYOH EAST,10 TO 12,68.0,Model A,2019,93 years 04 months,710000.0,2025
2025-03,KALLANG/WHAMPOA,4 ROOM,117A,JLN TENTERAM,04 TO 06,93.0,Model A,2017,91 years 09 months,812000.0,2025
2026-04,PASIR RIS,5 ROOM,530B,PASIR RIS DR 1,10 TO 12,105.0,DBSS,2015,88 years 02 months,981888.0,2026
2025-10,BUKIT BATOK,5 ROOM,189,BT BATOK WEST AVE 6,13 TO 15,115.0,Improved,1997,70 years 06 months,725000.0,2025
2025-07,PUNGGOL,3 ROOM,220B,SUMANG LANE,04 TO 06,68.0,Model A,2018,92 years 05 months,510000.0,2025
2025-04,WOODLANDS,3 ROOM,6,MARSILING DR,01 TO 03,65.0,Improved,1976,49 years 10 months,340000.0,2025
2026-04,TAMPINES,3 ROOM,494G,TAMPINES ST 45,10 TO 12,67.0,Model A,2018,91 years 08 months,578000.0,2026
2026-06,KALLANG/WHAMPOA,3 ROOM,463,CRAWFORD LANE,16 TO 18,60.0,Improved,1982,55 years 05 months,550000.0,2026
2025-05,WOODLANDS,5 ROOM,661,WOODLANDS RING RD,07 TO 09,122.0,Improved,1998,71 years 10 months,700000.0,2025
2025-06,TAMPINES,4 ROOM,135,SIMEI ST 1,04 TO 06,103.0,Model A,1988,62 years 01 month,653000.0,2025
2025-08,BUKIT PANJANG,4 ROOM,274,BANGKIT RD,07 TO 09,104.0,Model A,1987,61 years 04 months,543000.0,2025
2025-09,TOA PAYOH,4 ROOM,156,LOR 1 TOA PAYOH,16 TO 18,101.0,Model A,1999,72 years 06 months,900000.0,2025
2025-04,SENGKANG,3 ROOM,441D,FERNVALE RD,16 TO 18,69.0,Model A,2012,85 years 11 months,550000.0,2025
2026-01,CENTRAL AREA,5 ROOM,1A,CANTONMENT RD,19 TO 21,106.0,Type S2,2011,84 years 01 month,1560000.0,2026
2025-04,QUEENSTOWN,3 ROOM,53,C'WEALTH DR,22 TO 24,63.0,Model A,2015,88 years 10 months,760000.0,2025
2026-04,TOA PAYOH,3 ROOM,91,LOR 3 TOA PAYOH,04 TO 06,68.0,Improved,1970,42 years 10 months,345000.0,2026
2026-02,BUKIT PANJANG,4 ROOM,508,JELAPANG RD,01 TO 03,90.0,Model A2,1998,71 years 04 months,510000.0,2026
2025-11,PUNGGOL,5 ROOM,679B,PUNGGOL DR,07 TO 09,113.0,Premium Apartment,2016,89 years 11 months,910000.0,2025
2025-07,TOA PAYOH,3 ROOM,126,LOR 1 TOA PAYOH,16 TO 18,67.0,Improved,1970,43 years 07 months,459000.0,2025
2025-08,BEDOK,4 ROOM,130,BEDOK NTH ST 2,07 TO 09,92.0,New Generation,1978,51 years 09 months,520000.0,2025
2026-04,GEYLANG,4 ROOM,40,SIMS DR,01 TO 03,109.0,Model A,1990,63 years 02 months,632000.0,2026
2026-01,TAMPINES,5 ROOM,605A,TAMPINES ST 61,04 TO 06,112.0,Improved,2020,93 years 02 months,870000.0,2026
2026-03,KALLANG/WHAMPOA,4 ROOM,8A,UPP BOON KENG RD,25 TO 27,95.0,Premium Apartment,2017,90 years 05 months,1235888.0,2026
2025-04,BEDOK,3 ROOM,545,BEDOK NTH ST 3,04 TO 06,68.0,New Generation,1980,54 years 02 months,430000.0,2025
2025-06,PUNGGOL,4 ROOM,405B,NORTHSHORE DR,01 TO 03,94.0,Model A,2021,95 years,645000.0,2025
2026-04,BEDOK,5 ROOM,139,BEDOK NTH AVE 3,07 TO 09,117.0,Standard,1979,51 years 09 months,675000.0,2026
2026-02,BUKIT PANJANG,4 ROOM,416,SAUJANA RD,07 TO 09,84.0,Simplified,1988,61 years 09 months,472888.0,2026
2025-10,YISHUN,4 ROOM,453,YISHUN ST 41,07 TO 09,93.0,Model A,2013,86 years 10 months,585000.0,2025
2025-09,JURONG EAST,5 ROOM,340,JURONG EAST AVE 1,04 TO 06,140.0,Model A-Maisonette,1984,57 years 11 months,828000.0,2025
2025-05,WOODLANDS,4 ROOM,897A,WOODLANDS DR 50,07 TO 09,100.0,Model A,1997,71 years 05 months,570000.0,2025
2026-04,JURONG WEST,3 ROOM,464,JURONG WEST ST 41,07 TO 09,73.0,Model A,1984,57 years 01 month,413000.0,2026
2026-01,QUEENSTOWN,3 ROOM,32,GHIM MOH LINK,01 TO 03,68.0,Model A,2018,91 years 06 months,710000.0,2026
2026-03,BUKIT BATOK,4 ROOM,446A,BT BATOK WEST AVE 8,19 TO 21,92.0,Model A,2019,91 years 10 months,728888.0,2026
2026-04,ANG MO KIO,5 ROOM,228A,ANG MO KIO ST 23,19 TO 21,113.0,Improved,2021,94 years 06 months,1300000.0,2026
2025-01,TAMPINES,4 ROOM,214,TAMPINES ST 23,07 TO 09,96.0,New Generation,1985,60 years,592000.0,2025
2025-02,CHOA CHU KANG,5 ROOM,678,CHOA CHU KANG CRES,04 TO 06,125.0,Premium Apartment,1999,73 years 09 months,585000.0,2025
2025-06,BUKIT PANJANG,5 ROOM,443C,FAJAR RD,19 TO 21,113.0,Improved,2016,90 years 06 months,810000.0,2025
2025-10,ANG MO KIO,4 ROOM,118,ANG MO KIO AVE 4,04 TO 06,99.0,New Generation,1978,51 years 07 months,564888.0,2025
2025-10,TAMPINES,4 ROOM,608C,TAMPINES NTH DR 1,04 TO 06,93.0,Model A,2020,94 years 01 month,765000.0,2025
2025-08,BEDOK,3 ROOM,420,BEDOK NTH ST 1,10 TO 12,68.0,New Generation,1979,52 years 06 months,470000.0,2025
2026-05,HOUGANG,4 ROOM,999B,BUANGKOK CRES,13 TO 15,94.0,Model A,2019,92 years 08 months,710000.0,2026
2025-08,BUKIT PANJANG,4 ROOM,485,SEGAR RD,01 TO 03,93.0,Model A,2014,88 years 04 months,568000.0,2025
2026-05,TAMPINES,5 ROOM,871B,TAMPINES ST 86,16 TO 18,113.0,Improved,2017,89 years 10 months,910000.0,2026
2026-05,BEDOK,4 ROOM,185,BEDOK NTH RD,10 TO 12,92.0,Model A,2005,78 years 08 months,780000.0,2026
2026-03,TAMPINES,3 ROOM,285,TAMPINES ST 22,04 TO 06,74.0,Model A,1984,57 years 05 months,465888.0,2026
2026-01,TOA PAYOH,3 ROOM,173,LOR 1 TOA PAYOH,01 TO 03,66.0,Improved,1972,45 years 07 months,320000.0,2026
2025-07,ANG MO KIO,3 ROOM,235,ANG MO KIO AVE 3,04 TO 06,67.0,New Generation,1977,51 years 03 months,428888.0,2025
2025-07,CHOA CHU KANG,3 ROOM,807A,CHOA CHU KANG AVE 1,01 TO 03,67.0,Model A,2017,90 years 10 months,460000.0,2025
2026-03,PUNGGOL,4 ROOM,613D,PUNGGOL DR,13 TO 15,93.0,Model A,2012,85 years 10 months,702888.0,2026
2025-04,TAMPINES,3 ROOM,421,TAMPINES ST 41,04 TO 06,74.0,Model A,1985,59 years 02 months,470000.0,2025
2026-05,GEYLANG,4 ROOM,413,EUNOS RD 5,04 TO 06,104.0,Model A,1992,65 years 05 months,822888.0,2026
2025-06,BUKIT MERAH,4 ROOM,53,HAVELOCK RD,25 TO 27,94.0,Model A,2013,86 years 11 months,1000000.0,2025
2025-02,WOODLANDS,3 ROOM,17,MARSILING LANE,13 TO 15,65.0,Improved,1984,58 years 10 months,380000.0,2025
2025-08,SENGKANG,4 ROOM,121,RIVERVALE DR,01 TO 03,90.0,Model A,2000,74 years,542000.0,2025
2025-08,BUKIT BATOK,4 ROOM,442A,BT BATOK WEST AVE 8,01 TO 03,92.0,Model A,2019,92 years 07 months,570000.0,2025
2026-06,YISHUN,4 ROOM,479C,YISHUN ST 42,10 TO 12,93.0,Model A,2021,93 years 10 months,615000.0,2026
2026-01,CLEMENTI,3 ROOM,449,CLEMENTI AVE 3,01 TO 03,82.0,New Generation,1980,53 years 05 months,545000.0,2026
2026-01,JURONG WEST,3 ROOM,119,HO CHING RD,07 TO 09,67.0,Improved,1972,45 years,308000.0,2026
2025-07,HOUGANG,4 ROOM,991B,BUANGKOK LINK,01 TO 03,93.0,Model A,2019,93 years,620000.0,2025
2025-11,TOA PAYOH,3 ROOM,113,POTONG PASIR AVE 1,07 TO 09,67.0,New Generation,1984,58 years,460000.0,2025
2025-02,BISHAN,3 ROOM,309,SHUNFU RD,10 TO 12,67.0,New Generation,1984,58 years 10 months,540000.0,2025
2026-04,SENGKANG,5 ROOM,133,RIVERVALE ST,04 TO 06,120.0,Improved,1999,71 years 11 months,620000.0,2026
2026-03,BUKIT MERAH,4 ROOM,96A,HENDERSON RD,13 TO 15,83.0,Model A,2019,92 years 03 months,938000.0,2026
2025-08,PUNGGOL,5 ROOM,172B,EDGEDALE PLAINS,10 TO 12,110.0,Improved,2004,77 years 08 months,688000.0,2025
2025-01,TAMPINES,4 ROOM,609A,TAMPINES NTH DR 1,01 TO 03,93.0,Model A,2020,94 years 11 months,720000.0,2025
2026-05,TAMPINES,4 ROOM,447,TAMPINES ST 42,04 TO 06,84.0,Simplified,1985,57 years 09 months,535000.0,2026
2025-05,KALLANG/WHAMPOA,5 ROOM,103,JLN RAJAH,13 TO 15,135.0,Model A,1984,58 years,899000.0,2025
2025-02,YISHUN,3 ROOM,704,YISHUN AVE 5,07 TO 09,68.0,New Generation,1984,58 years 01 month,450000.0,2025
2025-09,TOA PAYOH,5 ROOM,50,LOR 5 TOA PAYOH,04 TO 06,123.0,Improved,1993,66 years 07 months,970000.0,2025
2025-06,PASIR RIS,4 ROOM,119,PASIR RIS ST 11,04 TO 06,103.0,Model A,1989,63 years 01 month,615000.0,2025
2025-04,SERANGOON,3 ROOM,3,LOR LEW LIAN,13 TO 15,64.0,Improved,1978,52 years 02 months,462000.0,2025
2025-02,KALLANG/WHAMPOA,4 ROOM,117B,JLN TENTERAM,10 TO 12,93.0,Model A,2017,91 years 10 months,835000.0,2025
2025-03,KALLANG/WHAMPOA,4 ROOM,113A,MCNAIR RD,19 TO 21,93.0,Premium Apartment,2017,91 years 10 months,1060000.0,2025
2025-02,MARINE PARADE,4 ROOM,62,MARINE DR,07 TO 09,87.0,Improved,1976,50 years 01 month,668000.0,2025
2025-03,BUKIT MERAH,3 ROOM,127C,KIM TIAN RD,16 TO 18,62.0,Model A,2013,87 years,740000.0,2025
2025-12,SENGKANG,4 ROOM,439B,SENGKANG WEST AVE,04 TO 06,94.0,Model A,2011,84 years 03 months,600000.0,2025
2025-07,KALLANG/WHAMPOA,4 ROOM,13,FARRER PK RD,16 TO 18,90.0,Model A,2004,77 years 11 months,870000.0,2025
2025-08,CENTRAL AREA,4 ROOM,1C,CANTONMENT RD,28 TO 30,94.0,Type S1,2011,84 years 05 months,1390000.0,2025
2026-03,YISHUN,4 ROOM,478A,YISHUN ST 44,04 TO 06,93.0,Model A,2021,93 years 10 months,555000.0,2026
2025-03,YISHUN,4 ROOM,147,YISHUN ST 11,10 TO 12,91.0,New Generation,1985,59 years 07 months,595000.0,2025
2026-03,ANG MO KIO,4 ROOM,228B,ANG MO KIO ST 23,07 TO 09,93.0,Model A,2021,94 years 07 months,972000.0,2026
2025-04,TAMPINES,4 ROOM,141,TAMPINES ST 12,04 TO 06,103.0,Model A,1984,58 years 06 months,628000.0,2025
2025-03,YISHUN,5 ROOM,432B,YISHUN AVE 1,07 TO 09,112.0,Improved,2015,89 years 07 months,652000.0,2025
2025-09,HOUGANG,3 ROOM,356,HOUGANG AVE 7,01 TO 03,67.0,New Generation,1984,58 years 05 months,420000.0,2025
2025-06,BUKIT BATOK,3 ROOM,312,BT BATOK ST 32,10 TO 12,68.0,New Generation,1985,59 years 02 months,425000.0,2025
2026-03,BEDOK,4 ROOM,421,BEDOK NTH RD,07 TO 09,92.0,New Generation,1979,51 years 10 months,545800.0,2026
2025-08,PASIR RIS,5 ROOM,113,PASIR RIS ST 11,13 TO 15,129.0,Improved,1990,63 years 09 months,750000.0,2025
2025-12,YISHUN,3 ROOM,118,YISHUN RING RD,07 TO 09,74.0,Model A,1983,56 years 07 months,430000.0,2025
2025-07,BUKIT PANJANG,5 ROOM,635B,SENJA RD,22 TO 24,112.0,Improved,2015,89 years 03 months,838000.0,2025
2025-12,JURONG WEST,5 ROOM,664D,JURONG WEST ST 64,04 TO 06,110.0,Improved,2000,73 years 08 months,690000.0,2025
2026-05,YISHUN,4 ROOM,329,YISHUN RING RD,01 TO 03,84.0,Simplified,1988,60 years 09 months,480000.0,2026
2025-12,CHOA CHU KANG,4 ROOM,661,CHOA CHU KANG CRES,07 TO 09,100.0,Premium Apartment,1999,72 years 05 months,512888.0,2025
2026-04,BUKIT BATOK,4 ROOM,437A,BT BATOK WEST AVE 5,10 TO 12,93.0,Model A,2020,92 years 11 months,698000.0,2026
2025-12,SENGKANG,4 ROOM,471A,FERNVALE ST,10 TO 12,93.0,Model A,2016,89 years 09 months,635000.0,2025
2025-05,SENGKANG,5 ROOM,307D,ANCHORVALE RD,01 TO 03,110.0,Improved,2001,75 years 07 months,625000.0,2025
2025-09,BUKIT BATOK,3 ROOM,238,BT BATOK EAST AVE 5,04 TO 06,69.0,New Generation,1986,60 years 03 months,410000.0,2025
2026-03,BUKIT BATOK,5 ROOM,439B,BT BATOK WEST AVE 8,13 TO 15,113.0,Improved,2020,93 years,840000.0,2026
2026-04,WOODLANDS,4 ROOM,609,WOODLANDS RING RD,04 TO 06,102.0,Model A,1998,71 years 04 months,550000.0,2026
2026-03,SENGKANG,4 ROOM,458B,SENGKANG WEST RD,10 TO 12,93.0,Model A,2020,93 years 07 months,705000.0,2026
2025-10,JURONG EAST,3 ROOM,231,JURONG EAST ST 21,10 TO 12,82.0,New Generation,1981,54 years 08 months,470000.0,2025
2026-04,BUKIT PANJANG,4 ROOM,633C,SENJA RD,19 TO 21,93.0,Model A,2013,86 years 09 months,685000.0,2026
2026-01,PASIR RIS,3 ROOM,528A,PASIR RIS ST 51,07 TO 09,68.0,Model A,2015,88 years 06 months,635000.0,2026
2025-04,QUEENSTOWN,5 ROOM,18C,HOLLAND DR,10 TO 12,117.0,Improved,2012,86 years 05 months,1338000.0,2025
2025-05,SEMBAWANG,3 ROOM,115D,CANBERRA WALK,01 TO 03,68.0,Model A,2018,92 years 02 months,505000.0,2025
2025-07,HOUGANG,5 ROOM,416,HOUGANG AVE 10,07 TO 09,120.0,Improved,1985,59 years 03 months,690000.0,2025
2026-01,HOUGANG,4 ROOM,336,HOUGANG AVE 7,01 TO 03,96.0,New Generation,1985,58 years 06 months,530000.0,2026
2025-06,PUNGGOL,5 ROOM,105B,EDGEFIELD PLAINS,16 TO 18,110.0,Improved,2003,77 years,700000.0,2025
2025-09,BISHAN,4 ROOM,107,BISHAN ST 12,10 TO 12,104.0,Model A,1985,59 years 03 months,818000.0,2025
2026-01,TOA PAYOH,5 ROOM,46,LOR 5 TOA PAYOH,01 TO 03,123.0,Improved,1993,66 years 04 months,855000.0,2026
2025-11,QUEENSTOWN,4 ROOM,23,GHIM MOH LINK,16 TO 18,92.0,Model A,2013,86 years 06 months,1020000.0,2025
2026-01,TAMPINES,3 ROOM,281,TAMPINES ST 22,07 TO 09,74.0,Model A,1984,58 years,460000.0,2026
2026-05,JURONG WEST,4 ROOM,166B,YUNG KUANG RD,10 TO 12,93.0,Model A,2018,91 years 06 months,650000.0,2026
2025-07,QUEENSTOWN,4 ROOM,87,DAWSON RD,40 TO 42,87.0,Premium Apartment,2016,90 years 01 month,1185000.0,2025
2026-01,CHOA CHU KANG,4 ROOM,219,CHOA CHU KANG CTRL,13 TO 15,106.0,Model A,1990,63 years 02 months,615000.0,2026
2025-06,QUEENSTOWN,4 ROOM,32,GHIM MOH LINK,04 TO 06,93.0,Model A,2018,92 years 01 month,995000.0,2025
2025-02,JURONG WEST,3 ROOM,187,BOON LAY AVE,01 TO 03,59.0,Improved,1978,52 years 06 months,320000.0,2025
2025-05,SEMBAWANG,4 ROOM,101A,CANBERRA ST,07 TO 09,93.0,Model A,2020,94 years 08 months,620000.0,2025
2025-07,YISHUN,3 ROOM,512A,YISHUN ST 51,07 TO 09,68.0,Model A,2017,91 years 02 months,500000.0,2025
2026-06,PUNGGOL,4 ROOM,619C,PUNGGOL DR,10 TO 12,93.0,Premium Apartment,2013,86 years 04 months,695000.0,2026
2026-06,CHOA CHU KANG,4 ROOM,680,CHOA CHU KANG CRES,07 TO 09,107.0,Premium Apartment,1999,72 years 05 months,548000.0,2026
2025-08,BUKIT BATOK,4 ROOM,463A,BT BATOK ST 41,07 TO 09,93.0,Model A,2021,95 years,678000.0,2025
2025-09,PUNGGOL,5 ROOM,233C,SUMANG LANE,04 TO 06,113.0,Improved,2018,92 years 02 months,715000.0,2025
2026-05,SENGKANG,4 ROOM,410C,FERNVALE RD,19 TO 21,96.0,Premium Apartment,2012,85 years 07 months,675000.0,2026
2025-05,ANG MO KIO,3 ROOM,433,ANG MO KIO AVE 10,01 TO 03,82.0,New Generation,1979,52 years 09 months,480000.0,2025
2026-04,CHOA CHU KANG,5 ROOM,485D,CHOA CHU KANG AVE 5,10 TO 12,117.0,Improved,1999,72 years 03 months,646000.0,2026
2026-04,BUKIT MERAH,3 ROOM,35,TELOK BLANGAH RISE,01 TO 03,60.0,Improved,1976,49 years 06 months,378800.0,2026
2026-03,WOODLANDS,4 ROOM,619,WOODLANDS DR 52,07 TO 09,91.0,Model A2,1998,71 years 06 months,550000.0,2026
2025-10,WOODLANDS,3 ROOM,2,MARSILING DR,07 TO 09,65.0,Improved,1974,47 years 10 months,340000.0,2025
2025-09,TAMPINES,4 ROOM,498L,TAMPINES ST 45,07 TO 09,106.0,Premium Apartment,1997,70 years 07 months,665000.0,2025
2026-05,SENGKANG,3 ROOM,281A,SENGKANG EAST AVE,04 TO 06,67.0,Premium Apartment,2015,88 years 04 months,605000.0,2026
2025-08,SENGKANG,3 ROOM,467A,FERNVALE LINK,07 TO 09,68.0,Model A,2016,90 years 01 month,535000.0,2025
2025-02,BUKIT BATOK,5 ROOM,290E,BT BATOK ST 24,13 TO 15,121.0,Improved,1997,71 years 11 months,760000.0,2025
2025-06,BUKIT PANJANG,4 ROOM,501,JELAPANG RD,10 TO 12,103.0,Model A,1998,71 years 10 months,588000.0,2025
2025-05,QUEENSTOWN,3 ROOM,169,STIRLING RD,13 TO 15,60.0,Improved,1970,44 years 03 months,362000.0,2025
2025-10,PASIR RIS,5 ROOM,739,PASIR RIS DR 10,01 TO 03,127.0,Improved,1996,69 years 11 months,720000.0,2025
2025-05,SERANGOON,5 ROOM,507,SERANGOON NTH AVE 4,07 TO 09,120.0,Improved,1997,71 years 01 month,853888.0,2025
2025-01,SEMBAWANG,5 ROOM,507A,WELLINGTON CIRCLE,01 TO 03,110.0,Improved,2001,76 years 01 month,615000.0,2025
2025-02,TOA PAYOH,3 ROOM,207,TOA PAYOH NTH,01 TO 03,65.0,Improved,1973,47 years 06 months,358000.0,2025
2026-02,WOODLANDS,3 ROOM,12,MARSILING LANE,04 TO 06,65.0,Improved,1976,49 years 02 months,331000.0,2026
2025-07,GEYLANG,3 ROOM,47,CIRCUIT RD,07 TO 09,56.0,Standard,1969,42 years 07 months,325000.0,2025
2026-01,SEMBAWANG,5 ROOM,501A,WELLINGTON CIRCLE,07 TO 09,110.0,Improved,2001,74 years 07 months,638000.0,2026
2025-12,BEDOK,3 ROOM,412,BEDOK NTH AVE 2,04 TO 06,67.0,New Generation,1979,52 years 06 months,440000.0,2025
2025-06,WOODLANDS,5 ROOM,582,WOODLANDS DR 16,01 TO 03,110.0,Improved,2001,74 years 11 months,570888.0,2025
2025-12,QUEENSTOWN,4 ROOM,52,STRATHMORE AVE,19 TO 21,90.0,Model A,2006,80 years 01 month,933000.0,2025
2025-04,JURONG WEST,4 ROOM,448,JURONG WEST ST 42,10 TO 12,103.0,Model A,1984,58 years 05 months,570000.0,2025
2025-11,SENGKANG,4 ROOM,270A,SENGKANG CTRL,10 TO 12,93.0,Premium Apartment,2010,83 years 07 months,780000.0,2025
2025-03,ANG MO KIO,3 ROOM,649,ANG MO KIO AVE 5,04 TO 06,75.0,New Generation,1980,54 years 08 months,455000.0,2025
2025-03,GEYLANG,3 ROOM,23,BALAM RD,07 TO 09,60.3,Standard,1967,40 years 11 months,335000.0,2025
2025-03,SENGKANG,4 ROOM,122,SENGKANG EAST WAY,13 TO 15,90.0,Model A,2000,74 years 06 months,605000.0,2025
2025-09,QUEENSTOWN,4 ROOM,53,STRATHMORE AVE,01 TO 03,87.0,Premium Apartment,2020,94 years 03 months,1080000.0,2025
2025-06,WOODLANDS,3 ROOM,15,MARSILING LANE,04 TO 06,65.0,Improved,1976,49 years 07 months,348000.0,2025
2025-06,TAMPINES,4 ROOM,497B,TAMPINES ST 45,04 TO 06,108.0,Premium Apartment,1996,70 years,665000.0,2025
2025-12,TAMPINES,4 ROOM,450C,TAMPINES ST 42,01 TO 03,106.0,Model A,1996,69 years 10 months,580000.0,2025
2025-08,TOA PAYOH,3 ROOM,4,LOR 7 TOA PAYOH,07 TO 09,68.0,Improved,1969,42 years 11 months,360000.0,2025
2025-07,TOA PAYOH,4 ROOM,264,TOA PAYOH EAST,07 TO 09,93.0,Model A,2019,93 years 06 months,938888.0,2025
2025-10,BEDOK,3 ROOM,530,BEDOK NTH ST 3,04 TO 06,68.0,New Generation,1979,52 years 10 months,378000.0,2025
2025-06,BUKIT BATOK,3 ROOM,219,BT BATOK ST 21,04 TO 06,67.0,New Generation,1985,58 years 09 months,420000.0,2025
2026-01,WOODLANDS,4 ROOM,686B,WOODLANDS DR 73,01 TO 03,95.0,Premium Apartment,2003,76 years 02 months,535000.0,2026
2025-05,TOA PAYOH,4 ROOM,79B,TOA PAYOH CTRL,37 TO 39,90.0,Model A,2009,83 years,1080000.0,2025
2025-06,HOUGANG,4 ROOM,457,HOUGANG AVE 10,04 TO 06,105.0,Model A,1992,66 years 04 months,680000.0,2025
2026-01,YISHUN,5 ROOM,432B,YISHUN AVE 1,04 TO 06,112.0,Improved,2015,88 years 08 months,668000.0,2026
2026-04,BEDOK,3 ROOM,74,BEDOK NTH RD,10 TO 12,59.0,Improved,1978,50 years 09 months,393000.0,2026
2025-05,SENGKANG,5 ROOM,233,COMPASSVALE WALK,10 TO 12,123.0,Improved,1999,73 years 03 months,690000.0,2025
2025-08,JURONG WEST,5 ROOM,691,JURONG WEST CTRL 1,04 TO 06,118.0,Premium Apartment,1998,71 years 09 months,670000.0,2025
2025-02,BEDOK,5 ROOM,54,NEW UPP CHANGI RD,16 TO 18,118.0,Standard,1977,51 years 07 months,758000.0,2025
2026-02,CLEMENTI,3 ROOM,374,CLEMENTI AVE 4,10 TO 12,68.0,New Generation,1981,54 years 07 months,468888.0,2026
2026-06,BUKIT BATOK,3 ROOM,312,BT BATOK ST 32,04 TO 06,68.0,New Generation,1985,58 years 02 months,396000.0,2026
2026-04,TAMPINES,4 ROOM,613B,TAMPINES NTH DR 1,07 TO 09,93.0,Model A,2020,93 years 06 months,820000.0,2026
2026-03,BUKIT BATOK,4 ROOM,436A,BT BATOK WEST AVE 5,07 TO 09,93.0,Model A,2020,92 years 11 months,665888.0,2026
2025-12,PUNGGOL,5 ROOM,101B,PUNGGOL FIELD,04 TO 06,109.0,Improved,2002,75 years 10 months,650000.0,2025
2026-04,QUEENSTOWN,4 ROOM,53,STRATHMORE AVE,10 TO 12,83.0,Premium Apartment,2020,93 years 09 months,1020000.0,2026
2025-08,JURONG WEST,5 ROOM,819,JURONG WEST ST 81,01 TO 03,127.0,Improved,1993,66 years 11 months,604000.0,2025
2026-01,WOODLANDS,4 ROOM,691A,WOODLANDS DR 73,04 TO 06,93.0,Model A,2018,91 years 06 months,638888.0,2026
2025-12,BUKIT MERAH,3 ROOM,22,HAVELOCK RD,07 TO 09,64.0,Standard,1969,42 years 08 months,408000.0,2025
2026-02,YISHUN,3 ROOM,132,YISHUN ST 11,10 TO 12,74.0,Model A,1985,58 years 01 month,430000.0,2026
2025-04,CHOA CHU KANG,4 ROOM,805A,KEAT HONG CL,10 TO 12,93.0,Model A,2017,91 years 02 months,588000.0,2025
2025-10,PASIR RIS,4 ROOM,525C,PASIR RIS ST 51,10 TO 12,93.0,Model A,2015,88 years 09 months,770000.0,2025
2025-04,SEMBAWANG,5 ROOM,126A,CANBERRA ST,01 TO 03,116.0,Improved,2021,94 years 09 months,822000.0,2025
2025-05,SENGKANG,4 ROOM,456B,SENGKANG WEST RD,04 TO 06,93.0,Model A,2020,94 years 05 months,670000.0,2025
2025-11,KALLANG/WHAMPOA,4 ROOM,78,LOR LIMAU,28 TO 30,93.0,Model A,2018,91 years 08 months,972000.0,2025
2026-06,BEDOK,3 ROOM,704,BEDOK RESERVOIR RD,04 TO 06,68.0,New Generation,1981,54 years 02 months,400000.0,2026
2026-05,JURONG WEST,4 ROOM,178,YUNG SHENG RD,04 TO 06,96.0,Model A,2001,74 years 01 month,535000.0,2026
2025-02,BUKIT PANJANG,4 ROOM,274,BANGKIT RD,10 TO 12,84.0,Simplified,1987,61 years 10 months,462000.0,2025
2025-09,TOA PAYOH,4 ROOM,138A,LOR 1A TOA PAYOH,37 TO 39,91.0,DBSS,2012,85 years 08 months,1200000.0,2025
2025-04,TOA PAYOH,3 ROOM,102B,BIDADARI PK DR,13 TO 15,68.0,Model A,2021,95 years 03 months,835000.0,2025
2025-07,HOUGANG,5 ROOM,837,HOUGANG CTRL,04 TO 06,117.0,Improved,1997,70 years 11 months,842000.0,2025
2025-08,ANG MO KIO,3 ROOM,343,ANG MO KIO AVE 3,01 TO 03,73.0,New Generation,1978,51 years 08 months,438888.0,2025
2026-03,BUKIT MERAH,4 ROOM,110A,DEPOT RD,10 TO 12,92.0,Model A,2017,90 years 09 months,870000.0,2026
2025-09,TOA PAYOH,4 ROOM,81,LOR 4 TOA PAYOH,16 TO 18,104.0,Model A,1997,70 years 08 months,975000.0,2025
2025-12,ANG MO KIO,3 ROOM,433,ANG MO KIO AVE 10,01 TO 03,67.0,New Generation,1979,52 years 02 months,410000.0,2025
2026-01,WOODLANDS,4 ROOM,703,WOODLANDS DR 40,07 TO 09,101.0,Model A,1996,69 years 10 months,488000.0,2026
2025-03,CHOA CHU KANG,4 ROOM,802B,KEAT HONG CL,04 TO 06,92.0,Model A,2018,92 years,595000.0,2025
2025-02,BUKIT PANJANG,3 ROOM,150,PETIR RD,07 TO 09,73.0,Model A,1988,62 years 07 months,445000.0,2025
2025-01,TOA PAYOH,4 ROOM,261,TOA PAYOH EAST,34 TO 36,93.0,Model A,2019,94 years,1060000.0,2025
2025-02,KALLANG/WHAMPOA,3 ROOM,8B,UPP BOON KENG RD,01 TO 03,70.0,Premium Apartment,2017,91 years 06 months,778000.0,2025
2026-06,GEYLANG,3 ROOM,38,CIRCUIT RD,04 TO 06,60.0,Standard,1971,43 years 08 months,328000.0,2026
2026-02,YISHUN,3 ROOM,348A,YISHUN AVE 11,07 TO 09,67.0,DBSS,2013,86 years 09 months,590000.0,2026
2025-03,YISHUN,4 ROOM,642,YISHUN ST 61,01 TO 03,104.0,Model A,1986,60 years 08 months,550000.0,2025
2025-03,WOODLANDS,4 ROOM,780D,WOODLANDS CRES,10 TO 12,92.0,Model A,2015,89 years 05 months,588000.0,2025
2026-05,PASIR RIS,4 ROOM,560,PASIR RIS ST 51,01 TO 03,105.0,Model A,1993,66 years 04 months,545000.0,2026
2025-03,BUKIT MERAH,3 ROOM,95B,HENDERSON RD,10 TO 12,68.0,Model A,2019,93 years 03 months,748000.0,2025
2025-03,TOA PAYOH,4 ROOM,138A,LOR 1A TOA PAYOH,37 TO 39,91.0,DBSS,2012,86 years 03 months,1160000.0,2025
2025-11,BUKIT PANJANG,3 ROOM,547C,SEGAR RD,13 TO 15,67.0,Model A,2015,88 years 09 months,508888.0,2025
2025-05,SERANGOON,4 ROOM,530,SERANGOON NTH AVE 4,01 TO 03,103.0,Model A,1992,66 years 07 months,621000.0,2025
2025-04,SENGKANG,5 ROOM,258A,COMPASSVALE RD,04 TO 06,110.0,Improved,2001,75 years,705000.0,2025
2025-02,WOODLANDS,4 ROOM,681A,WOODLANDS DR 62,13 TO 15,105.0,Premium Apartment,2000,74 years 01 month,631088.0,2025
2026-05,TAMPINES,3 ROOM,202,TAMPINES ST 21,10 TO 12,75.0,Model A,1983,56 years 07 months,500888.0,2026
2025-12,SENGKANG,4 ROOM,265B,COMPASSVALE LINK,10 TO 12,92.0,Premium Apartment,2008,81 years 06 months,717500.0,2025
2025-02,SENGKANG,4 ROOM,356A,ANCHORVALE LANE,07 TO 09,93.0,Model A,2021,95 years 01 month,713000.0,2025
2025-02,JURONG EAST,5 ROOM,106,JURONG EAST ST 13,13 TO 15,120.0,Improved,1982,56 years 09 months,700000.0,2025
2026-06,PASIR RIS,4 ROOM,570,PASIR RIS ST 53,01 TO 03,108.0,Model A,1995,68 years 05 months,705000.0,2026
2026-06,SEMBAWANG,4 ROOM,129A,CANBERRA ST,04 TO 06,93.0,Model A,2018,91 years 05 months,680000.0,2026
2026-05,HOUGANG,3 ROOM,316,HOUGANG AVE 7,04 TO 06,59.0,Improved,1993,66 years,440000.0,2026
2025-02,PUNGGOL,5 ROOM,163A,PUNGGOL CTRL,13 TO 15,114.0,Premium Apartment,2004,78 years 04 months,755000.0,2025
2025-08,WOODLANDS,5 ROOM,753,WOODLANDS CIRCLE,04 TO 06,121.0,Improved,1997,71 years 05 months,673000.0,2025
2025-06,ANG MO KIO,3 ROOM,610,ANG MO KIO AVE 4,07 TO 09,68.0,New Generation,1980,54 years 06 months,440000.0,2025
2025-07,SEMBAWANG,4 ROOM,103B,CANBERRA ST,10 TO 12,93.0,Model A,2020,94 years 05 months,655000.0,2025
2025-08,KALLANG/WHAMPOA,4 ROOM,5A,UPP BOON KENG RD,22 TO 24,93.0,Model A,2012,85 years 10 months,980000.0,2025
2026-01,BUKIT MERAH,3 ROOM,141,JLN BT MERAH,04 TO 06,67.0,New Generation,1979,52 years,360000.0,2026
2025-02,TAMPINES,5 ROOM,610C,TAMPINES NTH DR 1,13 TO 15,113.0,Improved,2020,94 years 09 months,906888.0,2025
2026-02,BUKIT PANJANG,3 ROOM,139,PETIR RD,04 TO 06,73.0,Model A,1988,61 years 05 months,425000.0,2026
2026-06,BUKIT BATOK,4 ROOM,436A,BT BATOK WEST AVE 5,13 TO 15,93.0,Model A,2020,92 years 09 months,660000.0,2026
2025-05,TOA PAYOH,5 ROOM,171,LOR 1 TOA PAYOH,13 TO 15,123.0,Improved,1995,69 years,980000.0,2025
2026-05,BISHAN,4 ROOM,175,BISHAN ST 13,07 TO 09,88.0,Simplified,1987,60 years 04 months,675888.0,2026
2025-03,WOODLANDS,5 ROOM,615,WOODLANDS AVE 4,01 TO 03,123.0,Improved,1998,72 years 05 months,620000.0,2025
2026-03,TAMPINES,4 ROOM,871B,TAMPINES ST 86,16 TO 18,94.0,Model A,2017,89 years 11 months,760000.0,2026
2026-06,CHOA CHU KANG,4 ROOM,215,CHOA CHU KANG CTRL,04 TO 06,104.0,Model A,1990,62 years 09 months,568000.0,2026
2026-04,SEMBAWANG,4 ROOM,126C,CANBERRA ST,04 TO 06,96.0,Model A,2020,93 years 06 months,730000.0,2026
2025-09,HOUGANG,5 ROOM,339,HOUGANG AVE 7,01 TO 03,121.0,Improved,1985,59 years 02 months,638000.0,2025
2025-12,YISHUN,4 ROOM,347A,YISHUN AVE 11,10 TO 12,92.0,DBSS,2013,86 years 11 months,768000.0,2025
2025-09,SENGKANG,5 ROOM,306C,ANCHORVALE LINK,07 TO 09,110.0,Improved,2002,75 years 04 months,636888.0,2025
2025-06,PUNGGOL,5 ROOM,233B,SUMANG LANE,16 TO 18,113.0,Improved,2018,92 years 06 months,808000.0,2025
2026-06,TAMPINES,5 ROOM,135,SIMEI ST 1,07 TO 09,123.0,Improved,1988,61 years 01 month,830888.0,2026
2026-05,TAMPINES,4 ROOM,855,TAMPINES ST 83,01 TO 03,84.0,Simplified,1987,60 years 01 month,535000.0,2026
2025-09,TAMPINES,4 ROOM,489C,TAMPINES ST 45,10 TO 12,104.0,Model A,1989,62 years 10 months,650000.0,2025
2025-12,WOODLANDS,4 ROOM,744,WOODLANDS CIRCLE,07 TO 09,102.0,Model A,1998,71 years 02 months,545800.0,2025
2025-06,PUNGGOL,5 ROOM,217B,SUMANG WALK,01 TO 03,112.0,Improved,2017,91 years 02 months,710000.0,2025
2026-06,QUEENSTOWN,3 ROOM,31,MARGARET DR,22 TO 24,62.0,Premium Apartment,2022,94 years 08 months,795000.0,2026
2025-09,GEYLANG,3 ROOM,65,CIRCUIT RD,01 TO 03,59.0,Standard,1967,40 years 04 months,340000.0,2025
2026-04,PUNGGOL,4 ROOM,316D,PUNGGOL WAY,16 TO 18,93.0,Premium Apartment,2017,90 years 05 months,705000.0,2026
2025-12,TAMPINES,3 ROOM,808,TAMPINES AVE 4,04 TO 06,73.0,Model A,1984,57 years 05 months,490000.0,2025
2025-11,WOODLANDS,4 ROOM,897B,WOODLANDS DR 50,01 TO 03,100.0,Model A,1997,70 years 09 months,526000.0,2025
2026-01,TOA PAYOH,4 ROOM,261,TOA PAYOH EAST,04 TO 06,93.0,Model A,2019,92 years 11 months,975188.0,2026
2026-04,ANG MO KIO,3 ROOM,571,ANG MO KIO AVE 3,04 TO 06,67.0,New Generation,1979,52 years 01 month,374888.0,2026
2025-03,GEYLANG,4 ROOM,32,CASSIA CRES,13 TO 15,93.0,New Generation,1981,55 years 05 months,700000.0,2025
2026-01,SENGKANG,4 ROOM,180C,RIVERVALE CRES,10 TO 12,93.0,Model A,2015,88 years 03 months,628888.0,2026
2025-11,BUKIT BATOK,4 ROOM,292B,BT BATOK EAST AVE 6,16 TO 18,93.0,Model A,2019,92 years 03 months,770000.0,2025
2026-06,YISHUN,4 ROOM,657,YISHUN AVE 4,10 TO 12,103.0,Model A,1987,60 years 06 months,510000.0,2026
2025-11,PUNGGOL,5 ROOM,166B,PUNGGOL CTRL,16 TO 18,114.0,Premium Apartment,2004,77 years 07 months,770000.0,2025
2025-04,JURONG WEST,4 ROOM,477,JURONG WEST ST 41,01 TO 03,102.0,Model A,1984,58 years 03 months,512000.0,2025
2025-07,CHOA CHU KANG,4 ROOM,667,CHOA CHU KANG CRES,16 TO 18,102.0,Model A,1999,73 years,560000.0,2025
2025-01,TOA PAYOH,4 ROOM,145,LOR 2 TOA PAYOH,22 TO 24,91.0,Model A,2006,80 years 01 month,1028000.0,2025
2025-05,QUEENSTOWN,3 ROOM,32,GHIM MOH LINK,22 TO 24,68.0,Model A,2018,92 years 01 month,815000.0,2025
2025-09,TOA PAYOH,4 ROOM,130A,LOR 1 TOA PAYOH,25 TO 27,93.0,Model A,2018,92 years,1138000.0,2025
2025-09,SEMBAWANG,3 ROOM,593A,MONTREAL LINK,01 TO 03,68.0,Model A,2015,88 years 08 months,488000.0,2025
2025-04,SEMBAWANG,4 ROOM,126A,CANBERRA ST,13 TO 15,96.0,Model A,2021,94 years 10 months,730000.0,2025
2025-12,KALLANG/WHAMPOA,5 ROOM,104,WHAMPOA DR,04 TO 06,119.0,Improved,1998,71 years 11 months,918888.0,2025
2026-03,JURONG WEST,4 ROOM,640,JURONG WEST ST 61,07 TO 09,100.0,Model A,1998,71 years 05 months,570000.0,2026
2026-03,CHOA CHU KANG,4 ROOM,460,CHOA CHU KANG AVE 4,13 TO 15,103.0,Premium Apartment,2000,73 years 01 month,525000.0,2026
2025-03,BUKIT BATOK,3 ROOM,230,BT BATOK EAST AVE 3,04 TO 06,67.0,New Generation,1985,59 years 08 months,415000.0,2025
2026-02,PUNGGOL,4 ROOM,272A,PUNGGOL WALK,04 TO 06,93.0,Premium Apartment,2014,87 years 03 months,760000.0,2026
2025-11,PASIR RIS,3 ROOM,530D,PASIR RIS DR 1,13 TO 15,65.0,DBSS,2015,88 years 08 months,650000.0,2025
2025-07,BUKIT MERAH,4 ROOM,48,LENGKOK BAHRU,10 TO 12,84.0,Simplified,1986,60 years,670000.0,2025
2026-05,HOUGANG,4 ROOM,981B,BUANGKOK CRES,04 TO 06,90.0,Model A,2003,76 years 01 month,545000.0,2026
2025-04,MARINE PARADE,3 ROOM,59,MARINE TER,07 TO 09,76.0,Improved,1975,49 years 01 month,520000.0,2025
2025-07,JURONG EAST,3 ROOM,206,JURONG EAST ST 21,07 TO 09,67.0,New Generation,1982,56 years 05 months,408888.0,2025
2026-04,YISHUN,4 ROOM,246,YISHUN AVE 9,04 TO 06,84.0,Simplified,1985,58 years 01 month,455000.0,2026
2026-04,KALLANG/WHAMPOA,4 ROOM,107,TOWNER RD,10 TO 12,105.0,Model A,1983,56 years 02 months,800000.0,2026
2025-01,BUKIT BATOK,5 ROOM,293B,BT BATOK ST 21,28 TO 30,113.0,Improved,2019,93 years 01 month,918888.0,2025
2026-05,BUKIT PANJANG,4 ROOM,450,BT PANJANG RING RD,01 TO 03,101.0,Model A,1997,70 years 03 months,493000.0,2026
2025-04,TAMPINES,4 ROOM,148,SIMEI ST 1,01 TO 03,84.0,Simplified,1988,62 years 01 month,572000.0,2025
2025-10,YISHUN,3 ROOM,274,YISHUN ST 22,04 TO 06,74.0,Model A,1986,59 years 05 months,435000.0,2025
2026-03,JURONG WEST,4 ROOM,642,JURONG WEST ST 61,07 TO 09,100.0,Model A,1998,71 years 06 months,520000.0,2026
2025-10,CHOA CHU KANG,4 ROOM,617,CHOA CHU KANG NTH 7,01 TO 03,107.0,Model A,1996,69 years 07 months,580000.0,2025
2025-01,KALLANG/WHAMPOA,4 ROOM,9,GLOUCESTER RD,10 TO 12,91.0,New Generation,1976,51 years,683000.0,2025
2025-11,BUKIT PANJANG,4 ROOM,636B,SENJA RD,13 TO 15,92.0,Model A,2015,89 years 01 month,678000.0,2025
2025-04,CHOA CHU KANG,3 ROOM,476A,CHOA CHU KANG AVE 5,04 TO 06,67.0,Model A,2013,87 years 04 months,460000.0,2025
2025-12,BUKIT PANJANG,5 ROOM,436,FAJAR RD,01 TO 03,121.0,Improved,1989,63 years 02 months,625000.0,2025
2025-06,BISHAN,4 ROOM,273B,BISHAN ST 24,07 TO 09,95.0,DBSS,2011,85 years 04 months,1080000.0,2025
2025-02,SENGKANG,4 ROOM,458A,SENGKANG WEST RD,10 TO 12,93.0,Model A,2020,94 years 08 months,653888.0,2025
2025-02,CHOA CHU KANG,5 ROOM,681,CHOA CHU KANG CRES,07 TO 09,123.0,Premium Apartment,1999,73 years 09 months,612000.0,2025
2026-04,GEYLANG,5 ROOM,92A,PIPIT RD,04 TO 06,120.0,Improved,1997,70 years 05 months,900000.0,2026
2025-08,CHOA CHU KANG,5 ROOM,683A,CHOA CHU KANG CRES,04 TO 06,110.0,Improved,2002,75 years 11 months,550000.0,2025
2025-07,JURONG WEST,4 ROOM,181A,BOON LAY DR,10 TO 12,93.0,Model A,2014,87 years 10 months,635000.0,2025
2025-04,JURONG WEST,4 ROOM,651A,JURONG WEST ST 61,10 TO 12,91.0,Model A,2002,76 years 01 month,610000.0,2025
2026-05,BUKIT MERAH,3 ROOM,3,EVERTON PK,10 TO 12,82.0,New Generation,1980,53 years 07 months,590000.0,2026
2025-10,SERANGOON,5 ROOM,135,SERANGOON NTH AVE 2,01 TO 03,121.0,Improved,1989,62 years 08 months,740000.0,2025
2025-12,JURONG WEST,5 ROOM,846,JURONG WEST ST 81,01 TO 03,135.0,Model A,1996,69 years 04 months,640000.0,2025
2025-09,TAMPINES,4 ROOM,490A,TAMPINES ST 45,10 TO 12,107.0,Model A,1993,67 years 01 month,660000.0,2025
2025-10,WOODLANDS,4 ROOM,719,WOODLANDS AVE 6,10 TO 12,100.0,Model A,1997,70 years 07 months,611888.0,2025
2025-02,JURONG WEST,4 ROOM,555,JURONG WEST ST 42,07 TO 09,111.0,Model A,1985,59 years 05 months,520000.0,2025
2025-02,PASIR RIS,5 ROOM,485,PASIR RIS DR 4,01 TO 03,124.0,Improved,1992,66 years 11 months,700000.0,2025
2026-06,BUKIT BATOK,3 ROOM,443D,BT BATOK WEST AVE 8,04 TO 06,67.0,Model A,2019,91 years 10 months,475000.0,2026
2025-07,HOUGANG,4 ROOM,998A,BUANGKOK CRES,16 TO 18,94.0,Model A,2019,93 years 06 months,700000.0,2025
2025-05,CLEMENTI,4 ROOM,709,CLEMENTI WEST ST 2,10 TO 12,91.0,New Generation,1980,54 years 03 months,558000.0,2025
2025-03,BUKIT MERAH,3 ROOM,37,LIM LIAK ST,01 TO 03,88.0,Standard,1974,47 years 11 months,780000.0,2025
2025-12,BISHAN,4 ROOM,130,BISHAN ST 12,10 TO 12,105.0,Model A,1986,59 years 03 months,860000.0,2025
2026-01,QUEENSTOWN,5 ROOM,20,HOLLAND DR,04 TO 06,114.0,Standard,1975,48 years 01 month,960000.0,2026
2025-12,TOA PAYOH,3 ROOM,51,LOR 6 TOA PAYOH,10 TO 12,73.0,Standard,1983,56 years 07 months,430000.0,2025
2026-04,TAMPINES,5 ROOM,867,TAMPINES ST 83,01 TO 03,121.0,Improved,1989,61 years 10 months,780000.0,2026
2025-09,BEDOK,4 ROOM,141,BEDOK RESERVOIR RD,07 TO 09,84.0,Simplified,1986,60 years 02 months,575000.0,2025
2025-01,SENGKANG,5 ROOM,469C,SENGKANG WEST WAY,16 TO 18,113.0,Improved,2016,90 years 08 months,808000.0,2025
2025-01,TAMPINES,5 ROOM,609A,TAMPINES NTH DR 1,04 TO 06,113.0,Improved,2020,94 years 10 months,890000.0,2025
2026-01,JURONG WEST,4 ROOM,421,JURONG WEST ST 42,01 TO 03,84.0,Simplified,1985,58 years 07 months,450000.0,2026
2025-07,TAMPINES,4 ROOM,936,TAMPINES AVE 5,04 TO 06,104.0,Model A,1988,62 years 03 months,666000.0,2025
2026-01,TAMPINES,5 ROOM,373,TAMPINES ST 34,04 TO 06,123.0,Improved,1995,68 years 09 months,782000.0,2026
2025-05,BUKIT BATOK,4 ROOM,384,BT BATOK WEST AVE 5,22 TO 24,92.0,Model A,2005,78 years 09 months,610000.0,2025
2026-01,CHOA CHU KANG,5 ROOM,818C,CHOA CHU KANG AVE 1,13 TO 15,112.0,Improved,2017,90 years 09 months,755888.0,2026
2026-01,KALLANG/WHAMPOA,5 ROOM,9,BOON KENG RD,10 TO 12,119.0,DBSS,2011,84 years 01 month,1480000.0,2026
2026-06,YISHUN,4 ROOM,805,YISHUN RING RD,04 TO 06,103.0,Model A,1987,60 years,575000.0,2026
2026-03,CLEMENTI,3 ROOM,320,CLEMENTI AVE 4,10 TO 12,67.0,New Generation,1979,52 years 02 months,452000.0,2026
2025-07,JURONG WEST,3 ROOM,209,BOON LAY PL,04 TO 06,65.0,Improved,1976,49 years 10 months,335500.0,2025
2026-04,BEDOK,3 ROOM,503,BEDOK NTH ST 3,13 TO 15,59.0,Improved,1978,51 years,370000.0,2026
2026-06,BUKIT BATOK,5 ROOM,201,BT BATOK ST 21,07 TO 09,133.0,Model A,1985,58 years 02 months,738000.0,2026
2026-04,WOODLANDS,5 ROOM,894B,WOODLANDS DR 50,04 TO 06,119.0,Improved,1996,69 years 07 months,710000.0,2026
2025-10,SERANGOON,4 ROOM,546,SERANGOON NTH AVE 3,07 TO 09,100.0,Model A,1998,71 years 03 months,615000.0,2025
2025-11,KALLANG/WHAMPOA,5 ROOM,21,ST. GEORGE'S RD,16 TO 18,118.0,Improved,1984,58 years 02 months,858000.0,2025
2025-02,JURONG EAST,4 ROOM,41,TEBAN GDNS RD,04 TO 06,99.0,New Generation,1981,55 years 06 months,473000.0,2025
2025-11,SENGKANG,4 ROOM,272B,SENGKANG CTRL,10 TO 12,90.0,Premium Apartment,2009,83 years 02 months,820000.0,2025
2025-11,ANG MO KIO,4 ROOM,512,ANG MO KIO AVE 8,04 TO 06,93.0,New Generation,1980,53 years 10 months,543000.0,2025
2026-02,HOUGANG,4 ROOM,435,HOUGANG AVE 8,04 TO 06,105.0,Model A,1991,64 years 04 months,602000.0,2026
2026-04,HOUGANG,4 ROOM,540,HOUGANG AVE 8,01 TO 03,104.0,Model A,1989,62 years 07 months,600000.0,2026
2026-04,HOUGANG,3 ROOM,365D,UPP SERANGOON RD,10 TO 12,67.0,Model A,2018,90 years 11 months,660000.0,2026
2025-07,BUKIT BATOK,3 ROOM,460A,BT BATOK WEST AVE 9,04 TO 06,68.0,Model A,2020,93 years 11 months,480000.0,2025
2025-02,SEMBAWANG,5 ROOM,129C,CANBERRA ST,10 TO 12,113.0,Improved,2018,92 years 09 months,768000.0,2025
2025-05,BISHAN,3 ROOM,108,BISHAN ST 12,01 TO 03,64.0,Simplified,1985,59 years 06 months,520000.0,2025
2026-05,JURONG WEST,5 ROOM,660C,JURONG WEST ST 64,10 TO 12,110.0,Improved,2001,74 years 05 months,728000.0,2026
2025-01,SENGKANG,5 ROOM,338B,ANCHORVALE CRES,07 TO 09,120.0,3Gen,2018,92 years 05 months,788000.0,2025
2025-12,JURONG WEST,4 ROOM,835,JURONG WEST ST 81,07 TO 09,104.0,Model A,1989,63 years,520000.0,2025
2025-12,TOA PAYOH,3 ROOM,101,POTONG PASIR AVE 1,16 TO 18,74.0,Model A,1984,57 years 10 months,610000.0,2025
2025-08,HOUGANG,4 ROOM,648,HOUGANG AVE 8,07 TO 09,84.0,Simplified,1987,61 years 02 months,542000.0,2025
2026-01,BEDOK,4 ROOM,430A,BEDOK NTH RD,13 TO 15,94.0,Model A,2021,94 years 04 months,945000.0,2026
2025-02,TOA PAYOH,3 ROOM,116,LOR 2 TOA PAYOH,13 TO 15,63.0,Improved,1970,44 years 01 month,436168.0,2025
2026-01,PASIR RIS,5 ROOM,554,PASIR RIS ST 51,10 TO 12,122.0,Improved,1992,66 years,770000.0,2026
2025-02,WOODLANDS,4 ROOM,824,WOODLANDS ST 81,04 TO 06,103.0,Model A,1989,63 years 09 months,555000.0,2025
2026-05,BUKIT MERAH,4 ROOM,69,TELOK BLANGAH HTS,07 TO 09,91.0,New Generation,1978,50 years 08 months,590000.0,2026
2026-01,BEDOK,3 ROOM,116,BEDOK NTH RD,01 TO 03,73.0,New Generation,1978,51 years 04 months,439000.0,2026
2026-06,BEDOK,3 ROOM,202,BEDOK NTH ST 1,04 TO 06,67.0,New Generation,1979,52 years 02 months,446000.0,2026
2026-05,CLEMENTI,3 ROOM,508,WEST COAST DR,04 TO 06,67.0,New Generation,1978,51 years 04 months,362000.0,2026
2026-06,GEYLANG,4 ROOM,17A,CIRCUIT RD,10 TO 12,93.0,Model A,2016,89 years 06 months,1055888.0,2026
2026-05,YISHUN,4 ROOM,432A,YISHUN AVE 1,10 TO 12,92.0,Model A,2015,88 years 05 months,590000.0,2026
2026-06,QUEENSTOWN,3 ROOM,2,GHIM MOH RD,04 TO 06,65.0,Improved,1976,49 years 02 months,390000.0,2026
2025-02,GEYLANG,3 ROOM,108,ALJUNIED CRES,10 TO 12,68.0,New Generation,1981,55 years 03 months,502000.0,2025
2026-04,TOA PAYOH,3 ROOM,262,TOA PAYOH EAST,04 TO 06,68.0,Model A,2019,92 years 09 months,650000.0,2026
2026-04,SENGKANG,4 ROOM,467A,FERNVALE LINK,25 TO 27,93.0,Model A,2016,89 years 05 months,640000.0,2026
2026-01,QUEENSTOWN,4 ROOM,33,GHIM MOH LINK,31 TO 33,93.0,Model A,2018,91 years 06 months,1180000.0,2026
2025-05,SEMBAWANG,4 ROOM,126D,CANBERRA ST,10 TO 12,93.0,Model A,2020,94 years 06 months,705000.0,2025
2025-05,PUNGGOL,4 ROOM,266B,PUNGGOL WAY,13 TO 15,92.0,Model A,2015,89 years 01 month,735000.0,2025
2025-09,SEMBAWANG,3 ROOM,117A,CANBERRA CRES,07 TO 09,68.0,Model A,2020,93 years 09 months,575000.0,2025
2025-09,SEMBAWANG,4 ROOM,117B,CANBERRA CRES,01 TO 03,92.0,Model A,2020,93 years 08 months,730000.0,2025
2026-05,SERANGOON,5 ROOM,500,SERANGOON NTH AVE 4,01 TO 03,124.0,Improved,1992,65 years 06 months,730000.0,2026
2025-08,YISHUN,4 ROOM,749,YISHUN ST 72,01 TO 03,91.0,New Generation,1984,57 years 11 months,570000.0,2025
2026-04,WOODLANDS,5 ROOM,687C,WOODLANDS DR 75,10 TO 12,114.0,Premium Apartment,2003,75 years 11 months,644000.0,2026
2025-07,TAMPINES,5 ROOM,167C,SIMEI LANE,04 TO 06,107.0,DBSS,2011,84 years 08 months,970000.0,2025
2025-07,JURONG WEST,4 ROOM,465,JURONG WEST ST 41,10 TO 12,91.0,New Generation,1984,58 years 04 months,490000.0,2025
2025-05,SENGKANG,5 ROOM,415A,FERNVALE LINK,07 TO 09,113.0,Improved,2016,89 years 09 months,783000.0,2025
2025-11,PASIR RIS,4 ROOM,700,PASIR RIS DR 10,13 TO 15,112.0,Model A,1996,69 years 03 months,655000.0,2025
2026-06,PUNGGOL,5 ROOM,272A,PUNGGOL WALK,13 TO 15,116.0,Premium Apartment,2014,86 years 11 months,995000.0,2026
2025-01,PUNGGOL,4 ROOM,220B,SUMANG LANE,04 TO 06,93.0,Model A,2018,93 years,649000.0,2025
2025-06,BUKIT MERAH,4 ROOM,17A,TELOK BLANGAH CRES,25 TO 27,100.0,Model A,2002,75 years 08 months,780000.0,2025
2025-04,JURONG WEST,3 ROOM,698A,JURONG WEST CTRL 3,01 TO 03,68.0,Model A,2017,91 years 07 months,540000.0,2025
2025-12,PUNGGOL,4 ROOM,313C,SUMANG LINK,10 TO 12,92.0,Model A,2015,88 years 07 months,728000.0,2025
2026-01,SENGKANG,3 ROOM,417A,FERNVALE LINK,19 TO 21,69.0,Model A,2018,91 years 07 months,575000.0,2026
2026-02,WOODLANDS,4 ROOM,736,WOODLANDS CIRCLE,07 TO 09,103.0,Model A,1998,71 years 01 month,578000.0,2026
2025-01,YISHUN,3 ROOM,702,YISHUN AVE 5,01 TO 03,72.0,New Generation,1984,58 years 06 months,428000.0,2025
2025-12,JURONG WEST,3 ROOM,122,YUAN CHING RD,07 TO 09,61.0,Improved,1974,47 years 07 months,335000.0,2025
2025-11,BUKIT MERAH,4 ROOM,108,BT PURMEI RD,10 TO 12,104.0,Model A,1984,57 years 09 months,688000.0,2025
2025-06,KALLANG/WHAMPOA,4 ROOM,16,JLN TENTERAM,01 TO 03,86.0,Model A,2002,76 years 04 months,655000.0,2025
2025-07,BUKIT MERAH,4 ROOM,10B,BOON TIONG RD,28 TO 30,87.0,Model A,2016,89 years 06 months,1190000.0,2025
2025-06,WOODLANDS,5 ROOM,686A,WOODLANDS DR 73,10 TO 12,114.0,Premium Apartment,2003,76 years 08 months,645000.0,2025
2025-11,CHOA CHU KANG,5 ROOM,805C,KEAT HONG CL,04 TO 06,113.0,Improved,2017,90 years 07 months,660000.0,2025
2025-08,BUKIT MERAH,3 ROOM,110,BT PURMEI RD,10 TO 12,74.0,Model A,1984,58 years 02 months,548000.0,2025
2025-02,BUKIT MERAH,4 ROOM,26D,JLN MEMBINA,16 TO 18,90.0,Model A,2009,83 years,935000.0,2025
2026-03,ANG MO KIO,4 ROOM,455C,ANG MO KIO ST 44,04 TO 06,93.0,Model A,2018,91 years 01 month,930000.0,2026
2025-12,BUKIT PANJANG,5 ROOM,409,SAUJANA RD,10 TO 12,122.0,Improved,1989,62 years 03 months,688000.0,2025
2026-04,BUKIT MERAH,5 ROOM,51,LENGKOK BAHRU,07 TO 09,122.0,Improved,1986,59 years 06 months,850000.0,2026
2025-04,YISHUN,4 ROOM,327,YISHUN RING RD,01 TO 03,84.0,Simplified,1988,62 years 03 months,465000.0,2025
2025-11,SEMBAWANG,5 ROOM,126C,CANBERRA ST,04 TO 06,116.0,Improved,2020,94 years,765000.0,2025
2025-07,BUKIT BATOK,4 ROOM,451B,BT BATOK WEST AVE 6,19 TO 21,93.0,Model A,2019,92 years 09 months,715000.0,2025
2025-11,JURONG WEST,3 ROOM,210,BOON LAY PL,10 TO 12,74.0,Improved,1977,50 years 11 months,360000.0,2025
2025-01,YISHUN,4 ROOM,318C,YISHUN AVE 9,07 TO 09,92.0,Model A,2015,89 years 11 months,608000.0,2025
2025-11,CHOA CHU KANG,4 ROOM,122,TECK WHYE LANE,07 TO 09,106.0,Model A,1989,62 years 05 months,530000.0,2025
2025-01,JURONG WEST,4 ROOM,266,BOON LAY DR,13 TO 15,111.0,Model A,1995,69 years 06 months,576000.0,2025
2026-03,PUNGGOL,3 ROOM,221A,SUMANG LANE,04 TO 06,68.0,Model A,2018,91 years 10 months,530000.0,2026
2026-04,PUNGGOL,3 ROOM,209C,PUNGGOL PL,04 TO 06,67.0,Model A,2014,87 years 08 months,528800.0,2026
2025-02,SENGKANG,4 ROOM,264E,COMPASSVALE BOW,13 TO 15,92.0,Premium Apartment,2008,82 years 04 months,763888.0,2025
2025-09,PUNGGOL,5 ROOM,288A,PUNGGOL PL,04 TO 06,112.0,Premium Apartment,2013,86 years 07 months,920000.0,2025
2025-03,TAMPINES,4 ROOM,523A,TAMPINES CTRL 7,07 TO 09,93.0,Model A,2015,89 years 06 months,800000.0,2025
2025-01,TOA PAYOH,4 ROOM,261,TOA PAYOH EAST,31 TO 33,93.0,Model A,2019,94 years,1058000.0,2025
2025-09,MARINE PARADE,3 ROOM,19,MARINE TER,07 TO 09,65.0,Improved,1975,48 years 04 months,512000.0,2025
2025-02,JURONG WEST,5 ROOM,764,JURONG WEST ST 74,07 TO 09,126.0,Improved,1996,70 years 05 months,648000.0,2025
2025-09,MARINE PARADE,5 ROOM,1,MARINE TER,10 TO 12,122.0,Standard,1975,48 years 05 months,1000000.0,2025
2026-05,BEDOK,5 ROOM,63,CHAI CHEE RD,07 TO 09,133.0,Model A,1984,57 years,730000.0,2026
2025-05,BUKIT MERAH,3 ROOM,110A,DEPOT RD,22 TO 24,67.0,Model A,2017,91 years 07 months,680000.0,2025
2026-03,YISHUN,4 ROOM,336B,YISHUN ST 31,01 TO 03,92.0,Model A,2015,88 years 08 months,568000.0,2026
2025-07,TOA PAYOH,4 ROOM,204,TOA PAYOH NTH,04 TO 06,87.0,Improved,1973,47 years,525000.0,2025
2025-02,SEMBAWANG,5 ROOM,354A,ADMIRALTY DR,13 TO 15,113.0,Improved,2002,76 years,695000.0,2025
2026-04,JURONG WEST,3 ROOM,431,JURONG WEST AVE 1,07 TO 09,75.0,Model A,1985,57 years 10 months,421000.0,2026
2025-02,QUEENSTOWN,5 ROOM,79,DAWSON RD,07 TO 09,107.0,Improved,2020,94 years 10 months,1270000.0,2025
2026-03,SENGKANG,4 ROOM,323C,SENGKANG EAST WAY,13 TO 15,90.0,Model A,2003,76 years 02 months,615000.0,2026
2025-12,WOODLANDS,4 ROOM,424,WOODLANDS ST 41,10 TO 12,100.0,Model A,1997,70 years 06 months,550000.0,2025
2025-07,BUKIT MERAH,3 ROOM,136,JLN BT MERAH,01 TO 03,59.0,Improved,1975,48 years 10 months,320000.0,2025
2025-06,GEYLANG,3 ROOM,10,HAIG RD,07 TO 09,65.0,Improved,1976,50 years 01 month,410888.0,2025
2025-10,JURONG WEST,5 ROOM,923,JURONG WEST ST 92,07 TO 09,122.0,Improved,1989,62 years 04 months,592000.0,2025
2025-11,SENGKANG,5 ROOM,148,RIVERVALE CRES,04 TO 06,122.0,Improved,1999,72 years 10 months,665000.0,2025
2025-09,SERANGOON,4 ROOM,240,SERANGOON AVE 2,10 TO 12,105.0,Model A,1985,58 years 11 months,850000.0,2025
2025-11,TAMPINES,3 ROOM,801,TAMPINES AVE 4,01 TO 03,68.0,New Generation,1984,57 years 09 months,460000.0,2025
2026-05,JURONG EAST,4 ROOM,284,TOH GUAN RD,01 TO 03,101.0,Model A,1998,71 years 07 months,575000.0,2026
2025-05,TAMPINES,4 ROOM,614A,TAMPINES NTH DR 1,04 TO 06,93.0,Model A,2021,94 years 09 months,748000.0,2025
2025-04,JURONG WEST,3 ROOM,114,HO CHING RD,10 TO 12,76.0,Improved,1971,45 years 02 months,330000.0,2025
2025-12,PUNGGOL,3 ROOM,210C,PUNGGOL PL,07 TO 09,67.0,Model A,2014,88 years 01 month,530000.0,2025
2025-06,ANG MO KIO,4 ROOM,207,ANG MO KIO AVE 1,04 TO 06,98.0,New Generation,1976,50 years 02 months,585000.0,2025
2025-07,HOUGANG,4 ROOM,994B,BUANGKOK LINK,04 TO 06,93.0,Model A,2021,94 years 07 months,688000.0,2025
2025-04,BISHAN,4 ROOM,105,BISHAN ST 12,04 TO 06,104.0,Model A,1985,59 years 08 months,850000.0,2025
2026-04,JURONG EAST,4 ROOM,236,JURONG EAST ST 21,04 TO 06,91.0,New Generation,1982,54 years 11 months,478000.0,2026
2025-01,PUNGGOL,3 ROOM,211D,PUNGGOL WALK,07 TO 09,67.0,Model A,2014,88 years 04 months,538000.0,2025
2025-03,SERANGOON,3 ROOM,217,SERANGOON AVE 4,04 TO 06,67.0,New Generation,1984,58 years 08 months,500000.0,2025
2026-03,SEMBAWANG,4 ROOM,350C,CANBERRA RD,13 TO 15,93.0,Model A,2001,74 years 08 months,618000.0,2026
2026-02,PASIR RIS,5 ROOM,749,PASIR RIS ST 71,10 TO 12,121.0,Improved,1996,69 years 09 months,740000.0,2026
2025-06,BUKIT BATOK,4 ROOM,350,BT BATOK ST 34,01 TO 03,84.0,Simplified,1987,60 years 07 months,482000.0,2025
2025-03,WOODLANDS,4 ROOM,683D,WOODLANDS DR 62,04 TO 06,103.0,Premium Apartment,2000,74 years,605688.0,2025
2025-03,BEDOK,4 ROOM,131,BEDOK NTH AVE 3,13 TO 15,92.0,New Generation,1978,52 years 02 months,588000.0,2025
2025-11,KALLANG/WHAMPOA,4 ROOM,113D,MCNAIR RD,19 TO 21,93.0,Premium Apartment,2017,91 years 02 months,1070000.0,2025
2025-06,HOUGANG,4 ROOM,994C,BUANGKOK LINK,13 TO 15,93.0,Model A,2021,94 years 07 months,700000.0,2025
2025-04,TOA PAYOH,3 ROOM,107,POTONG PASIR AVE 1,10 TO 12,74.0,Model A,1984,58 years 04 months,590000.0,2025
2025-07,BEDOK,4 ROOM,106,BEDOK RESERVOIR RD,10 TO 12,91.0,New Generation,1985,59 years 01 month,578888.0,2025
2025-09,SENGKANG,4 ROOM,471A,FERNVALE ST,22 TO 24,93.0,Model A,2016,90 years,673888.0,2025
2025-08,WOODLANDS,4 ROOM,602,WOODLANDS DR 42,07 TO 09,102.0,Model A,1997,70 years 09 months,558000.0,2025
2025-12,YISHUN,4 ROOM,423,YISHUN AVE 11,07 TO 09,104.0,Model A,1988,61 years 09 months,550000.0,2025
2025-07,CHOA CHU KANG,3 ROOM,802C,KEAT HONG CL,13 TO 15,67.0,Model A,2018,91 years 07 months,490000.0,2025
2025-12,TAMPINES,5 ROOM,606D,TAMPINES ST 61,07 TO 09,112.0,Improved,2020,93 years 03 months,910888.0,2025
2025-06,SENGKANG,5 ROOM,116B,RIVERVALE DR,01 TO 03,114.0,Improved,2000,74 years 01 month,600000.0,2025
2025-05,TAMPINES,5 ROOM,519B,TAMPINES CTRL 8,13 TO 15,108.0,DBSS,2014,88 years 03 months,1050000.0,2025
2025-04,PUNGGOL,4 ROOM,232C,SUMANG LANE,07 TO 09,93.0,Model A,2018,92 years 08 months,646888.0,2025
2025-05,JURONG WEST,4 ROOM,166A,YUNG KUANG RD,04 TO 06,93.0,Model A,2018,92 years 06 months,621888.0,2025
2026-05,ANG MO KIO,5 ROOM,228A,ANG MO KIO ST 23,04 TO 06,113.0,Improved,2021,94 years 05 months,1145000.0,2026
2025-04,WOODLANDS,3 ROOM,12,MARSILING LANE,04 TO 06,76.0,Improved,1976,50 years,370000.0,2025
2026-06,PASIR RIS,4 ROOM,446,PASIR RIS DR 6,07 TO 09,94.0,New Generation,1989,62 years 05 months,615000.0,2026
2026-05,TAMPINES,5 ROOM,515B,TAMPINES CTRL 7,04 TO 06,107.0,DBSS,2008,81 years 09 months,955000.0,2026
2026-04,WOODLANDS,4 ROOM,515,WOODLANDS DR 14,01 TO 03,107.0,Premium Apartment,1999,71 years 11 months,558888.0,2026
2026-03,SENGKANG,3 ROOM,302B,ANCHORVALE LINK,13 TO 15,83.0,Model A,2007,80 years 05 months,518000.0,2026
2025-04,JURONG EAST,3 ROOM,252,JURONG EAST ST 24,04 TO 06,70.0,New Generation,1985,59 years 03 months,420000.0,2025
2026-01,TAMPINES,4 ROOM,237,TAMPINES ST 21,01 TO 03,105.0,Model A,1984,57 years 09 months,645000.0,2026
2025-04,WOODLANDS,3 ROOM,816,WOODLANDS ST 82,01 TO 03,68.0,New Generation,1994,68 years 09 months,415000.0,2025
2025-01,SEMBAWANG,4 ROOM,101B,CANBERRA ST,10 TO 12,93.0,Model A,2020,95 years 01 month,660000.0,2025
2026-03,YISHUN,5 ROOM,504D,YISHUN ST 51,10 TO 12,112.0,Improved,2016,89 years 01 month,770000.0,2026
2025-05,SEMBAWANG,4 ROOM,129A,CANBERRA ST,07 TO 09,93.0,Model A,2018,92 years 05 months,688000.0,2025
2025-09,YISHUN,4 ROOM,223,YISHUN ST 21,10 TO 12,96.0,New Generation,1986,59 years 04 months,538000.0,2025
2026-03,TOA PAYOH,4 ROOM,262,TOA PAYOH EAST,16 TO 18,93.0,Model A,2019,92 years 09 months,1015000.0,2026
2026-03,GEYLANG,4 ROOM,31,BALAM RD,01 TO 03,91.0,New Generation,1985,58 years 01 month,580000.0,2026
2026-02,BUKIT PANJANG,4 ROOM,442,FAJAR RD,04 TO 06,100.0,Model A,1997,70 years 10 months,558000.0,2026
2026-05,GEYLANG,4 ROOM,10,EUNOS CRES,13 TO 15,91.0,New Generation,1978,51 years 03 months,588000.0,2026
2026-06,BUKIT MERAH,4 ROOM,95C,HENDERSON RD,19 TO 21,93.0,Model A,2019,92 years,1068888.0,2026
2025-07,KALLANG/WHAMPOA,4 ROOM,16,JLN TENTERAM,04 TO 06,86.0,Model A,2002,76 years 02 months,640888.0,2025
2025-02,GEYLANG,4 ROOM,10,EUNOS CRES,16 TO 18,91.0,New Generation,1978,52 years 06 months,658000.0,2025
2025-09,YISHUN,3 ROOM,707,YISHUN AVE 5,07 TO 09,68.0,New Generation,1984,57 years 08 months,448000.0,2025
2025-03,GEYLANG,4 ROOM,18B,CIRCUIT RD,07 TO 09,93.0,Model A,2016,90 years 08 months,970000.0,2025
2026-03,KALLANG/WHAMPOA,4 ROOM,84,WHAMPOA DR,10 TO 12,91.0,Improved,1974,46 years 11 months,488888.0,2026
2025-10,BUKIT BATOK,5 ROOM,296A,BT BATOK ST 22,16 TO 18,115.0,Premium Apartment,2018,91 years 06 months,900000.0,2025
2025-01,PASIR RIS,4 ROOM,705,PASIR RIS DR 10,04 TO 06,112.0,Model A,1996,70 years 01 month,650000.0,2025
2025-11,TAMPINES,5 ROOM,608C,TAMPINES NTH DR 1,07 TO 09,113.0,Improved,2020,94 years,891000.0,2025
2025-01,KALLANG/WHAMPOA,3 ROOM,16,UPP BOON KENG RD,16 TO 18,65.0,Improved,1975,49 years 03 months,408888.0,2025
2025-04,WOODLANDS,5 ROOM,740,WOODLANDS CIRCLE,04 TO 06,122.0,Improved,1997,71 years 07 months,680000.0,2025
2026-03,HOUGANG,4 ROOM,994A,BUANGKOK LINK,10 TO 12,93.0,Model A,2021,93 years 10 months,688000.0,2026
2025-08,CLEMENTI,3 ROOM,701,WEST COAST RD,10 TO 12,67.0,New Generation,1980,54 years,400888.0,2025
2025-01,ANG MO KIO,4 ROOM,596D,ANG MO KIO ST 52,01 TO 03,85.0,Model A,2003,77 years 01 month,730000.0,2025
2025-01,BUKIT PANJANG,4 ROOM,458,SEGAR RD,04 TO 06,93.0,Premium Apartment,2012,86 years 11 months,575000.0,2025
2025-08,HOUGANG,4 ROOM,608,HOUGANG AVE 4,04 TO 06,104.0,Model A,1985,59 years,560000.0,2025
2026-06,KALLANG/WHAMPOA,5 ROOM,98,WHAMPOA DR,13 TO 15,130.0,Adjoined flat,1974,46 years 10 months,788000.0,2026
2025-08,SEMBAWANG,4 ROOM,477,SEMBAWANG DR,01 TO 03,88.0,Model A2,2000,74 years,530000.0,2025
2025-04,YISHUN,4 ROOM,348A,YISHUN AVE 11,16 TO 18,92.0,DBSS,2013,87 years 06 months,818888.0,2025
2026-01,YISHUN,3 ROOM,468A,YISHUN ST 43,10 TO 12,67.0,Model A,2019,92 years 11 months,510000.0,2026
2025-07,ANG MO KIO,3 ROOM,591A,ANG MO KIO ST 51,16 TO 18,68.0,Model A,2019,92 years 07 months,728000.0,2025
2025-07,HOUGANG,3 ROOM,6,HOUGANG AVE 3,01 TO 03,59.0,Improved,1975,49 years 01 month,310000.0,2025
2025-05,PUNGGOL,4 ROOM,619D,PUNGGOL DR,04 TO 06,93.0,Premium Apartment,2013,87 years 05 months,660000.0,2025
2025-06,SERANGOON,4 ROOM,327,SERANGOON AVE 3,07 TO 09,104.0,Model A,1986,60 years,780000.0,2025
2025-07,YISHUN,4 ROOM,335B,YISHUN ST 31,07 TO 09,92.0,Model A,2015,89 years 04 months,590000.0,2025
2025-12,QUEENSTOWN,4 ROOM,9,HOLLAND AVE,13 TO 15,86.0,Improved,1974,47 years 06 months,630000.0,2025
2025-05,SENGKANG,5 ROOM,321B,ANCHORVALE DR,04 TO 06,110.0,Improved,2002,75 years 11 months,680000.0,2025
2025-08,HOUGANG,3 ROOM,115,HOUGANG AVE 1,10 TO 12,67.0,New Generation,1981,55 years 01 month,460000.0,2025
2025-11,BUKIT BATOK,5 ROOM,446A,BT BATOK WEST AVE 8,07 TO 09,112.0,Improved,2019,92 years 03 months,822000.0,2025
2026-03,SENGKANG,4 ROOM,195,RIVERVALE DR,07 TO 09,91.0,Model A,2001,74 years 05 months,560000.0,2026
2025-03,SENGKANG,4 ROOM,443B,FERNVALE RD,22 TO 24,95.0,Model A,2012,86 years 09 months,768000.0,2025
2025-02,BEDOK,4 ROOM,773,BEDOK RESERVOIR VIEW,13 TO 15,105.0,Premium Apartment,2000,74 years 11 months,755000.0,2025
2025-07,BUKIT PANJANG,5 ROOM,152,GANGSA RD,10 TO 12,121.0,Improved,1998,72 years 05 months,780000.0,2025
2025-10,SEMBAWANG,5 ROOM,126C,CANBERRA ST,01 TO 03,116.0,Improved,2020,94 years 01 month,785000.0,2025
2026-05,QUEENSTOWN,4 ROOM,93,DAWSON RD,16 TO 18,83.0,Premium Apartment,2016,89 years,1080000.0,2026
2025-03,JURONG WEST,5 ROOM,164A,YUNG KUANG RD,13 TO 15,113.0,Improved,2018,92 years 08 months,788000.0,2025
2025-09,CHOA CHU KANG,4 ROOM,569,CHOA CHU KANG ST 52,10 TO 12,106.0,Model A,1995,68 years 10 months,575000.0,2025
2025-01,SENGKANG,5 ROOM,258C,COMPASSVALE RD,01 TO 03,110.0,Improved,2001,75 years 01 month,660000.0,2025
2025-11,TAMPINES,5 ROOM,872,TAMPINES ST 84,10 TO 12,121.0,Improved,1988,62 years 02 months,755000.0,2025
2025-01,TOA PAYOH,5 ROOM,154,LOR 2 TOA PAYOH,22 TO 24,122.0,Improved,2001,75 years 02 months,1230888.0,2025
2025-10,SENGKANG,4 ROOM,293A,COMPASSVALE CRES,10 TO 12,93.0,Model A,2016,90 years 02 months,705888.0,2025
2026-04,SEMBAWANG,4 ROOM,592A,MONTREAL LINK,13 TO 15,93.0,Model A,2015,88 years,625000.0,2026
2026-01,HOUGANG,4 ROOM,452,HOUGANG AVE 10,07 TO 09,110.0,Model A,1992,65 years 10 months,688000.0,2026
2025-04,BUKIT BATOK,4 ROOM,441C,BT BATOK WEST AVE 8,10 TO 12,92.0,Model A,2019,92 years 11 months,680000.0,2025
2025-06,BUKIT MERAH,3 ROOM,21,TELOK BLANGAH CRES,10 TO 12,76.0,Improved,1975,49 years,443000.0,2025
2026-01,KALLANG/WHAMPOA,5 ROOM,6,BOON KENG RD,10 TO 12,122.0,Improved,1996,69 years 11 months,1120000.0,2026
2025-12,SERANGOON,4 ROOM,234,SERANGOON AVE 3,01 TO 03,84.0,Simplified,1985,58 years 07 months,572000.0,2025
2026-03,PUNGGOL,4 ROOM,308B,PUNGGOL WALK,16 TO 18,92.0,Premium Apartment,2016,89 years,730000.0,2026
2025-08,TAMPINES,3 ROOM,266,TAMPINES ST 21,07 TO 09,78.0,Model A,1984,57 years 11 months,465000.0,2025
2026-01,SEMBAWANG,4 ROOM,509A,WELLINGTON CIRCLE,10 TO 12,90.0,Model A,2004,77 years 08 months,565000.0,2026
2025-09,BUKIT MERAH,3 ROOM,105A,DEPOT RD,07 TO 09,67.0,Model A,2017,91 years 03 months,680000.0,2025
2025-06,BUKIT MERAH,3 ROOM,26C,JLN MEMBINA,10 TO 12,60.0,Model A,2009,82 years 07 months,710000.0,2025
2025-12,TOA PAYOH,4 ROOM,101A,BIDADARI PK DR,13 TO 15,93.0,Model A,2021,94 years 07 months,1125000.0,2025
2025-08,PUNGGOL,3 ROOM,670A,EDGEFIELD PLAINS,13 TO 15,68.0,Premium Apartment,2016,89 years 10 months,558888.0,2025
2026-04,TOA PAYOH,3 ROOM,53,LOR 5 TOA PAYOH,10 TO 12,68.0,Improved,1968,41 years 03 months,373000.0,2026
2025-02,PUNGGOL,4 ROOM,310B,PUNGGOL WALK,07 TO 09,92.0,Premium Apartment,2016,90 years 05 months,720000.0,2025
2026-01,BUKIT BATOK,3 ROOM,217,BT BATOK ST 21,10 TO 12,67.0,New Generation,1984,57 years 11 months,395000.0,2026
2025-04,BEDOK,3 ROOM,213,BEDOK NTH ST 1,01 TO 03,68.0,New Generation,1980,53 years 11 months,462000.0,2025
2025-08,SENGKANG,4 ROOM,329A,ANCHORVALE ST,10 TO 12,92.0,Model A,2015,89 years,710000.0,2025
2025-07,TOA PAYOH,3 ROOM,107,LOR 1 TOA PAYOH,04 TO 06,67.0,Improved,1970,43 years 06 months,380000.0,2025
2026-01,TOA PAYOH,3 ROOM,101A,BIDADARI PK DR,01 TO 03,68.0,Model A,2021,94 years 06 months,788000.0,2026
2025-01,PUNGGOL,3 ROOM,288B,PUNGGOL PL,01 TO 03,70.0,Premium Apartment,2013,87 years 04 months,560000.0,2025
2025-12,JURONG WEST,3 ROOM,433,JURONG WEST ST 42,10 TO 12,74.0,Model A,1985,58 years 02 months,417000.0,2025
2025-02,TOA PAYOH,4 ROOM,106A,BIDADARI PK DR,04 TO 06,94.0,Model A,2020,94 years 08 months,960000.0,2025
2025-12,QUEENSTOWN,4 ROOM,90,DAWSON RD,13 TO 15,95.0,Premium Apartment Loft,2016,89 years 05 months,1250000.0,2025
2025-12,HOUGANG,4 ROOM,365A,UPP SERANGOON RD,07 TO 09,93.0,Model A,2018,91 years 03 months,790000.0,2025
2025-12,PUNGGOL,4 ROOM,683A,EDGEDALE PLAINS,04 TO 06,93.0,Premium Apartment,2018,91 years 08 months,688000.0,2025
2025-10,CHOA CHU KANG,5 ROOM,801D,KEAT HONG CL,10 TO 12,113.0,Improved,2018,91 years 05 months,722500.0,2025
2025-01,BUKIT MERAH,4 ROOM,8A,BOON TIONG RD,07 TO 09,100.0,Model A,2005,79 years 10 months,950000.0,2025
2025-06,TAMPINES,5 ROOM,523A,TAMPINES CTRL 7,07 TO 09,113.0,Improved,2015,89 years 03 months,978888.0,2025
2026-05,SENGKANG,5 ROOM,457A,SENGKANG WEST RD,10 TO 12,113.0,Improved,2020,93 years 04 months,818000.0,2026
2025-05,KALLANG/WHAMPOA,3 ROOM,15,FARRER PK RD,16 TO 18,62.0,Model A,2004,78 years 02 months,650888.0,2025
2025-02,PUNGGOL,5 ROOM,308B,PUNGGOL WALK,16 TO 18,112.0,Premium Apartment,2016,90 years 02 months,880000.0,2025
2025-12,TOA PAYOH,3 ROOM,13,LOR 7 TOA PAYOH,07 TO 09,66.0,Improved,1970,43 years 08 months,388000.0,2025
2025-11,HOUGANG,3 ROOM,109,HOUGANG AVE 1,04 TO 06,80.0,New Generation,1983,56 years 05 months,455000.0,2025
2026-01,BUKIT BATOK,4 ROOM,172,BT BATOK WEST AVE 8,13 TO 15,103.0,Model A,1985,58 years 04 months,555000.0,2026
2025-07,BEDOK,5 ROOM,11,CHAI CHEE RD,13 TO 15,120.0,Improved,2001,74 years 07 months,930000.0,2025
2025-04,SENGKANG,3 ROOM,418A,FERNVALE LINK,19 TO 21,68.0,Model A,2018,92 years 04 months,558000.0,2025
2026-01,WOODLANDS,5 ROOM,683D,WOODLANDS DR 62,04 TO 06,119.0,Premium Apartment,2000,73 years 02 months,658888.0,2026
2026-03,JURONG WEST,3 ROOM,507,JURONG WEST ST 52,01 TO 03,74.0,Model A,1986,59 years 01 month,420000.0,2026
2025-09,WOODLANDS,4 ROOM,185B,WOODLANDS ST 13,01 TO 03,93.0,Model A,2019,93 years 02 months,600000.0,2025
2025-11,ANG MO KIO,4 ROOM,350,ANG MO KIO ST 32,10 TO 12,95.0,Model A,2001,75 years 02 months,831888.0,2025
2025-07,WOODLANDS,3 ROOM,886D,WOODLANDS DR 50,10 TO 12,67.0,Premium Apartment,2015,88 years 08 months,538000.0,2025
2025-03,SENGKANG,4 ROOM,207D,COMPASSVALE LANE,01 TO 03,92.0,Model A,2005,79 years 04 months,575000.0,2025
2026-05,TOA PAYOH,3 ROOM,117,POTONG PASIR AVE 1,13 TO 15,67.0,New Generation,1984,57 years 05 months,444000.0,2026
2026-06,YISHUN,4 ROOM,504C,YISHUN ST 51,10 TO 12,92.0,Model A,2016,88 years 10 months,620000.0,2026
2025-04,SENGKANG,5 ROOM,308A,ANCHORVALE RD,13 TO 15,110.0,Improved,2002,75 years 11 months,645000.0,2025
2026-05,QUEENSTOWN,4 ROOM,168A,QUEENSWAY,13 TO 15,84.0,Improved,1974,47 years 02 months,528000.0,2026
2025-02,BUKIT BATOK,5 ROOM,315,BT BATOK ST 32,04 TO 06,122.0,Improved,1986,60 years 09 months,638000.0,2025
2025-09,SENGKANG,5 ROOM,194,RIVERVALE DR,16 TO 18,111.0,Improved,2001,74 years 09 months,680000.0,2025
2025-05,SEMBAWANG,5 ROOM,470,SEMBAWANG DR,04 TO 06,110.0,Improved,2000,74 years 05 months,580000.0,2025
2026-01,CLEMENTI,3 ROOM,430,CLEMENTI AVE 3,01 TO 03,67.0,New Generation,1979,52 years 10 months,450088.0,2026
2025-07,ANG MO KIO,4 ROOM,307A,ANG MO KIO AVE 1,04 TO 06,95.0,Model A,2012,86 years 02 months,878000.0,2025
2026-04,BUKIT TIMAH,4 ROOM,14,TOH YI DR,07 TO 09,104.0,Model A,1988,61 years 05 months,950000.0,2026
2025-08,TAMPINES,3 ROOM,280,TAMPINES ST 22,01 TO 03,74.0,Model A,1984,57 years 11 months,440000.0,2025
2025-05,YISHUN,4 ROOM,479B,YISHUN ST 42,04 TO 06,93.0,Model A,2021,95 years,588888.0,2025
2026-04,CHOA CHU KANG,4 ROOM,803D,KEAT HONG CL,13 TO 15,93.0,Model A,2017,90 years 02 months,598000.0,2026
2025-03,JURONG WEST,3 ROOM,209,BOON LAY PL,10 TO 12,65.0,Improved,1976,50 years 03 months,345000.0,2025
2025-12,SENGKANG,5 ROOM,274A,COMPASSVALE BOW,10 TO 12,113.0,Improved,2017,90 years 11 months,980000.0,2025
2025-04,CLEMENTI,3 ROOM,429,CLEMENTI AVE 3,10 TO 12,67.0,New Generation,1978,52 years 03 months,438000.0,2025
2026-02,SENGKANG,4 ROOM,313A,ANCHORVALE RD,04 TO 06,92.0,Premium Apartment,2003,76 years 07 months,585000.0,2026
2025-06,BUKIT MERAH,5 ROOM,119B,KIM TIAN RD,22 TO 24,110.0,Improved,2002,76 years 07 months,1080000.0,2025
2026-01,YISHUN,4 ROOM,348A,YISHUN AVE 11,07 TO 09,92.0,DBSS,2013,86 years 09 months,745000.0,2026
2025-12,WOODLANDS,5 ROOM,685C,WOODLANDS DR 73,13 TO 15,113.0,Premium Apartment,2002,76 years 01 month,652888.0,2025
2025-04,HOUGANG,4 ROOM,471B,UPP SERANGOON CRES,16 TO 18,92.0,Model A,2015,89 years 02 months,699888.0,2025
2025-08,YISHUN,4 ROOM,873,YISHUN ST 81,10 TO 12,104.0,Model A,1988,61 years 08 months,616000.0,2025
2025-12,PUNGGOL,5 ROOM,174C,EDGEDALE PLAINS,07 TO 09,110.0,Improved,2004,77 years 01 month,638888.0,2025
2025-04,TOA PAYOH,4 ROOM,106A,BIDADARI PK DR,10 TO 12,94.0,Model A,2020,94 years 04 months,1100000.0,2025
2025-04,CHOA CHU KANG,5 ROOM,484C,CHOA CHU KANG AVE 5,10 TO 12,116.0,Improved,1999,73 years,650000.0,2025
2026-05,SENGKANG,4 ROOM,451B,SENGKANG WEST WAY,13 TO 15,92.0,Model A,2015,88 years 01 month,635000.0,2026
2025-01,CHOA CHU KANG,5 ROOM,690D,CHOA CHU KANG CRES,10 TO 12,110.0,Improved,2003,77 years 09 months,577000.0,2025
2025-08,BUKIT BATOK,3 ROOM,242,BT BATOK EAST AVE 5,07 TO 09,69.0,New Generation,1985,59 years 04 months,427000.0,2025
2026-05,JURONG EAST,4 ROOM,22,TEBAN GDNS RD,04 TO 06,87.0,Model A,2013,86 years 04 months,558888.0,2026
2025-10,BEDOK,5 ROOM,406,BEDOK NTH AVE 3,07 TO 09,118.0,Improved,1980,53 years 10 months,749888.0,2025
2026-02,YISHUN,4 ROOM,504C,YISHUN ST 51,13 TO 15,93.0,Model A,2016,89 years 02 months,622000.0,2026
2026-01,QUEENSTOWN,4 ROOM,22,GHIM MOH LINK,28 TO 30,87.0,Model A,2013,86 years 04 months,1062888.0,2026
2025-01,SERANGOON,4 ROOM,546,SERANGOON NTH AVE 3,10 TO 12,100.0,Model A,1998,72 years 01 month,608000.0,2025
2026-04,HOUGANG,5 ROOM,657,HOUGANG AVE 8,04 TO 06,120.0,Improved,1987,60 years 07 months,691000.0,2026
2025-08,SENGKANG,5 ROOM,291B,COMPASSVALE ST,13 TO 15,110.0,Improved,2002,75 years 06 months,600000.0,2025
2026-02,HOUGANG,3 ROOM,109,HOUGANG AVE 1,04 TO 06,74.0,New Generation,1983,56 years 02 months,425000.0,2026
2026-06,KALLANG/WHAMPOA,3 ROOM,82,WHAMPOA DR,07 TO 09,66.0,Improved,1974,47 years 02 months,405000.0,2026
2026-06,TOA PAYOH,3 ROOM,116,LOR 2 TOA PAYOH,13 TO 15,63.0,Improved,1970,42 years 08 months,345000.0,2026
2025-07,SENGKANG,4 ROOM,275A,COMPASSVALE LINK,10 TO 12,90.0,Premium Apartment,2009,82 years 11 months,842000.0,2025
2025-12,TAMPINES,4 ROOM,604A,TAMPINES AVE 9,13 TO 15,92.0,Model A,2020,93 years 03 months,780000.0,2025
2025-06,TAMPINES,3 ROOM,261,TAMPINES ST 21,01 TO 03,74.0,Model A,1984,58 years 04 months,470000.0,2025
2026-05,JURONG WEST,4 ROOM,668A,JURONG WEST ST 64,07 TO 09,90.0,Model A2,2000,73 years 02 months,560000.0,2026
2026-03,JURONG WEST,3 ROOM,210,BOON LAY PL,01 TO 03,65.0,Improved,1977,50 years 07 months,330000.0,2026
2026-02,CHOA CHU KANG,4 ROOM,490B,CHOA CHU KANG AVE 5,10 TO 12,93.0,Model A,2016,89 years 05 months,603000.0,2026
2025-08,PUNGGOL,4 ROOM,405B,NORTHSHORE DR,01 TO 03,94.0,Model A,2021,94 years 10 months,645000.0,2025
2026-03,JURONG WEST,5 ROOM,940,JURONG WEST ST 91,04 TO 06,121.0,Improved,1989,62 years 03 months,590000.0,2026
2025-12,TOA PAYOH,3 ROOM,101A,BIDADARI PK DR,04 TO 06,68.0,Model A,2021,94 years 07 months,803000.0,2025
2026-04,BUKIT BATOK,3 ROOM,467A,BT BATOK WEST AVE 9,04 TO 06,68.0,Model A,2021,94 years 04 months,490000.0,2026
2025-06,BEDOK,3 ROOM,425,BEDOK NTH RD,04 TO 06,67.0,New Generation,1979,52 years 11 months,440000.0,2025
2025-08,YISHUN,4 ROOM,333A,YISHUN ST 31,10 TO 12,92.0,Model A,2015,89 years 04 months,580000.0,2025
2026-04,YISHUN,4 ROOM,469A,YISHUN ST 43,10 TO 12,93.0,Model A,2019,92 years 07 months,615000.0,2026
2026-05,TAMPINES,4 ROOM,619B,TAMPINES ST 61,04 TO 06,93.0,Model A,2021,94 years 06 months,715000.0,2026
2026-06,WOODLANDS,4 ROOM,137,MARSILING RD,04 TO 06,98.0,New Generation,1985,58 years 04 months,460000.0,2026
2025-11,SEMBAWANG,5 ROOM,504B,MONTREAL DR,10 TO 12,110.0,Improved,2001,74 years 08 months,615000.0,2025
2025-12,GEYLANG,3 ROOM,38,CIRCUIT RD,07 TO 09,60.0,Standard,1971,44 years 02 months,350000.0,2025
2025-04,JURONG EAST,5 ROOM,278,TOH GUAN RD,10 TO 12,120.0,Improved,1998,72 years 08 months,795000.0,2025
2026-04,JURONG WEST,5 ROOM,656B,JURONG WEST ST 61,10 TO 12,111.0,Improved,2001,74 years 04 months,668000.0,2026
2025-03,WOODLANDS,4 ROOM,894C,WOODLANDS DR 50,04 TO 06,100.0,Model A,1996,70 years 06 months,568000.0,2025
2026-01,SENGKANG,3 ROOM,289A,COMPASSVALE CRES,10 TO 12,68.0,Premium Apartment,2017,90 years 11 months,540000.0,2026
2025-04,HOUGANG,3 ROOM,309,HOUGANG AVE 5,07 TO 09,67.0,New Generation,1982,56 years 08 months,450000.0,2025
2025-09,YISHUN,4 ROOM,398,YISHUN RING RD,04 TO 06,104.0,Model A,1988,62 years,550000.0,2025
2026-02,BUKIT BATOK,5 ROOM,452A,BT BATOK WEST AVE 6,13 TO 15,113.0,Improved,2019,92 years 02 months,850000.0,2026
2025-11,BUKIT MERAH,4 ROOM,56,TELOK BLANGAH HTS,04 TO 06,92.0,New Generation,1976,49 years 11 months,530000.0,2025
2025-08,SEMBAWANG,4 ROOM,592B,MONTREAL LINK,10 TO 12,93.0,Model A,2015,88 years 08 months,620000.0,2025
2025-06,KALLANG/WHAMPOA,3 ROOM,57,GEYLANG BAHRU,04 TO 06,65.0,Improved,1974,48 years 02 months,412000.0,2025
2025-09,TAMPINES,5 ROOM,167A,SIMEI LANE,07 TO 09,111.0,DBSS,2011,84 years 06 months,965000.0,2025
2025-10,JURONG EAST,3 ROOM,411,PANDAN GDNS,01 TO 03,72.0,Improved,1979,52 years 08 months,345000.0,2025
2026-05,SEMBAWANG,4 ROOM,365C,SEMBAWANG CRES,04 TO 06,93.0,Model A,2019,91 years 11 months,585000.0,2026
2026-03,KALLANG/WHAMPOA,5 ROOM,14,UPP BOON KENG RD,16 TO 18,123.0,Improved,1999,72 years 03 months,1028888.0,2026
2026-05,BUKIT PANJANG,4 ROOM,621,SENJA RD,13 TO 15,90.0,Model A,2001,74 years 08 months,548000.0,2026
2025-09,CHOA CHU KANG,5 ROOM,546,CHOA CHU KANG ST 52,10 TO 12,132.0,Model A,1995,68 years 05 months,680000.0,2025
2025-01,HOUGANG,3 ROOM,117,HOUGANG AVE 1,04 TO 06,67.0,New Generation,1982,56 years 06 months,380000.0,2025
2025-08,BEDOK,4 ROOM,518,BEDOK NTH AVE 2,10 TO 12,92.0,New Generation,1979,53 years,545000.0,2025
2026-06,BUKIT TIMAH,4 ROOM,5,TOH YI DR,10 TO 12,104.0,Model A,1989,62 years 01 month,925000.0,2026
2025-03,TAMPINES,4 ROOM,133,SIMEI ST 1,10 TO 12,88.0,Simplified,1988,62 years 06 months,570000.0,2025
2026-06,BUKIT MERAH,5 ROOM,126,BT MERAH VIEW,19 TO 21,128.0,Improved,1996,69 years 04 months,1225000.0,2026
2025-08,GEYLANG,3 ROOM,97,JLN DUA,04 TO 06,56.0,Standard,1969,42 years 05 months,370000.0,2025
2025-12,SERANGOON,3 ROOM,306,SERANGOON AVE 2,07 TO 09,60.0,Improved,1985,58 years 03 months,480000.0,2025
2025-02,BUKIT BATOK,3 ROOM,136,BT BATOK WEST AVE 6,04 TO 06,68.0,New Generation,1984,58 years 10 months,410000.0,2025
2025-09,KALLANG/WHAMPOA,3 ROOM,34,WHAMPOA WEST,01 TO 03,68.0,Improved,1972,45 years 05 months,388000.0,2025
2025-01,CLEMENTI,3 ROOM,330,CLEMENTI AVE 2,01 TO 03,67.0,New Generation,1978,52 years 07 months,370000.0,2025
2025-09,TAMPINES,4 ROOM,890C,TAMPINES AVE 1,07 TO 09,93.0,Model A,2015,89 years,801888.0,2025
2026-06,SEMBAWANG,3 ROOM,131C,CANBERRA CRES,04 TO 06,68.0,Model A,2020,93 years 04 months,590000.0,2026
2026-03,BUKIT PANJANG,4 ROOM,550B,SEGAR RD,01 TO 03,92.0,Model A,2015,88 years 10 months,545000.0,2026
2025-08,CHOA CHU KANG,4 ROOM,218,CHOA CHU KANG CTRL,07 TO 09,105.0,Model A,1990,63 years 06 months,590000.0,2025
2025-05,BEDOK,4 ROOM,221A,BEDOK CTRL,07 TO 09,97.0,Model A,2010,84 years,943000.0,2025
2025-02,PASIR RIS,5 ROOM,528B,PASIR RIS ST 51,07 TO 09,113.0,Improved,2015,89 years 06 months,965000.0,2025
2026-04,CHOA CHU KANG,3 ROOM,105,TECK WHYE LANE,01 TO 03,73.0,Model A,1989,62 years 06 months,428000.0,2026
2026-05,JURONG EAST,4 ROOM,251,JURONG EAST ST 24,07 TO 09,90.0,New Generation,1982,55 years 03 months,520000.0,2026
2026-06,YISHUN,4 ROOM,249,YISHUN AVE 9,10 TO 12,105.0,Model A,1985,58 years 02 months,530000.0,2026
2026-04,JURONG WEST,5 ROOM,559,JURONG WEST ST 42,04 TO 06,139.0,Model A-Maisonette,1985,58 years 03 months,655000.0,2026
2026-05,ANG MO KIO,3 ROOM,172,ANG MO KIO AVE 4,04 TO 06,60.0,Improved,1986,58 years 09 months,440000.0,2026
2025-04,PUNGGOL,4 ROOM,615C,EDGEFIELD PLAINS,04 TO 06,92.0,Model A,2012,86 years 09 months,665388.0,2025
2025-07,JURONG EAST,3 ROOM,241,JURONG EAST ST 24,07 TO 09,68.0,New Generation,1983,56 years 08 months,435000.0,2025
2025-08,BUKIT PANJANG,4 ROOM,484,SEGAR RD,04 TO 06,91.0,Premium Apartment,2002,76 years 03 months,510000.0,2025
2025-09,GEYLANG,3 ROOM,40,CIRCUIT RD,01 TO 03,66.0,Standard,1971,44 years 05 months,370000.0,2025
2025-08,WOODLANDS,5 ROOM,640,WOODLANDS RING RD,07 TO 09,120.0,Improved,1999,72 years 11 months,675000.0,2025
2025-06,YISHUN,5 ROOM,334B,YISHUN ST 31,10 TO 12,112.0,Improved,2015,89 years 06 months,715000.0,2025
2026-01,JURONG WEST,5 ROOM,357,YUNG AN RD,04 TO 06,124.0,Improved,1995,68 years 11 months,610000.0,2026
2025-08,TAMPINES,5 ROOM,522C,TAMPINES CTRL 7,04 TO 06,113.0,Improved,2015,89 years,945000.0,2025
2025-07,BUKIT BATOK,4 ROOM,174,BT BATOK WEST AVE 8,01 TO 03,93.0,New Generation,1984,58 years 02 months,490000.0,2025
2026-04,SEMBAWANG,4 ROOM,132B,CANBERRA VIEW,07 TO 09,95.0,Model A,2020,93 years 06 months,828000.0,2026
2025-04,PUNGGOL,5 ROOM,203B,PUNGGOL FIELD,07 TO 09,110.0,Improved,2004,78 years 08 months,676500.0,2025
2026-01,BUKIT BATOK,5 ROOM,453B,BT BATOK WEST AVE 6,10 TO 12,115.0,Improved,2019,92 years 03 months,832500.0,2026
2025-06,BUKIT PANJANG,4 ROOM,635A,SENJA RD,25 TO 27,92.0,Model A,2015,89 years 04 months,702888.0,2025
2025-02,JURONG WEST,3 ROOM,212,BOON LAY PL,07 TO 09,66.0,Improved,1974,48 years 09 months,340000.0,2025
2025-04,KALLANG/WHAMPOA,5 ROOM,57,GEYLANG BAHRU,04 TO 06,150.0,Adjoined flat,1974,48 years 04 months,788000.0,2025
2025-08,YISHUN,4 ROOM,425,YISHUN AVE 11,10 TO 12,84.0,Simplified,1988,62 years,500000.0,2025
2026-02,SEMBAWANG,4 ROOM,360C,ADMIRALTY DR,07 TO 09,95.0,Premium Apartment,2001,74 years 08 months,548000.0,2026
2025-02,YISHUN,4 ROOM,314,YISHUN RING RD,10 TO 12,105.0,Model A,1995,69 years 02 months,555000.0,2025
2026-01,TOA PAYOH,4 ROOM,139B,LOR 1A TOA PAYOH,40 TO 42,91.0,DBSS,2012,85 years 05 months,1110000.0,2026
2026-04,JURONG WEST,5 ROOM,261,BOON LAY DR,13 TO 15,129.0,Model A,1995,68 years 03 months,645000.0,2026
2025-03,BUKIT PANJANG,3 ROOM,486,SEGAR RD,07 TO 09,67.0,Model A,2014,88 years 11 months,498000.0,2025
2025-07,SENGKANG,5 ROOM,141,RIVERVALE ST,16 TO 18,122.0,Improved,1999,72 years 10 months,700000.0,2025
2025-04,HOUGANG,3 ROOM,682,HOUGANG AVE 4,04 TO 06,64.0,Simplified,1989,63 years 05 months,440000.0,2025
2025-12,SERANGOON,3 ROOM,302,SERANGOON AVE 2,07 TO 09,60.0,Improved,1985,58 years 04 months,495000.0,2025
2025-06,TAMPINES,4 ROOM,609D,TAMPINES NTH DR 1,07 TO 09,93.0,Model A,2020,94 years 05 months,790000.0,2025
2025-02,TAMPINES,5 ROOM,298,TAMPINES ST 22,07 TO 09,121.0,Improved,1985,59 years 02 months,670000.0,2025
2025-03,TOA PAYOH,3 ROOM,51,LOR 6 TOA PAYOH,07 TO 09,73.0,Standard,1983,57 years 04 months,435000.0,2025
2026-02,YISHUN,5 ROOM,272,YISHUN ST 22,07 TO 09,122.0,Improved,1987,60 years 04 months,580000.0,2026
2026-04,SERANGOON,3 ROOM,2,LOR LEW LIAN,04 TO 06,64.0,Improved,1983,56 years 03 months,450000.0,2026
2026-01,ANG MO KIO,3 ROOM,633,ANG MO KIO AVE 6,04 TO 06,67.0,New Generation,1985,58 years,450000.0,2026
